P4,O2,P8,T8,C4,Cz,Fz,F4,Fp2,F8,Fp1,F7,F3,C3,T7,P7,P3,O1,Pz
4.345010773,2.875760127,5.724433687,11.44080678,7.113129143,2.108080504,30.8798204,8.13293311,6.955271002,20.27132893,9.910461821,3.471862278,1.420137697,0.427808326,3.03743323,-1.268063959,-0.493718587,-2.664553579,1.547555306
7.132362177,5.379622524,8.197854862,15.60304941,5.946686647,1.586263834,12.35473976,11.1459977,16.23124841,15.22923299,12.37317393,-0.698486221,-2.317350407,-1.624227981,5.935334894,4.861313999,1.029752533,-0.721882167,3.516880774
8.998081871,7.973445557,9.527674213,16.82975564,4.281738557,1.190453072,-0.692352507,12.28591956,25.82014086,11.78370146,15.7986156,-5.195899287,-5.626101647,-2.07259388,8.849025141,13.76750717,3.941989979,2.649507988,5.867329156
9.499495949,9.328102694,9.553214667,14.36662087,2.796842741,1.402922608,-2.601601847,10.96266317,31.6421319,10.69005443,19.11903554,-8.30714696,-6.941228473,-0.989766048,9.325665801,21.62872864,7.138311294,5.495968526,7.660914792
8.917303709,8.454536249,8.895808599,9.685348463,1.91126138,2.255643706,3.488285111,7.702561868,31.26220462,11.61104885,19.76284579,-8.991442973,-6.111968795,0.594925789,6.113336227,24.96085341,9.433570897,6.339621641,8.196722155
7.900607605,5.367703368,8.25876184,5.482288766,1.72569546,3.339025126,9.390386435,3.991957764,25.29960236,13.30990587,16.02311795,-7.301407105,-4.208636621,1.421693055,0.256989238,22.17981892,10.19725364,5.057266178,7.436055226
6.899161618,1.085996009,7.656391129,3.549211568,2.078521216,4.106618607,8.931493392,1.464270279,17.04355123,13.84817729,9.115450671,-4.17466126,-2.521280677,0.838282419,-5.446908751,14.20930439,9.544106716,2.662041252,5.936329031
5.831461699,-3.058445803,6.293661837,3.218172568,2.636799594,4.21192989,2.551367086,0.97827786,10.54316539,11.2675936,2.936937832,-0.734118922,-1.578801891,-0.840773873,-8.201754504,4.057868689,8.003251727,0.275645858,4.346769116
4.225649699,-6.274478907,3.24841828,1.790023244,3.005414021,3.636744582,-3.919248897,2.228544679,8.348478652,4.860558143,1.439724709,2.388370669,-0.93310078,-2.667716578,-6.870666575,-4.411568412,5.987785555,-1.788894107,2.876916201
1.683515067,-8.675247035,-1.610329011,-3.17280796,2.870919249,2.573967369,-4.736240633,4.134192774,10.27037653,-3.741642042,5.63900659,5.206074648,0.217784541,-3.792340673,-2.429346013,-8.124383838,3.502946438,-4.068226665,1.166623097
-1.727205245,-10.90158233,-7.267754121,-11.41249217,2.150207001,1.224266808,0.887372894,5.675274417,13.87577484,-10.81069455,12.73855617,7.93631694,2.178141316,-4.031678645,2.913548377,-6.236776621,0.296971724,-7.142098367,-1.347729084
-5.460254314,-13.36815229,-12.1092081,-19.46104974,1.047094652,-0.302128186,8.471347432,6.534017206,16.32312457,-12.47097626,18.20124213,10.38897573,4.419805286,-3.880703109,7.107770634,-0.613629211,-3.710233013,-10.7569541,-4.876973615
-8.835826777,-15.79189229,-14.94573321,-22.75905215,-0.06618434,-1.92076793,12.38169641,7.086072498,16.27117396,-7.290627647,19.16568828,11.76112006,6.012453539,-4.004822286,9.159702078,5.157887506,-8.090509495,-13.71895206,-8.976227581
-11.43242459,-17.39523563,-15.70294644,-19.03634954,-0.903569825,-3.450348788,10.55546036,7.815270532,14.55680155,2.386885577,16.4607669,11.08361,6.393433656,-4.633479235,9.126998385,7.89349899,-11.93604216,-14.71801314,-12.71601291
-13.20647158,-17.58266006,-15.26176643,-10.3994148,-1.480894845,-4.584409033,5.799702136,8.673241718,13.20874763,11.57476197,13.59674325,8.017172835,5.785159353,-5.321407524,7.562401207,6.812800322,-14.23881878,-13.4125762,-15.17200839
-14.28500215,-16.4859326,-14.66525609,-2.336981317,-2.106422464,-5.013112163,2.820907811,8.926632806,13.5758592,15.60970362,13.59903994,3.376985812,4.917449497,-5.248051941,5.046662973,3.934887746,-14.36692589,-10.83976462,-15.86404099
-14.67422451,-14.90616472,-14.41154948,-0.122635211,-3.118886962,-4.608887181,3.84394247,7.628561625,15.03124799,12.84829894,16.32709041,-1.065826878,4.343456131,-3.822886433,2.13014202,2.357194095,-12.35298406,-8.755722533,-14.87464761
-14.19443092,-13.72015057,-14.40522309,-5.159983559,-4.562795423,-3.530023998,6.717808047,4.351676634,15.31636673,5.173947127,18.50726543,-3.43772142,3.984524983,-1.151322966,-0.510629967,3.547624708,-8.865011748,-8.402748188,-12.66558964
-12.73046283,-13.27976423,-14.49385283,-14.02167016,-6.075871056,-2.163096597,7.04295591,-0.377809142,12.3411038,-3.843860698,16.45895951,-2.74054932,3.305905243,1.967238326,-2.090649598,5.798418805,-4.922000454,-9.684364969,-9.819937021
-10.57222409,-13.31030779,-14.96962197,-20.9974968,-7.116702413,-0.949806376,2.294829222,-5.261950057,6.07344701,-11.44371359,9.281996352,0.643866327,1.938866743,4.494846434,-2.044890321,5.345221644,-1.516728016,-11.39179627,-6.905796857
-8.49400911,-13.34087397,-16.46603321,-22.2994919,-7.378877338,-0.216946528,-5.725848566,-8.874570678,-1.020184261,-16.77997254,-0.084393571,5.179309547,0.160072794,5.737279403,-0.418265928,-0.407968696,0.701594773,-12.25192457,-4.460703954
-7.410323669,-13.21665157,-19.27866448,-18.73945322,-7.053932304,-0.098533248,-12.19715981,-10.29659112,-5.468984399,-20.04037776,-6.775383245,8.929942428,-1.224252737,5.662308691,2.047680154,-10.03491665,1.589557554,-11.90081241,-2.952282447
-7.80519318,-13.19347564,-22.73568518,-14.80375998,-6.695289928,-0.55093912,-13.11408034,-9.348292311,-5.188365104,-20.8624062,-7.360682847,10.39702648,-1.495843607,4.775281721,4.249317129,-18.15356119,1.473345762,-10.99058071,-2.624858124
-9.362097022,-13.54076041,-25.28154523,-14.82164336,-6.754041702,-1.402565806,-8.338948434,-6.393348583,-0.938484951,-17.93786422,-2.060563271,9.064743266,-0.592465635,3.693438042,5.256378894,-18.8519263,0.922524594,-10.41046405,-3.326149352
-11.11607719,-14.07875004,-25.3565278,-19.23117075,-7.153597245,-2.394550914,-1.379695724,-2.021942107,4.338926153,-10.43433608,5.74464603,5.526309451,0.880898406,2.753543493,4.721226213,-10.14165163,0.418438287,-10.37079159,-4.51684504
-12.07097675,-14.17056991,-22.45431313,-23.95563046,-7.283825524,-3.224177784,3.685573363,3.064091193,7.848443696,0.093461745,12.10037174,1.247114018,2.201291744,1.922994013,3.004389263,4.038898794,0.08047749,-10.19643383,-5.560022606
-11.86248019,-13.26759189,-17.53754774,-23.5300364,-6.482265406,-3.626479991,5.349740971,7.932542566,9.104671661,9.40961861,15.03488475,-1.940638388,3.132349144,1.02552243,1.063919824,16.12070238,-0.379629004,-9.023211056,-6.139049607
-10.98897364,-11.54316377,-12.47780515,-15.6571217,-4.661039796,-3.488993046,5.260155172,11.35014045,10.15238299,12.78250414,15.24999296,-2.529215358,4.02629664,0.043856539,0.173644753,20.04109632,-1.421626226,-6.760739549,-6.488207345
-10.43293236,-9.978453295,-8.952661288,-3.633391978,-2.567935614,-2.930389277,6.024673969,12.06825839,13.58436131,8.256315022,14.78586265,-0.054578453,5.32193852,-0.784708215,1.428984733,15.39383521,-3.294246071,-4.410558925,-7.213373037
-10.93364183,-9.688335004,-7.628791954,5.410765787,-1.4046854,-2.260590912,8.449078566,9.459247627,19.9251326,-1.619908659,15.07800034,4.468250563,6.899619553,-1.173743008,5.039775624,7.361082014,-5.765180849,-3.364574352,-8.783781158
-12.42068882,-10.95842668,-8.16254622,5.363687227,-2.010702186,-1.810643969,10.7544473,4.103314823,26.5867027,-11.22339939,16.04587014,8.755344637,7.918338209,-1.114242771,9.715907689,2.441301062,-8.162893573,-4.207381639,-11.04991044
-13.99687851,-12.80316151,-9.838504509,-4.414837968,-4.186138153,-1.72681227,10.39394857,-2.185687724,29.44582691,-15.55184664,16.71382365,10.23552964,7.366122974,-1.01076469,12.74836433,3.337476835,-9.71081083,-6.033218574,-13.15539324
-14.46838618,-13.50858693,-12.17040793,-18.33244825,-6.675228022,-1.872849991,6.704249441,-7.085432219,25.98387565,-13.39332265,16.49080782,7.447895204,4.93048525,-1.447962909,11.21042943,7.078275517,-9.920836143,-6.926733536,-13.93937908
-13.05199173,-11.83676013,-14.92676928,-28.11524655,-7.875748277,-1.92326751,1.913630841,-8.887632971,17.55102053,-7.577954832,15.81664184,1.081861919,1.476013197,-2.716344193,3.917001365,7.852521321,-8.779798429,-5.324421193,-12.57759622
-9.802555507,-7.988919296,-17.66138278,-28.16181984,-6.814882016,-1.595679026,-0.450098015,-7.321665458,8.845242077,-2.298113599,15.65591564,-6.092673818,-1.316386816,-4.465762928,-7.102805009,2.203210862,-6.639349951,-1.236330868,-9.051158969
-5.533955802,-3.558611296,-19.34755921,-18.94444137,-3.731849526,-0.864601825,1.622474132,-3.535987051,4.811527058,0.172782116,16.46113581,-10.57827332,-1.948817178,-5.813431568,-16.98751058,-7.712930239,-3.956116451,3.621206342,-4.169844177
-1.358681078,-0.475917606,-18.65308502,-6.219940284,0.113701324,-0.006883471,7.016740136,0.741321293,7.231949736,0.714639525,17.67275852,-10.12320515,-0.043184808,-5.907811855,-20.58701309,-15.5201739,-1.120357891,6.902248995,0.814689465
1.81443364,0.265604123,-14.7986018,3.118803241,3.241102571,0.553431721,12.44859916,4.278389082,13.62031669,1.814394539,18.23598625,-5.128524892,3.445359658,-4.574768858,-15.80585025,-15.57752079,1.516605867,7.119687005,4.730678517
3.534703815,-0.857612867,-8.349177237,5.427473264,4.782257497,0.494459329,15.10916346,6.928774715,19.30837184,4.914776174,17.61718999,1.473455651,6.863280041,-2.551190689,-5.408876786,-7.480516662,3.52692877,4.469354429,6.852064293
3.758029561,-2.467099108,-1.24071816,1.927029512,4.801096062,-0.223809301,14.74467361,9.39627718,21.12575241,9.121132488,16.34690253,5.91417383,8.867244677,-1.073812175,4.320607596,3.514174048,4.412459108,0.469007461,6.986826316
2.643241444,-3.44764715,4.092622094,-3.17846159,3.964733133,-1.354504484,13.51241792,12.44320395,19.79732037,12.2832297,15.59200805,5.860710214,9.120402333,-1.067877197,7.516051228,10.4213119,3.816717624,-3.198051202,5.354593338
0.394712537,-3.772511449,5.918813147,-6.236262228,2.903173922,-2.516505266,13.91290404,16.17387982,19.1592027,13.19770491,16.17657151,1.824137492,8.283258674,-2.510660204,2.644413188,9.584351739,1.790299683,-5.712215776,2.391924481
-2.765279316,-4.382247642,3.918606521,-6.540312746,1.769825541,-3.394195255,16.66954772,19.89273159,22.79625895,12.69250176,17.957246,-3.224598348,7.428397504,-4.452330379,-6.463229017,2.842352005,-1.155796881,-7.323561986,-1.422370423
-6.553110212,-6.302579805,-0.995920602,-6.029856119,0.292286306,-3.866758646,20.30222531,22.5516027,30.76505265,12.53345319,20.08452575,-5.791496019,7.352567945,-5.701593421,-13.36866758,-4.683728523,-4.329007791,-8.767788495,-5.695478063
-10.61136977,-9.771667275,-7.449261565,-6.988858582,-1.809908554,-4.015181969,22.55742024,23.37108492,39.04511608,13.28345529,21.83243101,-4.068545109,8.216554828,-5.676189899,-13.64652868,-9.033462458,-7.287434071,-10.52037907,-10.18589488
-14.56005978,-14.06310698,-14.2613493,-9.888266754,-4.43226466,-4.033437491,22.28711242,22.17271568,42.25107485,13.34620989,23.16904425,1.045332194,9.627722029,-4.777855734,-7.947435658,-10.23733603,-10.06436577,-12.5138341,-14.76552168
-18.05492597,-18.05579697,-20.54541971,-13.11517605,-7.04176157,-4.109450808,20.15375864,19.2798836,37.58684953,10.35246636,24.53568317,6.744384689,10.98066331,-4.006412774,-1.194042144,-11.30568981,-12.95330744,-14.42128036,-19.26064407
-20.78753138,-20.98548173,-25.41387514,-14.59666119,-8.994098297,-4.333592373,17.73638361,15.21860486,27.03111859,3.759800364,26.09975798,10.30698546,11.78973121,-4.116779668,1.445988536,-14.57919844,-15.98974268,-16.08154656,-23.25108755
-22.44120612,-22.73292905,-27.86630178,-13.76196171,-9.936015457,-4.664062653,16.0447137,10.54636419,16.08218203,-3.811411725,27.27429006,10.84584909,11.86270702,-4.985700754,-1.344739397,-18.90704434,-18.568394,-17.57528007,-26.00056502
-22.69526049,-23.48757483,-27.22933515,-12.13052139,-9.979032124,-4.95498175,14.83502193,5.905246904,10.00386327,-8.042653547,27.04915117,9.620316766,11.31394895,-5.696159148,-6.076615808,-20.29160623,-19.58894952,-18.87909525,-26.66182199
-21.34970773,-23.21156671,-23.87689647,-12.06727332,-9.542723894,-5.03643603,13.22271146,2.090950886,10.36846908,-6.234798267,24.88737814,8.802897343,10.47343183,-5.281039095,-7.351556896,-15.49388618,-18.12463556,-19.50364896,-24.71637205
-18.52134809,-21.48985891,-19.48700946,-14.78313619,-9.028500854,-4.81580805,10.83401256,-0.129390805,14.38411697,0.274402309,21.35487268,9.722833836,9.728833501,-3.538943823,-2.271955377,-5.396334086,-14.16106895,-18.59598847,-20.39086801
-14.74645201,-17.95795262,-16.29394,-19.2193809,-8.583664067,-4.348790424,8.30788725,-0.452708607,17.32579394,6.772837376,17.83963048,11.9382214,9.332482789,-1.268974493,7.161907472,4.974996747,-8.832029634,-15.57034299,-14.73122355
-10.84074413,-12.92037036,-15.60269313,-22.66900911,-8.096523132,-3.828643905,6.683627007,0.610270976,16.08568685,8.550599775,15.5280495,13.78302365,9.251783104,0.272882362,15.53863597,10.03346617,-3.912496547,-10.7955182,-9.204219656
-7.536019058,-7.541136544,-16.60552973,-22.59282297,-7.358973052,-3.482225376,6.332192705,1.874553668,11.17359114,4.308812725,14.50579515,13.85810553,9.175273314,0.276355292,18.15416406,7.949117029,-0.876039033,-5.707839219,-5.024329523
-5.113370827,-3.321649223,-16.56992688,-18.2349067,-6.227014614,-3.426776268,6.524900796,2.175181341,5.860045609,-3.117486276,13.78865694,12.21143211,8.719971471,-1.064284853,14.44746704,2.084548815,-0.156051626,-2.115524659,-2.623694991
-3.309505625,-1.197430852,-12.58867523,-10.93931116,-4.672731665,-3.58423707,6.094363307,1.189588114,3.398058741,-9.151818283,12.29559764,10.24708273,7.731191426,-2.760392233,8.085273543,-1.754679267,-1.101233383,-1.108704618,-1.607814666
-1.60520408,-0.947381,-3.873714642,-3.150845883,-2.76164021,-3.725298097,4.57141801,-0.251834755,4.613767809,-10.81938935,9.943826569,9.469695154,6.453735119,-3.820342052,3.796008689,-0.106471074,-2.599554432,-2.352685777,-1.204759934
0.28314094,-1.396679887,7.038453883,2.990347438,-0.655263102,-3.627599844,2.709783002,-0.699130344,7.652488295,-8.256610484,7.910864484,10.14226072,5.413334927,-3.981425375,3.643082032,5.196597818,-3.867102603,-4.304960699,-0.868281177
2.073774686,-1.277423381,15.25626586,6.468060028,1.331650606,-3.242564114,1.878867423,0.845785009,9.835636951,-3.444902889,7.797299859,11.01464458,5.06614178,-3.810224884,5.74408039,8.352068314,-4.826143235,-5.23006796,-0.601327339
3.031760084,-0.100357842,16.33167635,7.308500582,2.711385105,-2.747329557,2.866421729,4.092857933,9.945692593,2.208531717,10.34408875,10.39309703,5.477884682,-4.124522771,6.310993889,4.218683892,-5.865701328,-4.307833269,-0.797742975
2.483543533,1.598230279,9.191975069,6.037613495,2.960613722,-2.435808131,5.183553488,7.524596435,9.068886937,8.903258165,14.72627585,7.687939381,6.293486344,-5.237217872,3.141446173,-7.343264554,-7.273107752,-2.081088383,-1.773144705
0.372437571,2.763460424,-2.769979401,3.313637283,1.811005744,-2.522226057,7.494391113,9.365975829,9.423662011,17.10303221,18.96817237,4.135571977,7.028924879,-6.649286376,-2.399424095,-20.79317297,-8.848333429,0.013162255,-3.380194615
-2.572437487,2.63684078,-13.34567533,-0.044468589,-0.48624593,-2.998629679,8.751667733,8.775812236,12.25908234,25.35136186,21.13456439,2.026787831,7.444814193,-7.433673821,-6.483553757,-28.43893123,-10.00797192,0.639081116,-5.012363517
-5.216449541,1.250471237,-17.02993137,-2.946593727,-3.155817857,-3.647909634,8.983677032,6.378474808,16.59459797,29.82782848,20.40015518,2.986672042,7.686117337,-6.982744758,-5.980475684,-25.57013008,-10.25051116,-0.619277863,-5.980155143
-6.700919398,-0.708075318,-12.25468686,-4.268031218,-5.235904461,-4.195018852,9.031816351,3.740514185,19.81513628,26.70055223,17.29877931,6.652786865,8.072404107,-5.506059434,-1.008826925,-13.5208414,-9.560251588,-3.110191227,-5.955610479
-6.935555167,-2.449265493,-2.27969769,-3.468790726,-6.080205047,-4.47547141,9.535956185,2.195358559,19.61847423,15.55413068,13.1564759,10.81818679,8.730556915,-3.884367829,5.159463731,1.343750368,-8.405001399,-5.617628375,-5.14621708
-6.538305295,-3.5608735,6.85896436,-1.13786273,-5.689925106,-4.49471714,10.16670662,1.908453107,15.76512198,0.758784452,9.281526123,12.9544809,9.404047429,-3.013043817,8.633028849,11.7547151,-7.343266148,-7.085333288,-4.08799554
-6.272600553,-4.073462545,10.05721498,1.089991131,-4.637134138,-4.347172122,9.857049987,1.873449056,10.28793752,-10.90936471,6.4838523,11.93769178,9.616997206,-3.16532831,7.729392805,13.81113567,-6.583974306,-7.090340711,-3.24341633
-6.418616905,-4.175792528,6.153524726,1.368166318,-3.634299385,-4.079598206,7.830836836,0.802532943,6.045700526,-14.8765084,5.046287436,8.655425748,9.051817932,-3.860600696,3.886991956,8.683168418,-5.866985362,-5.870624057,-2.718990032
-6.569073132,-3.923825884,-1.649296706,-1.250811637,-3.069246145,-3.624581888,4.461984762,-1.802257889,4.755426909,-11.93166117,4.869004414,5.091743556,7.804452204,-4.297639053,0.163066073,1.06780525,-4.751703475,-4.032948149,-2.294003936
-6.008129172,-3.219180572,-8.139226118,-6.156609173,-2.843333548,-2.864489901,1.141244881,-5.211684786,5.96750631,-7.215191343,5.521820588,2.708281278,6.29250418,-3.972515187,-1.228974344,-4.126616325,-3.060919288,-2.198296368,-1.693085441
-4.366762614,-2.02241813,-9.594324861,-11.40545198,-2.601294332,-1.771915672,-0.757233986,-7.953578461,7.669764211,-5.735459044,6.262584352,1.464665014,4.912141221,-2.997153162,-0.308919447,-4.56530182,-1.107303717,-0.759278669,-0.852775136
-2.017209603,-0.525954604,-6.06712569,-14.65772322,-2.124162698,-0.505685157,-0.884157732,-8.792166452,7.971692455,-8.116609186,6.28461515,0.232270359,3.774789911,-1.920239801,1.262278512,-1.209244992,0.48510567,0.222372934,0.039619879
0.134944183,0.93645247,-0.956372096,-14.23382763,-1.533699023,0.624057359,0.001815469,-7.441926097,6.565758811,-10.19708232,5.257789524,-1.837410003,2.778930069,-1.260443227,1.942556061,3.027752328,1.226670016,1.012027595,0.756648027
1.322642261,2.185770032,1.753350187,-9.733123344,-1.132238942,1.304043931,0.916186117,-4.535707884,4.904062667,-6.876405561,3.803151579,-4.223761961,1.943930042,-1.152274967,1.598432493,5.503200116,1.133385032,2.09481938,1.306193127
1.526456404,3.409651974,0.579993006,-2.050892251,-1.030745326,1.375317981,1.642386808,-0.992765656,5.02256809,3.048645633,3.369141063,-5.205326171,1.653399834,-1.350531904,1.336994589,5.508012497,0.745566126,3.947607444,2.030547556
1.512585728,5.045183913,-2.287741586,7.000498458,-0.920984848,0.895080665,2.889048269,2.622131085,7.92955365,15.24323302,5.34927763,-3.188047266,2.500266324,-1.511471873,2.283731178,4.479758313,0.778408722,6.741264172,3.414928365
2.219337676,7.375348076,-2.652729709,15.18308862,-0.244459499,0.07659091,5.45756407,6.234434867,12.75117596,22.90689625,9.95549402,1.889767198,4.783331791,-1.463119609,4.553759464,4.778904893,1.643283246,10.13092786,5.703746807
3.927771257,10.15414853,2.315737276,20.32996338,1.325593307,-0.831314167,9.214001343,9.8682978,17.24249319,22.0616267,15.73050144,8.240318096,8.067341686,-1.248779614,7.295908811,7.829734897,3.151230377,13.3070364,8.57260337
5.855482813,12.58351227,11.42370105,20.89844307,3.467686735,-1.636204422,12.87486257,13.17215125,19.28255992,14.63976749,20.22581243,13.28939573,11.24407244,-0.973394692,9.586535125,12.8041568,4.577689572,15.33724499,11.09507547
6.533387789,13.69658391,19.57070717,16.56594995,5.239764311,-2.22204162,14.88792,15.35754357,18.2858016,6.801788935,21.4914434,15.32130692,13.15711787,-0.657549728,11.19594475,16.79880477,5.043572251,15.61708539,12.08364207
4.7603121,12.88665195,20.83257783,8.626714229,5.613639313,-2.521967648,14.67775945,15.66463476,15.54373112,3.949591488,19.33070581,14.48272672,13.37146907,-0.256450998,12.50081519,16.6126569,3.996730359,14.1459982,10.66649135
0.495007251,10.22263938,12.57130862,-0.17632545,4.181798316,-2.498156681,13.1597675,13.99357228,13.2812714,6.66011855,15.3881137,12.46741069,12.49440256,0.198228617,13.73787209,11.12391296,1.538442247,11.46096194,6.806206815
-4.938834392,6.377447895,-2.252979402,-6.560615968,1.534419423,-2.155165301,12.05033609,11.17588475,13.12005434,10.88734873,12.01911966,11.22492585,11.76299658,0.516673464,14.45111044,2.602623806,-1.575689768,8.310904898,1.459952065
-9.502904688,2.286650466,-16.34606453,-8.08931988,-0.993734661,-1.564467509,12.55602869,8.628902403,15.0489906,12.05589907,10.82735167,11.69948022,12.17737306,0.453201295,13.75580143,-4.265477342,-4.276187609,5.331247144,-3.759160301
-11.54923615,-1.198034071,-22.34345046,-4.379291073,-2.075846264,-0.859830242,14.55717768,7.604639329,17.62106663,9.336815774,11.96218359,13.43799545,13.82158196,-0.081421531,11.1909902,-5.356646185,-5.713127999,2.927462286,-7.299204495
-10.69180822,-3.489108703,-17.40847838,2.552972801,-1.166999094,-0.192153895,16.93485118,8.534954964,19.19011909,6.3288691,14.57281234,15.14918395,15.87212313,-0.906122272,7.314705862,-0.171075124,-5.720358862,1.35124119,-8.413945903
-7.929678065,-4.307987594,-5.132018053,9.097918376,1.194299809,0.324352578,18.65772285,10.88028676,19.22235196,7.587267112,17.82256214,15.6237542,17.25583529,-1.690479752,3.419751463,7.363623091,-4.945041074,0.769156874,-7.521793426
-4.993271533,-3.719360309,6.62133984,11.70190996,3.733361919,0.632228067,19.5917991,13.51961381,18.64937,14.1191663,21.44897104,14.34178446,17.42015583,-2.225324308,0.591725089,11.30085763,-4.519590097,1.164024382,-5.94089532
-3.346584017,-2.184668305,10.62717288,8.586077277,5.193347471,0.709599478,20.31097457,15.37706294,18.9573168,21.90039372,25.3758469,11.53036984,16.62143396,-2.596655749,-1.028196353,7.856030756,-5.402693795,2.141732802,-5.106289648
-3.431500581,-0.507234354,4.830779512,0.688009354,5.020450789,0.545360956,21.16515408,15.89944729,20.71394943,24.85946187,28.8656694,7.902786875,15.55562469,-3.081093956,-2.101270471,-1.660757449,-7.742594981,2.908794525,-5.698876601
-4.538285789,0.466887092,-6.442479358,-8.675971783,3.589920917,0.153859343,21.58742259,15.17678673,22.74934043,19.89285089,30.2346164,4.397425401,14.6938742,-3.830096236,-3.238590018,-11.52860842,-10.65960511,2.61563175,-7.208709067
-5.303894874,0.322732225,-15.37507427,-15.33218601,1.895364506,-0.373935949,20.40789131,13.74662632,22.77613016,9.671411254,27.70671245,1.975523387,13.89909991,-4.622828996,-4.295668164,-15.65562162,-12.63521214,0.939175581,-8.227099414
-4.520003659,-0.592173077,-15.74769563,-16.27354324,0.939212426,-0.841805525,16.97409055,12.25918526,19.12251701,0.811428057,20.9049837,1.317246616,12.62751492,-4.940399047,-4.536807826,-12.05310157,-12.33234351,-1.524477684,-7.327241679
-1.824582039,-1.317334781,-6.920656233,-11.19979515,1.191769249,-1.006653007,12.05076209,11.16765075,12.29129669,-1.150324149,11.72159343,2.375541053,10.50834346,-4.351036215,-3.544451822,-4.306187755,-9.385261783,-3.464038428,-4.017194311
2.045301159,-0.941059582,5.834359698,-2.743500881,2.391177846,-0.723206139,7.574680258,10.5371286,5.046897343,4.095900713,3.612350848,4.088486408,7.781712066,-2.915776751,-1.987572409,1.182625838,-4.691807978,-3.655784189,0.818508989
5.539675851,0.628449985,14.77513577,4.833657123,3.737745214,-0.085825704,5.324303486,10.02386347,0.773721676,11.65841416,-0.431673902,4.687997471,5.212839359,-1.273971438,-1.423408515,0.093563122,-0.034771239,-1.867521001,5.272784381
6.984967455,2.376549869,14.58546783,7.866608697,4.335965528,0.553842349,5.565556071,9.054451931,1.200256783,15.48292453,0.162040727,2.692942538,3.556140317,-0.3036211,-3.162638668,-6.598672392,2.739754138,0.808362374,7.366538568
5.366554326,2.699282269,5.552077736,5.242976269,3.64650112,0.747202819,6.840403458,7.167099174,5.179214582,13.04896391,3.163267097,-1.955662988,3.020530048,-0.584023159,-7.10510369,-13.62465057,2.520227044,2.516330851,6.039912289
0.839711193,0.455688627,-6.916955743,-1.039730204,1.738560585,0.212538171,7.137908101,4.355304893,9.510486847,7.032118991,5.11043625,-7.498710375,3.172487631,-2.043241683,-11.54348181,-15.76749342,-0.693325963,1.770256372,1.624410226
-5.292311632,-4.166343593,-15.92665981,-7.073066348,-0.758540824,-0.964383337,5.511153195,1.178698659,11.26013462,2.877620472,3.745074561,-11.21058782,3.333725079,-4.025900145,-14.14355119,-11.97565264,-5.931540228,-1.613541917,-4.423750324
-11.14458566,-9.621005982,-17.3767421,-9.288189067,-2.967140868,-2.33662759,2.801727537,-1.50244403,9.843678121,4.510570243,-0.460617534,-11.09617763,3.118803831,-5.696519585,-13.34861754,-5.881106206,-11.7195716,-6.42795901,-10.29859479
-15.08087684,-13.87417752,-12.12042779,-6.392153795,-4.178009707,-3.321162671,0.870169479,-3.057150163,7.277521627,11.63694381,-4.778370604,-7.286351249,2.661605853,-6.466016568,-9.170022608,-2.384254485,-16.56701836,-10.8534416,-14.63060607
-16.36495431,-15.56405213,-4.789906328,0.15339514,-4.160603255,-3.506301638,0.983836922,-3.525609281,6.410814636,20.4646868,-6.292152831,-2.069142199,2.366343622,-6.166819689,-2.92430079,-3.283029251,-19.30375947,-13.49011949,-16.85761332
-15.28629116,-14.62701962,-0.335366695,7.269922478,-3.207202822,-2.849853968,2.713428346,-3.618257808,8.543562023,26.79659845,-3.991747319,1.563717242,2.431733396,-4.944437739,3.639296092,-5.731114048,-19.26066167,-13.89395479,-17.08105179
-12.74042126,-11.98798803,-0.747371582,12.12000544,-1.899406864,-1.654663798,4.245890549,-4.213522289,12.33066085,28.78222559,0.613896129,1.864761156,2.582621652,-3.054025253,9.02658687,-4.887123066,-16.37164253,-12.33456862,-15.64982009
-9.594684198,-8.654330231,-4.122001984,13.42648607,-0.752983732,-0.360701103,3.827782569,-5.690643358,14.83772009,27.3603628,4.685995807,-0.61714364,2.252748612,-0.766379967,12.14223946,1.511942291,-11.2138373,-9.165100877,-12.84111068
-6.291182691,-5.008427151,-6.493994451,11.55691222,0.027111777,0.693109816,1.131808816,-7.604372469,13.87077392,24.63124864,6.032360182,-3.617262524,1.06833485,1.583907394,12.22043193,10.65478548,-4.913182533,-4.493756215,-8.858951527
-2.927873178,-0.884137246,-4.955737412,7.675553043,0.531590408,1.386927531,-2.546548143,-8.979669048,9.673923313,22.01217142,4.388258539,-4.888389301,-0.777357687,3.548824596,9.05826883,16.543766,1.1462064,1.492076459,-4.080395416
0.334223512,3.696782153,0.198993417,2.878314169,0.915954471,1.773687847,-5.344289483,-9.027007837,4.635469487,19.7681476,1.20214434,-3.771480446,-2.57924572,4.660188291,3.542223248,14.82803516,5.741806872,7.883035995,0.731658989
2.958437668,7.866249836,5.752032952,-2.009059079,1.164549343,1.945176052,-6.201570094,-7.731879914,1.318249303,17.88675111,-1.673492287,-1.469135127,-3.571966606,4.647927918,-2.192887565,6.528432841,8.165372797,12.83367596,4.509903547
4.155521454,10.04859776,7.940372755,-6.086854526,1.063660127,1.932482546,-5.436636254,-5.854967512,0.526956071,16.94822632,-3.243815113,0.084399949,-3.425451517,3.606458493,-5.608719368,-2.597561722,8.320837152,14.25314003,6.288947614
3.405304247,8.945439483,5.171528687,-8.194951451,0.423179584,1.709516062,-4.173094969,-4.346115913,1.05139586,17.83148249,-3.676822713,-0.191208357,-2.409010789,1.943221507,-5.38443691,-6.677357467,6.545723242,11.09431662,5.699195708
0.965785189,4.637080804,-0.843693433,-7.400162906,-0.635245938,1.271411883,-3.253160773,-3.650969569,1.229445344,20.47692715,-3.645296647,-1.708679534,-1.127714775,0.125718579,-2.628158136,-4.540112151,3.327616252,4.29449079,3.20549683
-2.092776657,-1.144376566,-6.276980069,-3.887598712,-1.591630148,0.701113429,-2.628595976,-3.475192961,0.840176844,23.06939533,-3.467025369,-2.742551571,-0.075509935,-1.572644662,-0.456980555,-0.656108986,-0.860283387,-3.482233903,-0.108344038
-4.450864259,-5.933220649,-7.791586245,0.624997683,-1.775123272,0.158372476,-1.694207585,-3.185924869,1.505678854,22.76829777,-2.836529204,-1.8393283,0.628654916,-3.121598177,-1.889407362,-1.301087446,-5.519296424,-9.304214067,-3.10573942
-5.344497187,-8.054212114,-4.746753353,3.607251904,-0.812693025,-0.201366593,-0.142256559,-2.490707756,5.092373048,17.70266243,-1.303572189,0.972383256,1.139862533,-4.55916767,-7.491911267,-9.065881991,-10.0046057,-11.67777495,-5.16049171
-5.02725724,-7.623981938,0.464744008,3.270502878,1.04173024,-0.311293035,1.526055711,-1.796354515,11.45992121,8.682722397,1.041089421,4.045669944,1.561876024,-5.784548555,-14.69823431,-20.3091854,-13.53584814,-11.26518599,-6.350776997
-4.527529275,-6.245848999,4.074442099,-0.198019968,2.968473738,-0.215345486,2.330279245,-1.920487733,17.66860431,-0.86026372,3.366430591,5.126733845,1.723105443,-6.542524584,-19.56423355,-27.79063897,-15.43210911,-10.07274601,-7.167502207
-4.859152842,-5.617913976,3.390619444,-4.785946667,4.037449081,-0.017363264,1.678071342,-3.381726834,19.66175531,-6.834100164,4.609920869,2.813239157,1.277117649,-6.637657274,-19.74114,-26.43846339,-15.43892646,-9.731846515,-7.966149647
-6.260974422,-6.147631416,-1.583603918,-8.178102701,3.771495704,0.195703659,-0.031421743,-5.860999807,15.32232923,-6.986115107,4.270367167,-2.480168457,0.054378558,-6.180582965,-16.30463369,-17.55634668,-13.88795833,-10.21584176,-8.582945311
-8.024806739,-6.686083644,-8.313521946,-9.45006686,2.43947871,0.395466757,-1.628868167,-8.292926921,6.453206283,-2.206487821,2.808440259,-8.620574753,-1.644608517,-5.608434293,-12.85899938,-7.985263987,-11.52866153,-10.00560152,-8.421123975
-9.028857628,-5.608568511,-13.39525175,-9.51127673,0.880420439,0.593305902,-2.041963298,-9.526117447,-2.109862218,4.142376114,1.314541213,-12.83429091,-3.099440946,-5.409040385,-12.53335898,-4.833134971,-9.125024554,-7.562629561,-6.959224464
-8.56689646,-2.366278997,-14.53118149,-9.911232283,-0.019649095,0.786577232,-1.065417383,-9.0280692,-5.79514307,8.236074154,0.71614315,-13.14764075,-3.577040544,-5.755177354,-15.30262458,-9.99504394,-7.104836173,-2.899490006,-4.296887675
-6.858037165,1.786219174,-11.60512278,-11.07900925,0.150926364,0.919198617,0.605840972,-7.095221495,-3.518584907,7.774291203,1.162257747,-9.420625012,-2.812390034,-6.365882172,-17.90784973,-18.84114569,-5.511213433,2.074166043,-1.296594404
-4.886010073,4.550838686,-6.385881937,-11.65006035,1.135726376,0.888506439,2.063369155,-4.463294168,1.724908765,2.922941318,2.054103734,-3.437018453,-1.198946663,-6.738693157,-16.54598374,-24.04436243,-4.259109352,4.786646101,0.834709154
-3.729254118,4.293709874,-1.295341813,-9.638619385,2.229666189,0.591886722,2.961225845,-1.712283525,5.423429102,-3.93984534,2.655384376,2.004418029,0.467201967,-6.576801649,-10.16132788,-21.37836985,-3.44813864,3.892993231,1.25443184
-3.899777253,1.356483788,1.864827276,-4.534353786,2.725779916,-0.019501594,3.712011742,1.007793958,5.238253139,-9.252759021,2.763840592,4.535845068,1.5088606,-6.049767128,-1.590746162,-12.8243067,-3.440362049,0.325806252,-0.024198642
-5.147656082,-2.106422767,2.529582684,1.588762553,2.291157959,-0.909991992,4.976256239,3.740951684,2.839830633,-9.653544384,2.908426414,3.426949063,1.773395342,-5.651885443,4.456639159,-4.635390193,-4.615360665,-3.351940155,-2.216965031
-6.789473021,-3.688181062,1.209799662,5.19038383,1.07305861,-1.960569276,6.942430869,6.279815038,2.380205271,-3.463162859,3.934692508,-0.135826873,1.634993974,-5.764079082,4.980850721,-2.14019993,-6.994033924,-4.813403613,-4.352671184
-8.222227802,-2.486378638,-1.074926624,3.961211277,-0.457614441,-2.993514288,9.054740286,8.008513343,6.840200455,8.116076578,6.316098127,-3.866701557,1.622000997,-6.29037578,0.9225168,-5.603891988,-10.04352841,-3.602824081,-5.89436942
-9.201037603,0.323097301,-3.297270202,-1.060331035,-1.767219847,-3.810599499,10.42680648,8.256784017,15.26748667,20.82529416,9.716342804,-5.772856529,1.986389016,-6.691171465,-3.736999387,-10.40763101,-12.84070491,-1.272886707,-6.916756982
-9.724556339,2.541593841,-4.631805959,-5.862492187,-2.460158621,-4.241556792,10.57313758,6.891137073,23.2391147,28.86594662,13.11640074,-5.198694239,2.563870664,-6.404004499,-5.176894993,-11.15545002,-14.49738668,0.041566861,-7.734090023
-9.734907931,2.774265425,-4.4699388,-6.287559432,-2.357307002,-4.198812329,9.827771896,4.605056863,26.25704359,27.86970009,15.40399755,-2.837669972,3.021629443,-5.309395757,-2.541267069,-6.159996017,-14.56322717,-0.567647537,-8.34393738
-8.985167111,1.548151777,-2.470956214,-1.194623075,-1.492326033,-3.721796754,9.105570414,2.591264278,23.35081039,17.785037,16.01875446,0.192886701,3.259159867,-3.853336802,1.89885282,1.353017284,-13.16269237,-2.057347522,-8.223225023
-7.244677853,0.817082588,1.237675464,6.579472389,-0.089315422,-2.982709912,9.220642886,1.802451053,17.92704025,3.605166876,15.24614978,3.370157196,3.589665412,-2.722627264,5.130422271,6.104820255,-10.83606539,-2.356995364,-6.721242351
-4.673866782,2.26083264,5.829749487,12.29969819,1.462538028,-2.233925825,10.32077157,2.372301318,15.0970036,-7.093312648,14.01312781,6.956596298,4.507595148,-2.341398743,6.069075463,5.114363456,-8.251011897,-0.158824101,-3.763053611
-2.007237083,5.769834391,9.780439045,12.82250218,2.670866997,-1.708844866,11.85704844,3.646286847,17.56908573,-8.642233953,13.34947649,11.18054168,6.206534883,-2.597954812,6.144304941,-0.090058187,-5.980231095,3.900255551,-0.251140119
-0.308042512,9.35851894,11.28733652,8.695838341,3.065940855,-1.523449404,13.04295028,4.760287781,23.39228725,-0.915747958,13.84188098,15.20690809,8.255655176,-3.004094444,7.421167229,-5.042857075,-4.414922824,7.620431986,2.266258353
-0.401632582,10.58976051,9.047411631,3.230175455,2.362862448,-1.635748314,13.38146059,5.250664221,27.39321607,10.52076107,15.35692212,17.04425437,9.754049052,-3.120579424,10.15805335,-6.128584105,-3.748840252,8.8529496,2.516496809
-2.373052643,8.369783781,3.038023559,-0.549559059,0.584721886,-1.890263435,12.84994064,5.182734506,25.21434282,18.04257014,17.12282272,14.81736527,9.90744788,-2.874518905,12.200205,-3.311112953,-3.952759585,7.026652843,0.358253257
-5.496363551,3.687902646,-5.175584176,-2.382972736,-1.922336395,-2.120519652,11.6731582,4.74267097,16.78815592,16.91609952,18.07281138,8.553325691,8.603856731,-2.520075774,10.87620414,0.338846918,-4.754442914,3.382945546,-3.094246913
-8.656554127,-1.245047664,-12.92118954,-4.531552308,-4.59429011,-2.241770319,9.961657306,3.740594102,6.519941557,8.074544071,17.2632995,0.89551052,6.516443852,-2.326956981,5.674275413,1.616111178,-5.715059081,-0.186152193,-6.209122401
-10.96815979,-4.696401557,-17.58314137,-9.079813546,-6.825301987,-2.270962161,7.558928093,1.563836095,0.033072034,-3.177178712,14.20343076,-4.233474179,4.605315955,-2.315195889,-0.868558063,-0.104116016,-6.4399665,-2.652930067,-7.896590328
-12.16304426,-6.532492577,-17.88104739,-15.26571439,-8.141797608,-2.261997442,4.212564026,-2.294828598,-0.005093644,-11.37118601,9.018258876,-4.360777763,3.37419529,-2.282158491,-5.089161032,-2.728603689,-6.812201473,-4.436451176,-8.18917497
-12.50921953,-7.878590774,-14.50717767,-19.38984273,-8.320423387,-2.207677163,-0.105227427,-7.56706359,4.207007914,-14.70677111,2.44600259,-0.556449436,2.472468189,-2.066951451,-5.359315159,-3.784851924,-7.046260821,-6.615177322,-7.919395803
-12.38067659,-9.697664256,-9.658498944,-17.63931129,-7.428590315,-1.989287992,-5.005325343,-13.02661785,7.348960041,-15.65790216,-4.301912564,2.969731975,1.000386978,-1.758318355,-3.616612146,-2.927203655,-7.455509261,-9.532498161,-7.798449615
-11.84926622,-11.58788572,-5.676010615,-9.543165405,-5.78728092,-1.425946982,-9.758617356,-17.05926308,4.97557698,-18.14647786,-9.802397771,1.830297529,-1.672591868,-1.606440026,-3.681588485,-2.234718828,-8.067160942,-12.0840756,-7.684760116
-10.62862407,-11.90055013,-3.644430543,0.960347684,-3.86538113,-0.404885457,-13.56214196,-18.61591685,-3.247404292,-23.75322515,-12.79396022,-5.067067097,-5.204411917,-1.701755897,-7.626196342,-4.003437409,-8.402992168,-12.38330328,-6.670638989
-8.408485803,-9.132428733,-2.915176359,7.996298237,-2.130064622,0.990887397,-15.80351879,-17.82171747,-13.36501069,-30.05695044,-12.60488591,-14.25345951,-8.28135699,-1.747968489,-13.37343455,-8.079404644,-7.680206458,-9.299591891,-3.931150682
-5.303519997,-3.423995846,-1.916381877,7.961300437,-0.902916523,2.452172589,-16.19291717,-15.7559147,-19.94153608,-32.35394845,-9.48865273,-19.86215727,-9.394939019,-1.21529183,-15.88687812,-11.29477881,-5.378731112,-3.581691862,0.368222695
-2.041675265,3.143955018,0.336114896,2.122500623,-0.284649889,3.549885663,-14.7660017,-13.5757712,-19.65475769,-27.29353851,-4.661390255,-17.8144102,-7.857722417,0.177911035,-11.29682871,-9.776071681,-1.79548564,2.413308521,4.880433902
0.295902628,7.787443671,3.205664325,-4.508344682,-0.185407819,3.929715893,-11.83457531,-11.68646008,-13.13375847,-15.56177476,0.092672931,-8.922091796,-4.305559228,2.048267316,-0.633757125,-2.333861698,1.859643572,6.220485406,7.806948881
0.840391845,8.846697156,4.767059149,-7.121049258,-0.435477768,3.485099329,-7.931851834,-9.612656321,-4.019969212,-1.657240557,3.161864688,1.519235212,-0.300594467,3.408782844,10.12457298,7.952677469,3.98649805,6.817969503,8.008153678
-0.566088098,6.760432901,3.345722724,-4.673050999,-0.895234443,2.406823129,-3.734884667,-6.641943424,3.705087704,8.873919355,3.851648694,7.437277174,2.674065503,3.263780355,14.10223553,15.48065202,3.453829817,5.02126484,5.649019823
-3.271687884,3.447757089,-0.916516731,-0.232462798,-1.483587931,1.083025447,0.065515219,-2.674187699,8.046199179,12.57678953,2.694367552,6.226937629,4.080698555,1.337738706,8.667573438,16.00302883,0.250089696,2.492994003,1.92227767
-6.171852562,0.678644061,-5.790739691,2.034486257,-2.111145974,-0.084140015,2.925803066,1.44726905,9.497471077,9.477140961,1.080084412,0.342025385,4.433977312,-1.622301018,-2.405897922,9.644702068,-4.49046624,0.292584813,-1.857642984
-8.267838658,-1.163758137,-8.355296948,0.583568814,-2.589440021,-0.832710187,4.570759425,4.404980301,9.795893803,2.197134222,0.379561862,-4.883088877,4.63649171,-4.236960848,-11.57910592,0.692413534,-9.075027752,-1.762844047,-5.01306783
-9.055144462,-2.901187627,-7.073075588,-2.246885605,-2.619230439,-1.085031584,5.017227211,5.297708554,10.21310149,-6.047386808,1.096163346,-5.374672776,5.129443962,-5.316827332,-13.00590815,-5.636971568,-12.0418351,-4.40684338,-7.522645746
-8.527731815,-5.19074978,-2.922170693,-2.449514567,-1.905436866,-0.885427544,4.508043746,4.242729162,10.7200442,-12.96029666,2.611004465,-1.174295984,5.554036244,-4.525257692,-6.586854155,-6.858646565,-12.66727106,-7.586379448,-9.396568947
-6.891067993,-7.271695245,1.382649362,1.928731299,-0.341828918,-0.308876431,3.412681235,2.242605509,10.42286556,-17.45259246,3.703757819,4.081316907,5.161982344,-2.428401627,2.44780631,-4.46646468,-10.98650713,-9.782849811,-10.09078871
-4.293544028,-7.085352261,3.519520071,8.799301417,1.861645687,0.574364492,2.139350015,0.477863705,8.634591533,-19.15542707,3.483253961,6.383753668,3.580398512,0.029877218,7.895880677,-1.969526225,-7.504841749,-8.777379879,-8.618392931
-0.838687481,-2.863811911,3.336900528,13.54509785,4.211909704,1.656036908,1.057765364,-0.37794992,5.607343297,-18.04410526,2.052472132,4.52658335,1.25584013,2.156978926,7.273987311,-1.556808019,-2.941569003,-3.403653971,-4.385782906
3.136454351,5.037071397,2.80585449,12.82406368,6.124585634,2.72733763,0.416772275,-0.312225281,2.41400613,-14.54542697,0.418807319,0.723771421,-0.801079275,3.751885341,3.158095424,-2.267717979,1.813488127,5.09729451,1.919019335
6.812716265,13.6425769,4.164279532,7.494818612,7.165994272,3.484147143,0.279013512,0.411841629,0.215505483,-9.754396636,-0.272654582,-1.575495499,-1.74076009,4.852919206,0.382463122,-1.173358874,5.656963512,13.32052105,8.215165522
9.004652291,18.82995301,7.808976571,2.180053903,7.206748141,3.636942311,0.53366752,1.728444502,-0.442410835,-5.216174935,0.415638477,-0.620061992,-1.444995283,5.335657417,1.694750134,3.525437927,7.415370746,17.54964299,11.96852037
8.707049145,17.85684922,11.7536144,1.720610502,6.413726118,3.069389935,1.0179521,3.854575166,0.184979157,-2.24250539,1.94933303,2.457675193,-0.471326017,4.815481536,5.555925576,10.22098742,6.283910515,15.9747017,11.61898071
5.75489154,11.14792266,13.16874207,7.296207217,5.114276899,1.931843704,1.679702436,6.917276014,1.39325784,-1.30451502,3.335946471,5.019719039,0.541748544,2.995163273,7.771893634,14.51167945,2.336883347,9.71442546,7.49696484
1.097737291,2.024320181,10.72036977,15.26208622,3.636449913,0.587690846,2.639214405,10.50735102,2.575613728,-2.025395264,3.986619047,5.426578748,1.451436022,0.146245726,5.348924716,12.36624225,-3.301274932,1.954133549,1.565340414
-3.602115982,-5.44039891,5.68561479,19.617496,2.219592856,-0.565293053,4.057225633,13.63716252,3.581300787,-3.701128966,4.2069937,4.365192567,2.642585097,-2.763570229,-0.82177104,3.355352162,-8.870277853,-4.118607823,-3.822735548
-6.855611148,-8.90056691,0.84678807,16.24567333,1.020968487,-1.279934339,5.879263494,15.23065591,4.705210285,-5.758393556,4.891952358,3.896887353,4.491832829,-4.514195765,-6.697334165,-8.652217187,-12.79881124,-7.091723206,-7.255194736
-8.130167888,-8.839313707,-1.883300672,5.818242487,0.173583679,-1.524350783,7.66988618,14.7947928,6.363194518,-7.704331991,6.649706575,5.237342599,6.770405007,-4.371539287,-8.489850912,-17.93988648,-14.42441638,-7.669888066,-8.77555554
-7.970865193,-7.665803906,-2.980113529,-6.61836281,-0.17511209,-1.393036869,8.724696364,12.73752858,8.647371647,-8.803539684,9.066914256,7.405204652,8.572311742,-2.556592082,-5.761780744,-20.68332503,-14.12932112,-7.578975181,-9.340162457
-7.37351769,-7.662100305,-4.553408626,-14.89428005,0.112115518,-0.95429399,8.440198632,10.07154355,11.00191411,-8.175570617,10.74932331,8.034764973,8.902299513,-0.061985759,-1.597746022,-17.16910551,-12.82636167,-8.05702402,-9.773655492
-6.899978659,-9.366456995,-7.952792939,-15.45129233,1.081433721,-0.175465799,6.692738242,7.739600389,12.24144394,-5.636640577,10.18218295,5.635319892,7.461741658,2.055713015,0.189646246,-10.96094672,-11.20594528,-9.091012712,-10.08294289
-6.244639923,-11.48112938,-11.95941023,-9.172153868,2.601552926,1.000570336,3.934881315,6.092742602,11.02109533,-2.660443469,6.813214622,1.220825094,4.957652261,3.361572049,-1.652877071,-5.901813361,-9.31724962,-9.805048847,-9.605961531
-4.615878501,-12.14946299,-13.42386415,-0.452517302,4.336883997,2.490948781,0.92226742,4.901827325,6.625931915,-2.27668944,1.570556579,-2.249719622,2.633300968,4.185411728,-4.84852578,-3.42810526,-6.772025748,-9.455492651,-7.757815877
-1.631400262,-10.46920279,-10.06196149,5.549824992,5.823557648,3.975774713,-1.722559239,3.824994885,-0.334745635,-7.332831179,-3.568665794,-2.246402754,1.371672575,5.151058681,-5.696659646,-2.206757908,-3.3541201,-8.11258645,-4.686275076
2.028652521,-7.10124255,-3.020683524,5.718938004,6.63803944,4.98733976,-3.773499177,2.882384471,-7.842835914,-18.01965701,-6.667106332,1.152002042,1.09602753,6.516823567,-2.390861385,-0.074644407,0.502984397,-6.527492921,-1.295061544
4.818175853,-3.677267712,3.276123808,0.426772486,6.583000795,5.158583156,-5.311598629,2.512178725,-13.24562029,-30.63117931,-6.846429176,5.167742372,0.956092715,7.885817413,3.289753115,3.605471814,3.790159856,-5.447226884,1.338162511
5.308148951,-1.645105355,4.30132833,-6.842972451,5.777971894,4.462620366,-6.414009423,3.164074136,-14.5840306,-39.02811143,-4.616364408,6.450087574,0.134818445,8.514289725,7.318266344,7.243789198,5.512225476,-5.066595252,2.633496101
3.226352532,-1.485185145,-0.805174433,-11.33074666,4.574506416,3.25806867,-6.941656543,4.793009445,-11.6989413,-38.30519315,-1.410779767,3.664882186,-1.408129678,7.939022126,6.630159759,8.491962135,5.336450513,-5.077309462,2.73715779
-0.281737868,-2.75901607,-8.131812047,-9.478463709,3.322208935,2.086810274,-6.640728204,6.705685767,-6.357956245,-28.21953468,1.261136258,-1.573709948,-2.882188792,6.386971591,1.537765873,6.480561215,3.794811285,-5.167722197,2.195119158
-3.426835096,-4.714048719,-11.83241592,-1.016242521,2.13425439,1.355355913,-5.465897625,7.92101711,-1.23865773,-13.7384794,2.491779887,-6.119078903,-3.341865418,4.626945412,-4.578865543,2.780638573,1.889551014,-5.42158945,1.42733722
-5.017433689,-6.809226968,-8.862995092,10.39441852,0.839807388,1.123131572,-3.806863761,7.786263629,1.606130445,-2.02898434,2.167897642,-7.783230376,-2.519094072,3.394380145,-7.953409884,0.183015588,0.415856396,-6.21047709,0.473483699
-5.205391508,-8.772290529,-1.733919402,18.61179225,-0.797088755,1.143824593,-2.369561666,6.388472907,1.784259708,2.074574795,0.742469353,-6.82595576,-1.113445098,2.86561377,-7.258574869,0.305163537,-0.483099406,-7.699349202,-0.818486692
-5.149857337,-10.33372291,3.231010815,18.21059207,-2.720553245,1.115741761,-1.773102594,4.466599846,0.429305925,-1.185240415,-1.14088689,-5.348949538,-0.303689771,2.598376451,-4.370267848,2.085306668,-1.223595044,-9.4800345,-2.407786216
-5.885045371,-11.07768139,0.982159727,7.84817529,-4.372952959,0.941716694,-2.189394972,2.91110726,-0.922010669,-7.522225405,-2.942503421,-5.336885104,-0.891187138,1.959736379,-2.643285666,2.515005449,-2.281473027,-10.74294509,-3.888239755
-7.336612879,-10.66205863,-7.908039442,-8.32927201,-4.871634782,0.799960141,-3.32301699,2.225327067,-1.53779849,-12.45018068,-4.374202368,-7.144805799,-2.768661934,0.673725053,-4.244164272,-0.906780171,-3.718552961,-10.89281218,-4.715027067
-8.323482948,-9.215435939,-17.36466434,-22.51616458,-3.549719156,0.981513638,-4.724134934,2.308270379,-1.863334163,-14.74936935,-5.429674545,-9.643861419,-5.103300927,-0.945620855,-8.662496972,-7.974326729,-5.108200158,-10.07651189,-4.63432625
-7.572759303,-7.472232688,-20.56252667,-27.5755194,-0.529514831,1.632905713,-6.128896279,2.647618813,-2.836938665,-16.73979713,-6.311109643,-11.63254949,-7.013960626,-2.224788353,-13.37521696,-15.63810438,-5.881463578,-9.127419611,-3.924048554
-4.919199755,-6.405743978,-15.56278085,-21.27792035,3.109802189,2.609344914,-7.51417639,2.718235133,-4.790663753,-21.25646622,-7.240109212,-13.00124015,-8.14005081,-2.598837722,-15.86370059,-20.08325527,-5.775965374,-8.921616543,-3.2157724
-1.671363182,-6.579974958,-7.135845927,-7.65371258,5.784495008,3.546587731,-8.850820365,2.282603475,-6.909043121,-28.05200152,-8.207509102,-14.50206894,-8.657515502,-1.939129763,-15.26693514,-19.40411319,-5.015441502,-9.658596174,-3.034140994
0.218716762,-7.73342036,-3.046494241,5.524339426,6.260480098,4.08397344,-9.859115747,1.422070462,-7.752772873,-32.9232455,-8.833418094,-16.42843223,-8.826620196,-0.532387471,-12.51792476,-14.80972006,-4.100408431,-10.66602852,-3.432955062
-0.431239246,-8.951297992,-7.647028218,11.46741409,4.364252547,4.061729497,-10.09192868,0.351146439,-6.464178246,-30.63052574,-8.520185831,-17.65024004,-8.570787651,1.18695493,-9.197317093,-9.509008061,-3.418697599,-10.90094189,-4.018362525
-3.147946495,-9.304091751,-18.00879449,8.132334552,1.054887813,3.555679178,-9.347730475,-0.797013255,-3.674890212,-19.44598092,-6.894611462,-16.18141751,-7.520133755,2.877659642,-6.299555289,-6.268915078,-3.011141715,-9.740351981,-4.315995623
-6.152392129,-8.446783498,-25.92998502,-1.364167041,-2.211284984,2.757644793,-8.040911321,-2.052454774,-1.318056385,-3.607443567,-4.260778297,-10.99046285,-5.483792229,4.327589219,-3.913411918,-5.605104584,-2.662347706,-7.415807289,-4.155683389
-7.671093364,-6.718234906,-24.41405813,-11.56896164,-4.386241331,1.831324187,-7.105851324,-3.52545258,-1.375930379,8.586848193,-1.671887651,-3.452282519,-2.881350938,5.345835369,-1.812481552,-5.915287997,-2.190535104,-4.748726872,-3.753537441
-7.171427336,-4.710259277,-13.47271412,-18.38521164,-5.369684855,0.870555304,-7.382968332,-5.243643256,-4.429673031,9.945508002,-0.440688903,3.059716231,-0.668472016,5.714061292,-0.126461958,-5.210979712,-1.64623003,-2.427521357,-3.446656724
-5.561731626,-2.715140886,-0.493556882,-20.95014548,-5.819498332,-0.028111325,-8.927290921,-7.028528638,-9.07820585,-0.869836776,-1.331479569,5.417808473,0.262033429,5.312666221,0.667561702,-2.850698016,-1.232484141,-0.441405759,-3.331621325
-4.246596357,-0.534632494,5.300062221,-20.74939629,-6.419453849,-0.68378522,-10.83776486,-8.490376262,-12.70121991,-18.45207376,-3.978703956,3.139943377,-0.266250418,4.317438665,0.399173794,0.167482382,-1.027684811,1.856934879,-3.122837031
-3.849051953,2.206407258,0.02208576,-19.27620758,-7.195772036,-0.85717066,-11.83539994,-9.153537667,-13.09381837,-34.17398764,-6.978524947,-1.048729842,-1.562889765,3.236536029,-0.240677952,2.445734755,-0.784075337,5.117020306,-2.342097082
-3.655894385,5.54541469,-11.70310464,-16.47826584,-7.421852249,-0.396096231,-11.19609439,-8.665032036,-9.882466585,-41.48892494,-8.637133974,-3.102690693,-2.577110797,2.66505891,0.06164321,3.707920062,-0.021328659,9.31231978,-0.670057401
-2.228465817,8.937573259,-20.06927654,-11.22399937,-6.183450603,0.612042428,-9.303058288,-6.997059935,-4.773892735,-39.2837461,-7.886054346,-0.626633489,-2.664775512,2.891557036,2.264066674,5.161796017,1.618449917,13.57527464,1.823207283
1.330538543,11.50878378,-17.33853987,-3.098949543,-3.162299957,1.822675352,-7.351177988,-4.537005966,-0.474333738,-31.29707237,-4.772935591,5.355557727,-2.000205235,3.662579642,6.043123295,8.343231997,4.022312159,16.68311696,4.718832738
6.476413655,12.6042149,-3.46770769,6.282991356,0.96652948,2.79445817,-6.421340682,-1.988132438,1.00371498,-22.6344253,-0.285715564,11.20240617,-1.319973098,4.325319436,9.758654439,13.46484686,6.548765278,17.8187497,7.473740848
11.39334611,12.18814336,14.00884831,13.7191795,4.825504743,3.226158016,-6.675052817,-0.092325684,-0.457719801,-16.30954674,4.233536249,13.38227221,-1.247815374,4.276859116,11.44488933,18.76611049,8.329212326,17.03672278,9.619003181
14.09145161,10.79138261,25.43982563,16.28055874,7.100062663,3.102082353,-7.330841547,0.701269477,-3.138461583,-12.20690481,7.60365213,11.00624915,-1.787088703,3.392129645,10.11895737,21.52767414,8.728166662,15.12323956,10.8088829
13.60340516,9.087574938,25.53046395,13.09809242,7.240021774,2.648256781,-7.428064223,0.438358518,-4.730509969,-8.615658847,8.980734683,6.274047089,-2.396629524,2.104006892,6.425549135,19.99717371,7.655491903,13.01735297,10.78697019
10.45797736,7.471706297,16.15402347,5.777918902,5.652293082,2.149218585,-6.711351275,-0.395075693,-3.941425289,-4.509760982,7.839824988,2.628444032,-2.546954673,1.077150146,2.15176112,14.691206,5.553157345,11.26857783,9.428427523
6.221351605,5.97436765,4.025331581,-2.623662361,3.338762055,1.775633469,-5.861799209,-1.157822848,-1.375062337,-0.556325641,4.091366032,2.16425105,-2.241838046,0.735182783,-0.990564344,8.045480874,3.123091544,9.919496735,6.914849103
2.570152852,4.528982431,-4.322858796,-9.086398468,1.301620501,1.544303502,-5.863895169,-1.394226548,0.92469246,1.702659711,-1.577959054,4.282472331,-2.036646001,1.007582004,-2.401006674,2.734845949,1.019729952,8.824215544,3.899417833
0.566646055,3.3014034,-6.289486439,-11.59305427,0.111245745,1.406246447,-7.053395737,-1.025016636,1.000210155,1.400490815,-7.479817072,6.472316593,-2.53633643,1.473311031,-2.733683711,0.029269312,-0.309214923,8.066009926,1.430892711
0.475043878,2.751865138,-3.419438676,-9.407885968,-0.183561741,1.350281803,-8.686311965,-0.295612672,-1.440682284,-0.885541571,-11.30147625,6.428460571,-3.812676378,1.753798817,-3.142960507,-0.568003882,-0.622084799,8.087891856,0.544491843
1.970631511,3.346525743,1.075469094,-3.137559992,0.10648405,1.413654184,-9.437940412,0.441592996,-4.524720721,-3.683036376,-11.1844668,3.801850407,-5.249945059,1.817050199,-4.26596561,-0.290155971,0.153930938,9.410052082,1.70619512
4.393624418,5.147203958,4.861981988,5.149421947,0.534087079,1.597944533,-8.445920242,0.940406472,-5.270996344,-5.738581269,-6.935282354,0.341326414,-5.963102503,1.948297176,-5.692971309,0.270847236,1.890843681,12.1517287,4.480047216
6.888198668,7.621426026,7.209629,12.1507,0.699263614,1.793901327,-6.035311031,1.142453778,-1.6310027,-6.573143355,-0.450279718,-1.503402524,-5.455664985,2.432398503,-6.258570985,1.644727469,4.187206999,15.73488381,7.696173616
8.55495215,9.847311841,8.137591451,14.5119777,0.41198382,1.820216838,-3.519740535,1.125319433,5.830576301,-6.136132151,5.172304896,-0.367247218,-3.999278782,3.233093675,-4.898163349,4.699999827,6.387645226,19.01923551,10.06870294
8.779427229,10.98781329,7.581048325,10.78952886,-0.159757753,1.5725328,-2.243874314,1.004895307,13.85793637,-4.25351918,7.419154549,3.108645984,-2.459717846,3.949316054,-1.470906562,9.386175686,7.786645372,20.81729017,10.8870734
7.632523136,10.71698812,5.624454026,2.895204023,-0.464331726,1.158887451,-2.657764115,0.867278226,18.27619915,-0.761585495,5.863389072,6.702670456,-1.735851216,4.093151089,2.974754082,14.21218491,7.947552302,20.48570304,10.33469628
5.97823539,9.331136466,3.251626175,-4.484918799,0.18919467,0.88240723,-4.160324207,0.73275025,16.57723346,3.640345805,2.280618482,7.942145167,-2.244055455,3.469201769,6.645624048,17.01905884,6.931819725,18.2458179,9.238776981
5.015989692,7.506421279,2.245992242,-6.704737311,2.133857401,1.047764589,-5.773698323,0.518622638,9.610454182,6.809265293,-0.74580121,5.459205678,-3.777973044,2.356073382,7.9039576,16.46926963,5.257780177,15.05555228,8.443866313
5.437747376,5.887733043,3.759985874,-2.461663175,4.887832345,1.722161844,-7.005534707,0.013095627,1.159144251,5.903838544,-1.704284018,-0.316940688,-5.737764006,1.351029787,6.137294072,13.04614873,3.591682533,12.11221034,8.245708308
6.807744301,4.762891464,6.746635458,5.000689846,7.150295377,2.639590141,-8.132272524,-1.064049311,-4.417108802,-0.628184632,-1.09363165,-7.344701327,-7.466507031,0.998232816,2.134979043,8.757744645,2.37362853,10.25869319,8.252273335
7.733461669,3.980190863,8.074677108,10.07014271,7.430683848,3.339984517,-9.689296248,-2.861617072,-4.933011088,-11.27292665,-0.720006693,-12.8524891,-8.451988601,1.471287633,-2.247420914,5.797140608,1.631975337,9.60225786,7.723357158
6.827858129,3.10652374,4.842425932,8.934950464,5.011921658,3.455189986,-11.68530403,-5.14033837,-1.655497305,-21.58929909,-1.963694245,-14.54572838,-8.371102928,2.516889962,-4.996128749,5.2122511,1.095920451,9.534178848,6.118744733
3.796536655,1.708820641,-2.778035047,2.52277961,0.592496428,2.937436449,-13.31677097,-7.174958551,1.757525974,-26.65081251,-4.472528299,-11.67938003,-7.120878578,3.659128938,-4.96607288,6.534074202,0.491918215,9.129036181,3.480127562
-0.19950778,-0.384872272,-10.78235196,-4.267839102,-3.935027154,2.069656953,-13.51150531,-8.001980671,1.885541417,-24.25496832,-6.401218331,-5.515495355,-4.928503628,4.486351626,-2.475564599,8.4595519,-0.21546136,7.704976535,0.42869709
-3.241938916,-2.95309084,-13.82750372,-6.5717309,-6.536609169,1.264726134,-11.86950287,-6.965818427,-2.121939344,-16.48848714,-6.032982776,1.158873073,-2.43957316,4.822303579,0.872630476,9.861948189,-0.809474374,5.237562118,-2.165399578
-3.92225335,-5.429098945,-9.335921345,-3.55137851,-6.257506892,0.814865695,-9.168568999,-4.233093956,-8.109935732,-8.304229573,-3.428892583,5.349846407,-0.582892135,4.709405041,3.053787045,10.2956038,-1.010382816,2.393000915,-3.597217295
-2.223775217,-7.117648783,0.128779734,1.017830993,-3.767890261,0.770443877,-6.928744553,-0.866883005,-12.57040936,-4.053122947,-0.654275298,5.369005685,-0.149363364,4.282684501,2.678700264,9.776628257,-0.688800014,0.156756069,-3.585536147
0.631901779,-7.498671204,8.437386792,2.180107648,-0.84349699,1.004182381,-6.319903549,1.692807596,-13.07925322,-4.581875583,-0.259420296,1.651603814,-1.301959258,3.66792309,-0.342584408,8.321633914,0.06923825,-0.728165951,-2.287480823
3.192641893,-6.480079254,10.43713181,-1.621369322,0.840967085,1.364860398,-7.278480807,2.457688075,-9.748604486,-7.119728416,-3.155333092,-3.65638165,-3.385928372,2.973329403,-4.850419525,5.855560433,1.069687787,-0.177006054,-0.140423122
4.788228318,-4.463335177,5.860044879,-6.842051939,0.736441281,1.773024466,-8.566255385,1.464334431,-4.785990454,-7.962527248,-7.618558985,-8.07627331,-5.250488058,2.336727494,-9.076402509,2.584717088,2.163034923,1.219160007,2.336037881
5.750656049,-2.171494877,-0.668549015,-7.708618704,-0.436603903,2.193719538,-8.751480228,-0.333456724,-0.713392605,-5.698459255,-10.34753972,-10.1966772,-5.916679387,1.938197228,-11.45460968,-0.670831864,3.290971118,2.575277363,4.686185141
6.759593484,-0.325772648,-3.613937782,-1.407595954,-1.430803718,2.551582898,-7.339367737,-1.783582689,1.288792209,-2.290527339,-8.879061096,-10.16212402,-5.13788501,1.928552649,-11.20506988,-2.743731002,4.392230114,3.235653206,6.592494942
7.981173162,0.645938895,-1.207914255,8.866912794,-1.448429124,2.707759452,-5.14883457,-2.320962318,1.739104262,-1.133993849,-3.539180327,-9.046155321,-3.457823941,2.312043117,-8.538475643,-2.952456408,5.276440544,3.091593684,7.894399025
8.807825542,0.705327617,3.157357724,15.87373244,-0.592920413,2.547978979,-3.634846632,-2.214628277,1.897889803,-3.773014229,2.617050874,-7.771630698,-1.748459811,2.878377684,-4.545314013,-1.796998177,5.614743736,2.495688065,8.562478978
8.42897806,0.076103978,4.060333466,13.97182014,0.463588722,2.107255199,-3.699840012,-2.105456261,2.504627942,-8.143001529,5.90929817,-6.520910897,-0.603753866,3.258945133,-0.855781813,-0.756530864,5.096936385,1.864359616,8.633941292
6.69176965,-0.980977963,-0.933242544,3.863950407,1.193399153,1.601291051,-4.942285027,-2.255296696,3.298295319,-9.975096754,4.636305039,-5.04059294,-0.049845722,3.102257748,0.920502603,-1.14349397,3.656118907,1.2856846,8.139428084
4.436895446,-2.305444984,-8.715644233,-7.622616026,1.63633885,1.307041004,-5.939270865,-2.18604383,3.575808528,-6.338472587,0.239336484,-3.379836913,0.257592892,2.281899008,-0.074707034,-2.868965951,1.593796867,0.447240785,7.08230425
2.960688127,-3.785453387,-12.891055,-12.74452118,2.189276595,1.373474551,-5.345317839,-1.07171831,3.091989312,1.585425417,-3.821748799,-2.199381248,0.590565901,1.018786425,-3.324799677,-4.222365616,-0.492637833,-1.03521153,5.517534987
3.042816479,-5.178602501,-9.101572217,-8.863921348,3.024354227,1.719776997,-2.959573228,1.405801527,2.371938132,8.900412693,-4.592818417,-2.228916121,0.885191395,-0.165302091,-6.895754179,-3.040159107,-1.935660823,-3.111922462,3.698542811
4.382612174,-5.983804929,1.021590874,-0.324722543,3.738880915,2.114404911,0.051446904,4.476139187,2.147735655,10.43970766,-1.638875207,-3.336761877,0.886876086,-0.663912466,-8.285998234,1.527782884,-2.237568833,-5.00103905,2.167945476
5.939777783,-5.524261979,10.72017413,5.38549789,3.619954402,2.373417474,1.940088697,6.55824158,2.513881435,4.629688808,2.905799345,-4.173682619,0.541345569,-0.082510668,-5.897130581,8.060434788,-1.207964635,-5.382012115,1.652497868
6.879911962,-3.257689023,13.27906206,3.992195276,2.330975765,2.507150405,1.58944467,6.306498785,2.69024748,-5.264567184,6.156581886,-2.94822294,0.228760575,1.530392882,-0.235239825,13.59621644,1.018277031,-3.057198904,2.733036571
7.287545246,0.840646917,7.39750884,-2.007977335,0.411774765,2.683826017,-0.722651149,3.672958008,1.711333949,-13.50764135,6.66640869,1.114202904,0.564337884,3.653091555,6.117712406,15.62122816,4.025766838,2.263136905,5.44292262
8.01137663,6.059751967,-1.595686418,-5.564499879,-0.898729869,3.039967744,-3.530907322,0.135100272,-0.549860365,-16.0258615,5.294374587,6.798565547,1.87475468,5.509810608,9.994602296,13.8428833,7.184912582,9.528634274,9.067286542
9.776126559,11.07786459,-5.723455834,-1.197412493,-0.453771143,3.510517728,-5.187036946,-2.17876251,-3.014738999,-13.10749196,4.186993361,11.33563875,3.772554024,6.4534316,9.726156117,10.38318626,9.76679199,16.59448433,12.35163697
12.35509512,14.43651688,-0.432563706,10.10499536,1.977631126,3.844672975,-4.954814145,-1.902438076,-4.161643699,-8.693242104,4.803524506,12.08977066,5.217962712,6.315328428,6.338685062,8.231591926,11.15605974,21.10829701,14.08603818
14.56141144,15.17378685,11.95109521,21.29553845,5.479449603,3.813230792,-3.469557549,0.615620099,-3.37449532,-7.023313906,6.613508057,8.317005071,5.096182991,5.515360649,2.884688114,9.140956515,11.13266685,21.62546125,13.7583981
15.10898463,13.30849185,23.93384846,24.62209241,8.51557983,3.434865807,-2.293848298,3.509631292,-1.717637292,-9.423716259,7.486907153,1.705776951,2.937112637,4.843990938,2.279193228,12.54714294,10.0697471,18.36454138,11.86755752
13.63210483,9.896496466,28.22850564,17.50881514,9.811836512,3.012422382,-2.892737682,4.610057513,-1.349795659,-13.7081531,5.422330547,-4.671392924,-0.719012375,5.020909025,5.209993391,16.23780901,8.856849907,13.15702847,9.657755725
11.00145425,6.566599592,22.63033191,4.260084098,8.973875411,2.919290138,-5.691019924,2.826532513,-3.895857007,-16.39938185,0.222888967,-8.184519467,-4.562549148,6.281014794,9.717542294,18.11094812,8.487922937,8.556749142,8.395231086
8.666103258,4.717485284,10.9497408,-7.515528944,6.49741597,3.291538326,-9.782509801,-1.22640497,-9.021248321,-15.6906895,-6.182565796,-7.950020295,-7.19943547,8.234152948,12.77779585,17.58357411,9.492441987,6.544439098,8.621129893
7.571096187,4.781534921,-0.195626619,-12.53556229,3.315848022,3.878916412,-13.43742307,-5.708513114,-14.39586689,-12.65232532,-10.9902378,-4.854201516,-7.841793703,10.08042989,12.62779303,15.63074263,11.55694847,7.523726075,9.857285001
7.541008662,5.98711349,-5.908727755,-10.90759871,0.309059244,4.19463379,-15.07690904,-8.715185158,-17.18853931,-9.876296746,-12.36806829,-0.582195408,-6.606807308,11.04265052,9.959462333,13.63349526,13.62295761,10.17896557,10.96216657
7.599062051,6.813626393,-5.53892312,-6.557749425,-1.923565934,3.86468669,-14.12891662,-9.305319638,-16.02080049,-9.002054564,-10.5354575,3.41801979,-4.314209643,10.75027562,7.033550512,12.14807655,14.45815679,12.29095118,10.90792059
6.889753978,5.929123529,-1.926895808,-3.042955036,-3.0577717,2.908792366,-11.27502558,-7.797484843,-11.91068922,-9.422708782,-7.370509462,6.328066613,-1.977050633,9.360112495,5.511996655,10.62250205,13.36931534,12.04445096,9.46462181
5.389476639,3.066286071,1.306247079,-0.770413827,-3.033844529,1.730913155,-7.973408974,-5.319362304,-7.487538242,-9.259212395,-4.966303567,7.750324622,-0.306159005,7.384587834,4.914739901,8.142651613,10.60145772,9.056718399,7.336751247
3.826142189,-0.728595004,2.053374121,2.062379048,-2.15141837,0.825827118,-5.576485342,-3.067902907,-5.072432265,-7.555059767,-4.270726391,7.458849315,0.534647796,5.381539106,3.099117236,4.381311678,7.159234616,4.518576342,5.66679846
2.949139042,-3.682033366,0.232911976,6.188651118,-1.116563817,0.433869232,-4.59702872,-1.786559326,-5.068287435,-5.517153985,-4.750384031,5.507864308,0.866832556,3.714310641,-1.586962904,-0.146526474,4.172569318,0.388160353,5.249973458
2.846812584,-4.3854576,-3.071188587,9.264873061,-0.800844041,0.413413126,-4.566903439,-1.656851937,-5.841079855,-5.51691109,-5.156293128,2.511471025,1.221448806,2.49700951,-8.344125297,-4.649917859,2.236682417,-1.831055775,5.995471674
2.921179105,-2.701582497,-6.553444372,7.468760654,-1.706547802,0.419528477,-4.539067723,-2.459619136,-5.129889321,-8.669714557,-4.655767989,-0.424755904,2.003463834,1.688369213,-13.97092736,-8.745228309,1.162578796,-1.948784027,6.99209915
2.504564132,0.119449213,-8.982632918,-0.543688361,-3.488403847,0.227967427,-3.85645101,-3.760688939,-1.893090742,-13.23216123,-3.433987952,-2.331223008,3.245532921,1.210243415,-15.09427944,-12.47170794,0.273282852,-1.065306135,7.117334626
1.518296209,2.210400316,-9.201711123,-11.11257456,-4.988457313,-0.06837017,-2.640523906,-5.021483985,2.778268653,-15.47766238,-2.400005544,-3.11897438,4.560930493,0.996153254,-10.85969101,-15.61017417,-1.005813764,-0.741068207,5.764408042
0.552377243,2.24608674,-6.536143503,-17.32994402,-4.917264801,-0.148863692,-1.665267116,-5.711737822,6.317415967,-12.57570371,-2.364523702,-3.702443443,5.33076361,0.972201719,-3.848765407,-17.12186348,-2.705617308,-1.948558208,3.202308275
0.291152027,0.230752329,-1.612698584,-14.19341442,-2.780261272,0.242622321,-1.73515827,-5.510131643,6.403875117,-5.154133336,-3.406515076,-5.214926884,5.048189613,1.040066521,1.641189071,-15.57518357,-4.327415849,-4.494414034,0.357700627
0.818420895,-2.586551115,3.289458373,-3.022671269,0.637702029,1.052219652,-3.049754029,-4.526746148,2.533689928,2.684964448,-4.895841129,-7.886244449,3.63509037,1.114216858,2.672900606,-10.51461665,-5.265369848,-7.234965665,-1.790655029
1.455431785,-4.567603036,5.188370466,8.787103589,3.658802925,1.923092809,-5.037485507,-3.35504331,-3.60431561,6.099445174,-6.062724029,-10.59364823,1.528881923,1.192812606,-0.312615741,-3.631934517,-5.28753975,-8.858848066,-2.770349207
1.313214003,-4.697599454,2.369170238,12.920952,4.755016069,2.449730633,-6.7736893,-2.824914633,-9.135500207,2.919479195,-6.592977168,-11.61853437,-0.540142291,1.392564993,-4.091771551,1.592597946,-4.694685868,-8.663662435,-2.763211985
0.103350023,-3.075144513,-4.060298272,6.348894992,3.512583584,2.474293369,-7.645532847,-3.553257518,-11.68564275,-4.9251638,-6.779050163,-10.08129824,-1.95403633,1.901550128,-5.287717756,2.023522318,-4.031605997,-6.827088927,-2.292168589
-1.485699861,-0.609358478,-10.44629929,-6.308031208,0.825802956,2.193485221,-7.743510292,-5.575066835,-10.68234951,-13.01771468,-7.168815645,-6.828132563,-2.526827934,2.87547699,-2.834185905,-2.567924331,-3.572031216,-4.073380788,-1.715330099
-2.175739378,1.777320336,-12.75859065,-16.14840738,-1.78445221,2.004041769,-7.688351336,-8.306327633,-7.529259977,-17.70822135,-8.055108163,-3.907668731,-2.520314929,4.350734939,1.669418541,-8.581219298,-2.979115368,-1.054807581,-0.901762739
-0.944703709,3.825679371,-9.136307136,-16.44259591,-3.171806353,2.22022415,-8.056183866,-10.85343877,-4.629532842,-18.37609402,-9.226282812,-2.971133861,-2.361230849,6.225669412,5.778462355,-10.42619115,-1.429578544,2.081505128,0.692735709
2.324626968,6.020964804,-0.919781682,-7.156791018,-3.132335512,2.87950607,-8.876397425,-12.44080179,-3.89265617,-17.05550406,-10.1364735,-3.929314592,-2.292893825,8.29477142,8.413263439,-4.191703538,1.835803788,5.655394921,3.615844996
6.83768092,9.06519165,8.508493615,5.733865529,-2.197298073,3.758025137,-9.599140283,-12.6807318,-5.610813624,-16.07459822,-10.30852273,-5.07082212,-2.237792915,10.27927292,10.44961527,9.375107885,6.880223816,10.0116871,7.952147187
11.41832485,13.15929736,15.99328757,15.16147573,-0.960599575,4.54121431,-9.537657119,-11.58113686,-8.348829531,-15.95874339,-9.637267928,-4.620664242,-1.962678308,11.82654324,13.24955397,24.85194,12.78164126,15.01234603,13.0931141
15.08534492,17.62338396,20.1462439,17.91446768,0.412165431,4.991402513,-8.413615362,-9.406257958,-9.905692859,-15.40340004,-8.398339599,-2.429315935,-1.376508308,12.52018315,16.63334581,35.31088446,17.91125259,19.82932254,17.88100922
17.27430793,21.1290042,21.1783046,15.82018156,2.09070222,4.999280335,-6.575519708,-6.574874,-8.776504579,-13.11146452,-7.030421126,-0.287217422,-0.6794811,11.97391199,18.3532405,36.5464916,20.65954914,23.20644178,21.05659682
17.72657982,22.40528985,19.67170874,12.80756557,4.080235647,4.538869969,-4.74965531,-3.656236615,-5.208472907,-9.562713058,-5.912623759,-0.496832077,-0.220611607,10.02460528,15.77973217,29.41262574,20.21871386,24.07376175,21.79869295
16.38369057,20.98849736,15.79161043,10.92253869,5.876420156,3.632732778,-3.560495522,-1.353493779,-1.131977644,-6.898941833,-5.296265521,-3.860253925,-0.193365905,6.928681764,8.437021512,18.71742435,16.99456315,22.18546868,20.113976
13.53097648,17.57219883,9.759071442,8.908599976,6.683566422,2.396115357,-3.207919734,-0.335021277,1.078489431,-6.940911653,-5.36417033,-8.817650468,-0.460477995,3.402247517,-0.905903336,9.689512784,12.43135778,18.41251318,16.90062256
10.04789091,13.75289889,2.920732946,4.366894929,6.061113502,1.111311247,-3.509271815,-0.92770486,0.26138436,-9.204592465,-6.26721296,-12.54765794,-0.69601409,0.407286543,-7.774860613,4.759696881,8.354157494,14.47226195,13.6331085
7.362833823,11.2951243,-2.03544783,-2.793352189,4.426692642,0.211207398,-4.188316574,-2.873991746,-2.595461808,-10.91831191,-8.035000087,-13.17006519,-0.744055131,-1.248805471,-9.10565945,2.956829297,6.178688134,12.16207259,11.76779709
6.884100187,11.28801438,-2.420583567,-9.011101847,2.917547135,0.107238327,-5.112206499,-5.378423744,-4.900128078,-9.271208643,-10.41722376,-11.21327124,-0.872273494,-1.283538443,-5.447751019,1.997262682,6.379288641,12.45704606,12.10962929
9.166811648,13.6230414,2.462866067,-9.284818376,2.643874909,0.941710724,-6.281092705,-7.476822915,-4.252744348,-4.016821139,-12.8254653,-9.097515736,-1.653563115,-0.051977791,-0.433800945,0.983327965,8.437194427,14.97018939,14.44082654
13.42541356,17.06764061,10.46739191,-1.194659132,3.896898441,2.445742868,-7.639230508,-8.506878621,-0.305612408,1.942782465,-14.50006822,-9.062919479,-3.513400059,1.67371266,2.065826402,1.279124224,11.22432003,18.13114637,17.62412029
17.84409352,19.90523961,17.87183628,12.64305534,5.937536228,4.037190705,-8.944202044,-8.369123838,4.685934132,4.705144639,-14.85493111,-11.30105306,-6.283955845,3.120965121,0.771835982,4.84635555,13.56530781,20.03983112,20.15674639
20.55066642,20.79802037,21.89715765,25.79631964,7.52892018,5.120269697,-9.853841717,-7.430747288,7.167314571,2.537565354,-13.79750472,-13.87411459,-9.142445651,3.873247649,-2.46284037,11.62424136,14.67227564,19.50946552,20.88356924
20.58672133,19.38209262,22.37106251,32.02181592,7.781671086,5.388369395,-10.1587254,-6.203480622,4.662597915,-2.664560874,-11.81082961,-14.46745732,-11.0315387,3.967146223,-4.690084697,18.45835111,14.27131138,16.63892632,19.46070888
18.19832534,16.24750381,21.1014529,29.00493383,6.655945567,4.921661912,-9.933765963,-5.077032185,-2.412097627,-6.989475316,-9.728991942,-12.44592107,-11.2823551,3.716770805,-4.590202952,20.81395331,12.44801719,12.52833467,16.30968042
14.31696686,12.34458002,19.56224488,19.18345741,4.783910378,4.027717574,-9.454752824,-4.28401063,-10.83176844,-7.887789205,-8.327673301,-9.434874339,-9.993560875,3.42656568,-3.491934175,16.09581253,9.400592752,8.343781394,12.14638313
9.744727374,8.259036924,17.09394841,7.437673416,2.848565392,2.971699615,-8.95137085,-4.019784423,-16.55527389,-6.385950967,-7.953985441,-7.934168229,-7.902543485,3.196625329,-3.888745826,5.884578066,5.309308597,4.437206076,7.47059713
4.751374178,3.913232793,11.44149129,-2.23491787,1.086957156,1.819621032,-8.426324231,-4.487257807,-17.25716851,-6.105766521,-8.378951537,-9.173621077,-5.869299115,2.924174946,-6.901866576,-4.877372012,0.408902378,0.227864935,2.419945945
-0.626902852,-1.054184579,1.320449624,-8.549311598,-0.685763124,0.510080103,-7.706171396,-5.734711523,-13.626407,-9.810870058,-8.921350809,-12.05684733,-4.370206324,2.453770483,-11.05264416,-11.28772869,-4.82562981,-5.01363445,-2.912844656
-5.954364285,-6.522359089,-11.29894556,-12.35931895,-2.629431724,-0.931803928,-6.664272744,-7.414050481,-8.56608081,-16.4448427,-8.760542105,-14.0761972,-3.352906773,1.741224995,-13.48053043,-11.86212994,-9.576849756,-11.08053885,-8.007164252
-10.11078278,-11.4011685,-21.4945679,-14.79232885,-4.477257639,-2.249617654,-5.388156267,-8.74870824,-4.968710359,-21.36234274,-7.29390262,-13.37309153,-2.490372035,0.919135472,-12.48976624,-9.220183945,-12.82558788,-16.37771834,-11.77053431
-11.73279298,-13.95301275,-24.43709892,-15.94351305,-5.580129563,-3.034059642,-4.11843272,-8.87907493,-3.748868727,-19.80790237,-4.40290119,-10.15840518,-1.56105947,0.242160647,-9.065564479,-7.553740448,-13.73094879,-18.63071658,-12.97989261
-10.10325544,-12.8465799,-18.86500842,-15.06241861,-5.376754427,-2.9864706,-3.015621666,-7.422043349,-3.537285848,-10.87925871,-0.536570914,-6.315323172,-0.623795875,-0.032864006,-5.912745659,-8.964437958,-12.06358861,-16.38883768,-11.08043048
-5.778253859,-8.226505867,-8.108628761,-11.66531388,-3.882394662,-2.163534061,-1.993885899,-4.828308614,-2.126467663,1.342376552,3.420790282,-3.620874562,0.123552191,0.23986926,-4.843880512,-11.68588335,-8.428178753,-10.24704602,-6.754136467
-0.411685996,-1.940798794,2.281876347,-6.316470513,-1.771174265,-0.998632941,-0.812467405,-2.199689386,1.554343562,10.55673451,6.460037233,-2.212141414,0.62146203,1.031557442,-4.931134328,-11.6570602,-4.098513381,-2.789964372,-1.750890299
4.135979781,3.392633488,8.421003542,-0.387472562,0.025298615,-0.0622192,0.630714088,-0.619209687,6.470532177,12.75648554,7.820959481,-0.655478154,1.073683965,2.136945283,-3.252766367,-6.14110465,-0.498519519,2.858256673,2.02085446
6.76883834,5.936833951,10.33990247,4.821789649,0.885222414,0.276896913,2.075338425,-0.447497856,10.19094368,8.884940402,7.268749007,2.485313694,1.787517887,3.235793921,2.249647121,3.628138314,1.428716351,4.944659986,3.584831226
7.548977558,5.738231519,10.89731517,8.714145278,0.805260601,0.05380816,2.989490967,-1.109765065,10.64103546,3.579754182,5.14616769,7.034328385,2.868148968,4.012893004,10.30509713,13.01372481,1.641072014,4.122184056,3.430918557
7.345412206,4.578677347,12.53695437,11.3244775,0.269286912,-0.356529097,2.952853324,-1.55176602,7.547891778,1.183654592,2.192586044,11.03904197,4.048860259,4.305516071,16.60888508,17.36258737,0.983677438,2.865714965,3.119297462
7.131277072,4.668741388,14.89159342,12.86793808,-0.151428796,-0.504618605,2.034246079,-1.037398087,2.580727831,2.402888089,-0.745736471,12.26424166,4.830823761,4.208326222,16.96100019,15.49297344,0.744267192,3.695480545,4.231123024
7.486511139,7.125252854,15.36627195,13.50351419,-0.13753945,-0.137639485,0.83356395,0.305073887,-1.762000985,4.313366373,-2.944466035,10.07530499,4.842821967,4.056093841,10.79418291,10.47366868,2.00442193,7.489197204,7.386847427
8.551836576,11.31785993,12.06796574,13.47697026,0.295645773,0.693867611,0.114704125,1.590377969,-3.603370098,3.481961286,-3.887292396,6.073545153,4.138440275,4.258383107,2.084576574,7.1014681,5.111077286,13.05007401,11.96173412
10.2347256,15.48372491,6.270166035,13.24472528,0.915556964,1.722445068,0.289746427,1.83965773,-2.50278379,-0.674431497,-3.277337849,2.904035016,3.187276078,5.058689882,-3.345310809,8.163356421,9.515638082,18.11619728,16.58879007
12.31289106,18.04003501,1.978566009,13.17887799,1.409192716,2.637431553,1.141141066,0.68700323,0.684899883,-5.271509494,-1.110550971,2.213570866,2.55340563,6.362418176,-2.147390008,12.50008932,14.02890219,20.9303718,19.98606345
14.32450985,18.54374653,2.782026603,13.04200038,1.446434728,3.213583993,1.980989978,-1.394411882,4.499353352,-6.583105664,2.151767708,3.448315929,2.496036303,7.756040561,4.029336553,16.32702634,17.33571341,21.16918234,21.50140046
15.48656849,17.6264112,8.691206672,11.91058733,0.735713491,3.341979687,2.107216868,-3.482127525,7.494262481,-3.537568731,5.47038849,4.453700459,2.785665116,8.723204475,9.877748943,16.55660764,18.51274975,19.66553148,21.10492913
14.95046471,16.12866776,15.80626748,8.952794132,-0.831786338,3.007478215,1.210676545,-4.876631542,8.514526966,1.058757694,7.430743411,3.323904533,2.867916919,8.930357218,10.6121432,13.28470688,17.33428309,17.38238588,19.05379105
12.38323001,14.30897931,19.24497682,4.559920166,-2.993207315,2.282339803,-0.5280578,-5.536723206,6.817051926,2.734662613,6.85791173,-0.053263382,2.258214828,8.403987792,5.683938599,9.442765564,14.28679958,14.64732501,15.6730731
8.452154579,11.86051256,16.91632575,0.694672971,-5.072113089,1.349156082,-2.638170372,-5.978723456,2.314363689,-0.828535711,3.587135139,-3.977850602,0.898194457,7.493996604,-0.878209638,8.104639185,10.35105731,11.30604886,11.47374274
4.715963421,8.678268985,10.96651226,-0.244840189,-6.235220167,0.497678224,-4.62642458,-6.767058961,-4.099557445,-7.624970297,-1.141605147,-6.342513063,-0.754534556,6.659469628,-3.687478292,9.912167115,6.675895255,7.54431883,7.396922945
2.828005468,5.580395014,5.737291293,2.57399683,-5.958666776,0.037315019,-6.103956007,-8.015846698,-10.52441919,-12.67825883,-5.101264902,-6.202873802,-1.947325721,6.219720884,-0.149629914,12.86210378,4.252368559,4.475026828,4.756153687
3.530815659,4.1672149,4.087531059,7.217196859,-4.383484631,0.140609107,-6.758244659,-9.27121962,-14.65597556,-11.84349433,-6.242281307,-4.228952307,-2.018068999,6.213427504,7.704379072,14.51457444,3.647971147,3.7679778,4.675028493
6.165899483,5.743741073,5.28247052,9.906753749,-2.260130604,0.715615864,-6.318639968,-9.825880346,-14.86049275,-4.96284883,-3.946343052,-1.803912014,-0.721499355,6.417226395,14.96783511,14.48297015,4.835616426,6.462144904,7.309488321
9.087941666,10.10896077,6.178292825,7.720324993,-0.482366509,1.414120363,-4.637439232,-9.198555005,-11.07721311,4.117575172,0.498440081,0.295092989,1.667205873,6.473222286,17.57699738,14.80577651,7.163941276,11.89401135,11.46098667
10.70087379,15.25675023,4.467569871,1.065588616,0.449630496,1.797384384,-1.839141636,-7.426480443,-4.88556478,10.52786985,4.643282842,2.415347503,4.496829898,6.036068742,14.97957907,17.73828431,9.523637587,17.69847519,15.00741284
10.36752355,18.38741811,0.954496354,-6.188053258,0.625267925,1.565157065,1.631474535,-4.997433363,1.387973705,11.82115372,6.450066332,5.318936735,7.031362453,4.882389097,9.833405673,22.93976225,10.71614242,21.03873193,15.99627627
8.567358317,17.59581961,-1.219068946,-9.308715365,0.449105618,0.701740488,5.167860494,-2.520207515,5.958844176,9.18577013,5.640370098,8.947952263,8.733774516,2.976115209,5.3541863,26.77733451,9.9215186,20.24658599,13.71235246
6.281238753,13.02769042,0.336373258,-6.176330252,0.168541212,-0.550254512,8.277949152,-0.38998642,8.421021283,5.772298972,3.842971108,11.85134295,9.419320003,0.499368306,2.737362171,24.75907867,7.058810942,15.70825238,8.994512364
4.165381986,6.666243607,4.711749666,1.076199295,-0.359181386,-1.855760726,10.76128592,1.340201374,9.633983004,3.887218885,3.379706477,11.90773069,9.240528033,-2.162888606,0.739744456,15.33604912,2.830806528,9.398862604,3.594261025
2.172056773,0.941681121,8.08880906,7.598387449,-1.452378443,-2.967883884,12.64828025,2.845872039,10.85700255,3.511748461,5.535918552,7.884237742,8.55402849,-4.510976833,-2.51466985,1.878682407,-1.611204846,3.487311757,-0.946562048
-0.158827727,-2.775665217,6.826489702,9.349405005,-3.157290306,-3.804277644,13.98332706,4.298223537,12.81344424,3.158038943,9.589385736,0.649085838,7.762510132,-6.088351237,-7.323018644,-9.110365375,-5.224232794,-0.916960333,-4.098848998
-3.077292922,-4.715104087,0.581204034,5.841669522,-5.012450539,-4.391634955,14.68231185,5.679568585,15.30124642,1.907666152,13.34700331,-6.932393958,7.203429736,-6.646942634,-11.78899616,-12.45702916,-7.538494722,-4.015680837,-6.313426704
-6.231267705,-6.005891458,-7.254260642,0.024510573,-6.28674565,-4.75029826,14.61627273,6.748770638,17.47438995,0.548367063,14.81131235,-11.44809734,7.092953762,-6.227069387,-13.28208187,-8.052162994,-8.754891305,-6.565448672,-8.289707915
-8.801119553,-7.433048639,-12.16207726,-4.369632478,-6.511877111,-4.823071789,13.83196738,7.153081664,18.4462216,0.765718484,13.71644489,-10.83346817,7.485332793,-5.099890949,-10.63411805,-0.864864741,-9.429172369,-8.880244125,-10.18970336
-9.987380533,-8.696656062,-11.89713573,-5.647145761,-5.835677531,-4.501915441,12.65338518,6.606630485,17.76043981,3.279633428,11.7366173,-5.53601225,8.221429779,-3.611492092,-5.184771697,2.880396825,-9.972283016,-10.44712437,-11.42041498
-9.4289,-8.724417752,-7.821130255,-4.817503398,-4.860533785,-3.723374591,11.49770397,5.035709648,15.52185639,6.813162371,11.16906918,1.725765196,8.905931675,-2.034694979,0.144972307,0.413899098,-10.32170947,-10.4053989,-11.11166779
-7.280061039,-6.696540995,-3.244610431,-3.814526532,-4.094634362,-2.555160696,10.52255207,2.619451586,12.27313048,8.952834504,13.07793785,7.429403548,8.99979476,-0.517156322,2.914678416,-5.661187918,-10.01432382,-8.398124453,-8.865210688
-4.027301912,-2.897808995,-0.490066659,-3.184974143,-3.514753244,-1.211235072,9.431199652,-0.28746085,8.78409374,8.132480687,16.33296708,9.099532233,8.068018408,0.87426559,2.701545146,-9.697534271,-8.598258416,-5.041256117,-5.175538132
-0.316428088,1.283616729,0.633883204,-1.545881489,-2.662698238,0.012926954,7.67293027,-3.298842728,5.807219192,4.883727497,18.31776393,6.551010305,6.086065023,2.092223385,1.045266073,-7.652086645,-6.071200493,-1.635553463,-1.223507761
3.071512905,4.170516283,1.758152041,2.635661961,-1.216457145,0.846134479,4.933027978,-6.117393396,3.774692715,1.172940803,16.80996871,1.884349086,3.588254003,3.106238984,0.085453739,-0.327584349,-3.011866165,0.609877028,1.761641191
5.236160177,4.770193599,3.603569003,8.675737374,0.484672371,1.137050423,1.512274559,-8.55835268,2.517851292,-1.542551324,11.63430052,-1.766828088,1.474069254,3.952311809,1.092044115,7.308172021,-0.298218824,1.221126452,3.09138907
5.397460051,3.216090344,4.84381939,13.17520555,1.490746404,0.903173246,-1.759323504,-10.47822158,1.257068288,-3.655809038,4.861581553,-2.085114426,0.507365612,4.752195584,3.910678337,10.05787671,1.388773475,0.538036019,2.792452557
3.35937181,0.47653563,3.40865912,12.26787028,0.911207709,0.317245498,-4.047569425,-11.6938158,-0.931634889,-6.778256208,-0.565028981,1.015857594,0.811457095,5.633896614,7.430924055,6.47574828,1.922570565,-0.703896595,1.364335508
-0.141508175,-2.316756876,-1.019395218,4.960676214,-1.322855869,-0.368654057,-5.05402946,-11.99609945,-4.319334675,-11.61965158,-2.721054956,5.307380203,1.750743158,6.588006842,10.43782834,-0.202555866,1.706314306,-1.866967714,-0.596639748
-3.616786159,-4.394824852,-5.883497785,-5.316827072,-4.271587306,-0.941239417,-5.104470959,-11.28523702,-7.952690056,-16.38204107,-1.721957378,7.681078282,2.366817891,7.389760908,12.19081157,-4.718247739,1.308073978,-2.619612048,-2.624176882
-5.602722039,-5.471573542,-7.424271181,-12.57531497,-6.594352552,-1.338286647,-4.702545503,-9.73056076,-9.904652855,-17.40991774,0.773661159,6.312875287,2.119969296,7.697827023,12.57431023,-3.742286828,1.039549911,-2.842299592,-4.39906335
-5.574683131,-5.583231598,-3.92962613,-12.38339195,-7.499832331,-1.688349661,-3.955401502,-7.800710022,-8.426524643,-11.92824839,3.038862897,2.13311013,1.391191213,7.298935628,12.0452918,1.99256989,0.780389763,-2.479930608,-5.696535474
-4.310912044,-4.923653264,2.335400037,-5.119122412,-7.268921047,-2.231952865,-2.428667609,-6.086768827,-3.322119004,-0.761136761,4.504296781,-1.541749007,1.301423519,6.31688099,11.51773578,8.791418603,0.145718358,-1.548245129,-6.405086421
-3.346998162,-3.797398815,6.495221545,4.215348068,-6.915393449,-3.14660267,0.370052443,-5.010277335,3.501231657,11.32382992,5.832416198,-1.174778095,2.889333355,5.191154279,12.04001789,13.07620597,-1.163709236,-0.249276107,-6.599691372
-3.846686874,-2.586314155,4.869648258,9.526017619,-7.267635914,-4.376471413,4.262016687,-4.626895608,8.906648027,18.24745814,7.947154548,4.421893084,6.213132839,4.395841329,14.14427692,13.80135868,-3.102433707,1.017489743,-6.530498687
-5.706943947,-1.59507681,-1.894798317,7.818999771,-8.246084886,-5.591571194,8.095868628,-4.684672487,10.40066413,16.47076989,10.96162548,12.98614373,10.07707875,4.09364652,17.18426059,12.45293462,-5.283221604,1.862410365,-6.445982852
-7.58430701,-0.830086147,-9.088348896,0.938901827,-8.946078732,-6.332661852,10.25304093,-4.893245613,7.739349578,7.278275048,13.93857256,20.13126504,12.66935413,4.00891892,19.34184112,11.08424716,-7.197399037,2.188476117,-6.354330714
-7.843054216,0.058716984,-11.50797428,-6.233266049,-8.447025479,-6.270028591,9.670882877,-5.171935929,3.070567852,-4.154514281,15.63230718,22.28926093,12.71271235,3.656583662,18.69069393,10.38952294,-8.460287102,2.274208696,-5.942888156
-5.719568096,1.515599973,-7.425274853,-9.458198168,-6.645361323,-5.408838502,6.612389415,-5.647401239,-0.564508082,-12.16471631,15.50668353,19.16392403,10.30299701,2.777250957,14.78957669,9.473761423,-8.915318216,2.534980488,-4.781879538
-1.840348082,3.633201912,0.315114031,-7.785057366,-4.390026766,-4.093697723,2.550540667,-6.388886045,-1.316123697,-13.98566709,14.12985904,13.84298244,6.807351677,1.634350056,9.52471233,7.241508455,-8.581741302,3.147637122,-2.6967331
2.250735589,5.895435359,6.885166793,-3.39782125,-2.804188056,-2.800294771,-0.785761376,-7.12721294,0.330900935,-10.822441,12.64166,10.45138595,3.893852559,0.905126804,6.198870715,3.863054772,-7.561028955,3.878240653,-0.020382012
5.13264101,7.392600156,9.430789383,0.714836102,-2.383219614,-1.857751669,-2.489442434,-7.265770876,2.186907902,-6.193308475,11.8162892,11.13188318,2.428767495,1.207272456,7.206776586,0.863882555,-6.015784922,4.28306639,2.495399965
6.29555986,7.408122663,8.980477517,3.051331668,-2.653460702,-1.299718816,-2.866854693,-6.269707597,2.237698609,-3.088691225,11.56627079,14.67849673,2.070564037,2.607205186,12.0049301,-0.189011013,-4.221342569,4.101962103,4.063607669
6.133976644,5.926226963,8.778022359,4.053892821,-2.688102298,-0.945340472,-2.898767139,-4.175051866,0.297147648,-2.109874251,11.28651632,17.82961711,1.822741072,4.500082451,17.17823226,0.923365365,-2.586256227,3.467131865,4.256080736
5.286924471,3.630214851,10.70424494,4.776122824,-2.027385137,-0.632403695,-3.281220317,-1.788839141,-1.847930777,-1.713381444,10.64580268,18.07821896,1.032553999,5.980920186,18.88103112,2.95151474,-1.550164625,2.715218079,3.125040821
3.978341156,1.370926329,13.12679286,5.346456163,-1.189748275,-0.404402974,-3.867888009,-0.333975638,-1.885712062,0.002562696,10.02369976,15.63800608,-0.025054938,6.444603588,15.89743046,4.397032688,-1.387497183,1.977983909,1.010743943
1.935395562,-0.458881751,12.20230272,4.752710814,-1.303481901,-0.490558638,-3.94887504,-0.716970955,1.137545634,3.539295676,10.13830119,12.95073968,-0.467016426,5.965547579,10.78478043,4.837524617,-2.057843165,0.967830555,-1.740702934
-1.096164839,-2.115926787,5.526374743,2.036114982,-3.142529807,-1.088027076,-3.059197562,-2.927050104,5.97051049,7.545658405,11.19816684,12.23207371,0.272156998,5.172795869,7.912263332,5.044038743,-3.234416469,-0.7830074,-4.875537735
-4.760062091,-4.106816803,-5.139204451,-2.407049135,-6.369268519,-2.123984395,-1.556188577,-6.02249173,9.979003735,9.809961945,12.41457196,13.25304002,1.744349551,4.727787475,9.759573716,5.79654382,-4.506796984,-3.404583671,-8.08174104
-8.001362133,-6.560019242,-14.60908175,-6.786289505,-9.628247258,-3.204018583,-0.425169851,-8.735341168,10.97333873,8.813119689,12.44329213,13.37324753,2.682464314,4.81784718,14.48966311,6.636003191,-5.608073922,-6.373883928,-10.79644429
-9.614033283,-8.938173474,-18.03954732,-9.262068715,-11.43529094,-3.814047297,-0.465449346,-10.253082,8.649485099,4.734523832,10.49348342,9.894546882,1.989569291,5.053873822,17.0149882,5.927998006,-6.492817119,-8.748638677,-12.25317131
-9.004200359,-10.36279959,-14.61775186,-9.444409628,-11.15937123,-3.64324566,-1.564914582,-10.59832285,4.629949075,-0.665110506,7.176823386,2.736468583,-0.280282484,4.829386449,12.99184477,2.36649678,-7.220154214,-9.811177619,-11.84550594
-6.567370897,-10.28339577,-8.080973763,-8.623995031,-9.338140932,-2.793852141,-2.707191451,-10.3482353,1.209879483,-5.092983355,4.292329822,-4.954798187,-2.800207962,3.83241905,2.631934261,-3.432610849,-7.768484366,-9.58328638,-9.573589186
-3.402108967,-8.920747945,-3.629438514,-8.458279071,-7.131323556,-1.722340107,-2.730612961,-9.964262276,-0.145561833,-7.018608138,3.596921189,-8.967327448,-3.881332705,2.297194069,-8.880728433,-8.87432102,-7.971635171,-8.749253764,-6.207114635
-0.614719952,-7.118188283,-3.811377663,-9.262707936,-5.41052754,-0.954351631,-1.218547998,-9.312143116,0.542006504,-6.479308322,5.4895926,-7.288312021,-2.735676178,0.814373505,-14.97324754,-11.19799411,-7.657169638,-8.041630317,-2.978895704
1.24371175,-5.754625849,-6.759015222,-9.471572445,-4.232103975,-0.778274551,1.203282718,-7.787736315,2.254414123,-4.968530937,8.672739333,-1.777020557,-0.091002015,-0.115497717,-12.5968112,-9.745320193,-6.874624743,-7.643324966,-0.977990539
2.239786943,-5.234576807,-8.107855152,-6.853091676,-3.063323683,-1.125538868,3.376563387,-4.956376882,3.995119261,-4.463443996,11.09507135,3.212376865,2.346606351,-0.406824652,-4.575562472,-6.675683471,-5.994503608,-7.163688128,-0.644118276
2.696811668,-5.450448155,-4.84558944,-0.543174559,-1.48238502,-1.694324254,4.469133033,-1.175388427,5.418417347,-6.135058991,11.44113866,4.20542242,3.169927266,-0.343412958,2.553526159,-5.334384581,-5.542495135,-6.215064322,-1.680000699
2.805830361,-6.139351928,2.159494435,7.782814644,0.293611527,-2.192567526,4.469486211,2.341567642,6.647610674,-9.545314107,9.985586568,1.24655666,2.285425562,-0.242944478,3.545885581,-7.512833168,-5.850775623,-5.019719721,-3.371830887
2.544491873,-7.189905013,8.926414165,14.62277791,1.498584358,-2.506842979,3.965241766,4.132409509,7.646227844,-12.93276469,8.162056532,-2.345772303,0.883015479,-0.152418846,-1.676660271,-11.90093749,-6.780967126,-4.388317496,-5.019491266
1.901005773,-8.549746124,11.57010003,16.77657347,1.41570128,-2.689491686,3.49009087,3.356856641,7.880677731,-14.49758874,7.265724373,-2.876473324,0.42248727,0.154393193,-8.332619475,-15.10989332,-7.748770664,-4.968653229,-6.161892791
1.114052492,-9.849934159,9.169903935,13.33608898,-0.043730645,-2.814750751,3.067444084,0.311314098,6.676564228,-13.80527247,7.411545959,0.595080364,1.473654703,0.892520195,-10.8882688,-14.46282058,-8.063577673,-6.398499036,-6.525626474
0.655803294,-10.2333085,4.047199486,6.144185002,-2.251245321,-2.851959796,2.342674884,-3.766448228,3.9594816,-12.18201708,7.610830022,5.473211711,3.327562632,1.973839426,-7.497018388,-10.19323088,-7.353846557,-7.219305998,-5.888224242
0.957771494,-8.751858577,-0.448278238,-1.472589818,-4.291301578,-2.66782596,1.117492892,-7.441525903,0.636347556,-11.64622642,6.83204705,7.795066206,4.637625952,2.995407768,-1.129511397,-5.156623993,-5.776253065,-5.836186697,-4.090058666
2.131116304,-5.149441689,-2.511306546,-6.668321851,-5.521173138,-2.143885094,-0.283166305,-9.844465491,-1.885249964,-13.13653048,5.039405591,5.503508834,4.512995998,3.541198798,3.376025919,-2.300666683,-3.867667871,-1.875895722,-1.227874506
3.927894191,-0.374558089,-2.668631276,-8.379957727,-5.823816806,-1.294349111,-1.22050095,-10.96156169,-2.811990454,-15.5653448,3.217149629,0.105674111,3.157969552,3.538330878,3.644803764,-2.112705335,-2.170287214,3.183677277,2.173275559
5.948909206,3.739084894,-2.463364202,-7.292146252,-5.436805355,-0.277533903,-1.381923283,-11.34505971,-2.875899335,-16.72858847,2.292206505,-4.607061882,1.573880042,3.340688426,1.662740013,-2.323635678,-0.927093547,6.770338612,5.244633003
7.872649703,5.532946212,-2.610756253,-4.822526515,-4.609134349,0.704681399,-1.26799286,-11.54692746,-4.235232717,-15.53066445,1.890909601,-5.66227531,0.631052134,3.43686042,1.603670762,-0.191045564,-0.074032408,6.915440727,7.135050504
9.48525954,4.561757064,-2.463001826,-2.056013909,-3.429913885,1.525690355,-2.027459009,-11.7208225,-9.246361761,-13.60073834,0.109962696,-3.281945243,0.31275951,4.008555344,5.547375188,4.615517375,0.496360143,3.616550606,7.406621727
10.52386136,1.776659922,-1.149106548,0.647268257,-1.943599349,2.167901612,-4.689136982,-11.64441368,-18.82935695,-14.53824912,-5.305391167,-0.683166825,-0.255140178,4.715647607,10.96076068,9.130280514,0.654715677,-1.226679908,6.166034608
10.56925011,-1.319189735,0.963227211,3.303194213,-0.363530183,2.651620531,-9.372626375,-11.07461602,-31.52087811,-20.90769683,-15.17679057,-1.60834399,-2.049604736,4.916498965,12.36290427,9.163709587,0.012948344,-5.281890713,3.850566382
9.205124307,-3.852693699,2.156633276,5.689370461,0.891124989,2.937335747,-15.10938333,-10.12170101,-43.92757284,-31.2904245,-27.906951,-7.636964661,-5.310296749,4.176605806,5.979330359,2.740447,-1.774916521,-7.489964869,0.887130654
6.396907676,-6.098836122,0.915805736,7.034019914,1.41753346,2.903713308,-20.42268764,-9.349608732,-52.41383482,-40.20798825,-40.17524911,-17.28491429,-9.275243204,2.667486004,-6.511375064,-7.948436886,-4.602234298,-8.62866919,-2.454976142
2.776484436,-8.884416766,-2.275261725,6.285541836,1.12564415,2.434120645,-24.21196098,-9.521022414,-55.06465086,-41.74387121,-48.92701711,-27.26718134,-12.64986969,1.123584369,-18.47941076,-17.7877984,-7.724909697,-10.29360476,-5.897178212
-0.481859594,-12.40355464,-4.735126695,2.839667013,0.342957894,1.545331673,-26.27306176,-11.14069535,-52.76532069,-34.53037384,-53.25061941,-34.60106432,-14.39567267,0.362663218,-23.00936755,-22.27267197,-9.9991791,-13.18230513,-8.875389077
-2.205369518,-15.52943663,-3.48408492,-2.689722645,-0.364676319,0.450841962,-27.12586157,-14.0701318,-48.74612086,-24.05787446,-54.78317415,-37.87805244,-14.25107219,0.717243204,-18.16907053,-20.546354,-10.43514758,-16.16684046,-10.50288855
-1.834147972,-16.32969143,2.205329344,-8.168518441,-0.498148136,-0.498540448,-27.40112437,-17.45063409,-46.82937344,-19.77593761,-56.36951266,-37.13148012,-12.70400047,1.79931926,-8.689645955,-15.5798195,-8.716382759,-16.99014906,-9.929484089
0.352460684,-13.46486824,9.821911402,-10.49402571,0.187315356,-0.959675891,-27.35756561,-20.01947924,-49.3597568,-28.40403763,-59.97934225,-33.07936437,-10.59611681,2.77051386,-2.631906777,-11.49226156,-5.34011128,-14.05217617,-6.881881431
3.568825137,-7.343938659,15.23294076,-7.001088873,1.705923342,-0.733555317,-26.90582779,-20.70481743,-55.97572103,-48.2375595,-65.38806369,-26.83187748,-8.743065465,2.914128651,-5.541703029,-10.3124373,-1.28795653,-7.815223442,-1.952963126
7.145309186,-0.043779117,15.76927732,2.838574887,3.950021499,0.178118486,-26.01580356,-19.21575545,-63.90028238,-69.10209286,-70.49918093,-20.24305423,-7.781618421,2.095120318,-16.52141391,-10.80880043,2.539620718,-0.651718231,3.637796476
10.9290264,6.006082768,12.32583961,16.4204487,6.69546847,1.596871487,-25.03937054,-16.29048204,-69.56499282,-78.6667086,-72.95398741,-16.01490071,-8.143609585,0.799942905,-29.07510079,-10.16488697,5.7365856,4.759268069,8.674257825
15.1305073,9.547528356,8.725925485,28.60385781,9.475980291,3.223929126,-24.59056471,-13.39513319,-70.61566513,-70.91317533,-71.78549242,-16.650859,-9.94746799,-0.229015386,-35.86729071,-6.871136794,8.389314007,7.190412459,12.5019001
19.75007436,11.02627816,8.772902517,33.97451769,11.51231941,4.694048386,-25.06659895,-11.9623906,-67.12430275,-50.56802932,-67.95401801,-22.55184904,-12.78939679,-0.467793413,-33.66933198,-2.278915265,10.70928595,7.388711529,15.1112723
24.09194627,11.77028596,13.27445577,29.70814486,11.91084356,5.63818666,-26.24855113,-12.57291548,-61.30142308,-30.03803549,-63.50752632,-30.80973825,-15.67655103,0.137944057,-24.9270855,0.472573952,12.61859404,7.03863002,16.7444088
26.83821599,12.58999354,19.35088693,17.31648528,10.12342498,5.783583773,-27.36405072,-14.59141452,-55.91690474,-20.93158049,-60.10295804,-36.2007489,-17.3539039,1.266630443,-15.22794754,-0.845993485,13.630546,7.147010654,17.41944691
26.72026316,13.03492564,22.53119228,2.025393867,6.375504946,5.076703587,-27.58354932,-16.53673118,-52.4520186,-26.33823998,-57.98305099,-34.26569325,-16.9611467,2.513495272,-9.051757648,-5.575453626,13.13063787,7.258576064,16.81256176
23.33212501,11.92508875,19.98333832,-10.01186249,1.700438211,3.750894199,-26.53681098,-16.99181722,-50.19332751,-39.43883216,-56.05024685,-24.45283694,-14.58931417,3.621879453,-7.138323635,-10.56052444,10.84476279,6.116909073,14.58767005
17.4771915,8.627890686,12.42996178,-14.98514894,-2.528377452,2.253106295,-24.42817828,-15.46297705,-46.87917635,-49.16260768,-52.84488476,-10.84300446,-11.26586522,4.498442555,-7.100195138,-12.5258996,7.12596404,3.08685213,10.83837116
10.76118619,3.88491929,3.422287717,-13.1176176,-5.287707656,1.028024234,-21.7011481,-12.59721095,-40.47696738,-48.31241502,-47.65584631,0.384118224,-8.293133347,5.068919482,-6.198316153,-10.44524449,2.82245977,-1.004134498,6.19498423
4.700182187,-0.598158368,-3.296289771,-7.793624764,-6.343753915,0.279939038,-18.61104291,-9.612636422,-30.88448241,-37.98687396,-41.02226971,5.030363823,-6.399930483,5.163127624,-3.729899352,-6.053174156,-1.187073013,-4.395335477,1.463516306
-0.026418274,-3.458601376,-6.252433587,-2.935841893,-6.150390167,-0.115531911,-15.13400069,-7.384725917,-20.36629429,-25.37585645,-34.39532484,3.442124715,-5.368087706,4.570279101,-1.232919001,-2.290607555,-4.438822164,-5.821504599,-2.879248416
-3.662264187,-4.702004627,-6.771644351,-0.600062227,-5.337104862,-0.46369202,-11.30663242,-5.903905248,-12.37924073,-17.34166451,-29.29207177,-0.410475985,-4.443795657,3.23499752,-0.760547515,-1.126263075,-6.963686969,-5.532271897,-6.840590314
-6.787471015,-5.485751616,-7.422368211,-0.40232401,-4.226036584,-0.95823526,-7.658738648,-4.533570835,-9.545255951,-15.28874598,-26.52186468,-2.535647871,-3.195706261,1.423831995,-2.978362514,-2.488117536,-8.943517529,-4.940061051,-10.52607885
-9.553444032,-6.811460221,-9.780394965,-0.847509089,-2.754599132,-1.466139771,-5.2707502,-2.847319461,-12.12214486,-15.30717777,-25.92095087,-2.213696467,-2.082711389,-0.301231869,-6.662351477,-4.875122793,-10.23942369,-5.17321085,-13.55000239
-11.35677664,-8.305546451,-13.26132787,-1.15616185,-0.805319066,-1.576536538,-5.290158095,-1.323329668,-17.9759252,-12.92122106,-26.67050679,-2.251344499,-2.209557009,-1.321561131,-9.751577589,-6.762048237,-10.22281936,-5.843087387,-14.84688967
-11.21827701,-8.271141025,-15.77184498,-1.959019827,1.413468121,-0.904858805,-8.219532413,-1.249272641,-24.0152562,-7.954075206,-27.94074661,-6.023918669,-4.427515726,-1.269496653,-10.83139084,-7.453151263,-8.126260153,-5.216029654,-13.21069787
-8.578208894,-5.113400252,-15.4825673,-4.363375021,3.322348682,0.566728512,-13.52138895,-3.817892869,-28.05677247,-5.149062353,-29.45140797,-13.88470598,-8.515962984,-0.206150448,-9.829633683,-6.85422351,-3.71120685,-1.76943631,-8.254701987
-3.886230576,1.016478758,-12.25231913,-8.37924876,4.328250221,2.383553432,-19.85973243,-9.083473682,-29.85510097,-9.989758243,-31.60036134,-22.13146968,-13.15353378,1.440915684,-7.642314895,-4.805483426,2.253620356,4.159151734,-1.033722864
1.490084483,7.831142914,-7.639071402,-12.25823743,4.270730776,3.854298639,-25.80006306,-15.63097971,-30.69619706,-23.32708122,-35.04823201,-25.61025071,-16.75134926,3.130992946,-5.340719933,-0.981370451,8.137752175,10.12189381,6.270044902
5.999616436,12.27976831,-3.602145584,-13.49042866,3.54194762,4.47299046,-30.44118503,-21.30067478,-32.00171792,-39.46347378,-39.96986591,-21.92493772,-18.49787443,4.490824596,-3.713581128,4.393659955,12.22431722,13.0991051,11.49735384
8.754605347,12.7112535,-1.001961617,-10.74336776,2.739338456,4.218040417,-33.54463805,-24.49171244,-34.04939607,-49.49076974,-45.44436389,-13.72511571,-18.770688,5.460295344,-3.264884448,9.829549136,13.64115523,11.70511861,13.70932056
9.870207922,10.10912261,0.892211404,-5.161305508,2.124884303,3.505320147,-35.17091012,-25.09178911,-35.72757578,-47.39435366,-49.4729143,-6.986099164,-18.58620792,6.241803487,-4.22465117,12.91579858,12.81330071,7.301668362,13.54880594
10.06622117,7.344034182,3.501586774,0.109903365,1.358181791,2.838699863,-35.237907,-24.34376389,-35.40431483,-34.25169544,-49.79322745,-6.454803868,-18.56359203,7.113345386,-6.255555126,11.87118688,11.10959,3.068812357,12.50199755
9.876715066,6.965630365,7.376651469,1.935174995,-0.233470319,2.438474097,-33.44091315,-23.77096523,-32.16413082,-17.42588816,-45.12814555,-11.84227673,-18.29596672,8.230356483,-8.153089956,7.176067069,9.923099027,1.706220919,11.65412386
9.129204773,9.255891073,11.281547,-0.673817138,-3.024439264,2.142049609,-29.60835967,-24.00125472,-26.45803127,-5.536389291,-36.10764313,-17.87827168,-16.6886909,9.523585792,-8.166318774,1.783459346,9.831259705,3.543175261,10.93262446
7.149139975,12.08618249,12.80807982,-5.794460855,-6.589443567,1.64562509,-24.14492028,-24.38457787,-19.73074076,-3.00635098,-25.18163265,-18.32257963,-13.00775069,10.72845112,-5.109102063,-0.599288292,10.41295885,6.509623647,9.430005774
3.555549319,12.68504829,10.23905887,-9.699359669,-9.749939863,0.87079978,-18.10698943,-23.6514371,-13.39065198,-7.915425309,-15.44234652,-10.86857855,-7.761730764,11.50757911,0.45533795,1.942902209,10.80035224,7.929735397,6.507476849
-1.008502369,9.897372752,4.297515054,-9.077873975,-11.18514212,0.130563159,-12.75850172,-21.03600164,-7.952616188,-14.12830707,-9.031319413,0.876550071,-2.64259418,11.59151354,6.071325792,8.087751489,10.49142375,6.665567045,2.72274713
-4.891359814,5.139365905,-1.72784181,-3.000069827,-10.20774126,-0.069211254,-8.904078313,-16.94707283,-2.989294038,-15.63461311,-6.154726349,9.888578577,0.49926404,10.87152971,8.747173919,14.11636658,9.770507979,3.918950055,-0.25253758
-6.336336981,1.321507593,-3.941276812,6.446074604,-7.18613506,0.549837084,-6.50469334,-12.67107354,2.133851671,-9.989141464,-5.351414673,10.79042668,0.883983675,9.416894386,6.99266806,16.45265746,9.415288324,2.135510024,-0.743739483
-4.696117048,0.636240705,-0.730050937,15.08018712,-3.34603471,1.739740324,-4.870645017,-9.389232224,7.368183824,0.957188168,-4.775080789,3.648370055,-0.705396222,7.431138046,1.956800966,13.97534536,9.947306686,2.980836966,1.62415981
-1.043533659,2.967982869,5.552558455,18.59243375,-0.09921318,2.816623287,-3.275084931,-7.332123329,11.66776884,12.69082228,-3.517972045,-6.263786416,-2.536302597,5.186401045,-3.359091135,8.394852641,11.05072343,6.031380991,5.466603267
2.379259393,6.115763281,9.695333024,14.64843669,1.673782803,3.10692153,-1.512877831,-5.752534934,13.53937401,20.46581003,-2.002947436,-12.36613176,-3.161098147,2.971960321,-6.304278166,2.579259989,11.65095283,9.14861439,8.428987213
3.593419867,7.538772359,7.175996875,4.224130239,1.98163758,2.426944613,0.003177608,-3.711096693,12.1011341,21.22779041,-1.231068313,-11.28643489,-2.337178625,1.068014381,-6.461842013,-1.662510718,10.62002473,10.11106519,8.675647569
2.21371592,6.173318698,-2.212621641,-8.516610936,1.574201233,1.230201862,0.635996689,-1.009995921,7.913753116,14.64618545,-1.600402409,-4.715937019,-0.989314695,-0.272775155,-5.674324117,-4.525549311,7.578792153,8.137893394,5.998340247
-0.314024016,2.937000101,-13.48354104,-17.9932406,1.435282848,0.300300061,0.061823962,1.494234833,2.978506473,3.337321744,-2.351621385,2.421875367,-0.338991574,-0.863510083,-6.213728003,-7.284673807,3.189891555,4.171765746,1.769219083
-1.804873472,-0.305930251,-19.43744353,-20.0262513,2.219397617,0.209584325,-1.46681416,2.456024046,-0.172225534,-7.832172374,-2.151272105,5.725418509,-0.938907611,-0.649395064,-8.689240948,-10.55232438,-1.268308675,-0.098241235,-2.154747901
-1.007122949,-2.311733718,-15.75831791,-14.29445021,3.910987229,0.938186424,-3.294818024,1.044620734,0.206947307,-13.60092962,-0.330379991,4.05552069,-2.342082154,0.226306175,-11.52797265,-13.41821694,-4.711144335,-3.498576012,-4.710447249
1.3658818,-3.250364316,-4.592895163,-4.834968095,5.843634289,1.921100463,-4.787172171,-2.379805148,4.104904909,-10.96612839,2.313449466,-0.507646315,-3.565368614,1.410494723,-12.49588596,-14.28716813,-6.84120623,-5.878860402,-6.163628694
3.033373108,-4.213307909,6.284650944,2.109695238,7.046997072,2.466168258,-5.655335479,-6.408754409,9.695182349,-1.264289215,3.929260524,-4.922390607,-3.878800344,2.423799271,-10.90939087,-12.62814123,-8.13502147,-7.645015756,-7.611394159
1.720160648,-6.055257906,8.539947508,1.888556224,6.74866575,2.218338063,-5.974621859,-9.411006401,14.23649974,9.988053594,3.011224531,-7.529461248,-3.26774862,2.829053655,-8.523310527,-9.954902539,-9.31928186,-8.996001246,-9.959896973
-3.225629573,-8.671712273,-0.847930785,-5.506691273,4.783768141,1.33667739,-5.954255297,-10.42906201,15.45365329,15.99821594,-0.320418506,-8.684278943,-2.269938685,2.413958498,-8.196752711,-8.978092707,-10.79744826,-9.711831347,-13.21562525
-10.33819609,-11.29326339,-17.19433989,-15.36904919,1.694015208,0.29221478,-5.696031911,-9.549509198,12.66960626,12.8240316,-4.240924593,-9.578129065,-1.432468997,1.29104724,-11.40133382,-11.47818859,-12.45405067,-9.68250445,-16.58157768
-16.99316343,-13.38842459,-31.10649193,-21.50312015,-1.552813992,-0.515168723,-5.128419376,-7.592021405,7.111895278,1.962171799,-6.491037606,-10.65870761,-0.899115566,-0.149382973,-16.73200814,-16.65471465,-13.90022599,-9.54656051,-19.16197743
-21.0781456,-15.22352431,-34.81646617,-20.62529198,-4.074098634,-1.010718706,-4.113500074,-5.451669213,1.272419541,-10.54942514,-6.030176377,-11.16784754,-0.442750542,-1.420398744,-20.80963331,-21.44047615,-14.86098961,-10.62220512,-20.62605095
-22.14968815,-17.50074228,-27.27081884,-14.72022678,-5.508208974,-1.397467051,-2.583440842,-3.602712065,-2.301895059,-17.99176907,-3.75020699,-10.10525415,0.174054793,-2.164013886,-20.94142402,-22.70425224,-15.34261677,-13.96012185,-21.2983205
-21.31294819,-20.41215007,-14.3261793,-9.458872124,-6.100458443,-1.892578096,-0.585323134,-2.052404312,-2.145156894,-17.04720607,-1.652288689,-7.577311109,0.896360142,-2.303201102,-17.35840038,-19.68076265,-15.47594316,-19.23984185,-21.67751238
-20.07452282,-23.05104349,-4.119259699,-9.718028343,-6.395912935,-2.494359381,1.755754898,-0.648277962,1.60594287,-9.249338478,-1.132472913,-5.174606728,1.411193776,-2.040699313,-13.1304877,-14.68386512,-15.24963132,-24.53139559,-21.86309199
-19.16751889,-23.84591851,-1.290917472,-15.57378367,-6.775961325,-2.973014735,4.256991354,0.595581503,7.466664447,0.924856541,-1.770439518,-4.931126877,1.453023294,-1.708756845,-11.76511613,-11.4466,-14.43423253,-27.31977077,-21.40188957
-18.25283028,-21.75942974,-4.409948233,-21.9445445,-7.188810121,-3.072018156,6.630219222,1.43042691,13.38570749,9.444246648,-1.639745179,-7.687818013,1.066566472,-1.555868646,-14.42135541,-12.28492714,-12.78859735,-26.13542846,-19.66821827
-16.58776883,-17.24908948,-8.195981172,-22.32552365,-7.266254432,-2.730744923,8.440157124,1.585310952,17.60380787,14.82079616,1.060777874,-12.21186537,0.578174274,-1.591653875,-18.99041277,-16.23691503,-10.34588791,-21.5555648,-16.42595685
-13.93340983,-12.10443316,-8.278952878,-13.84561935,-6.703678362,-2.135616919,9.198938159,1.054776356,19.22372475,17.62153263,6.338974518,-15.81172355,0.317754974,-1.580398683,-21.74589108,-19.63168719,-7.482259772,-15.76943543,-12.08374977
-10.83582033,-8.193200238,-4.4199144,0.253401554,-5.563597882,-1.565376795,8.628280745,0.216410396,18.36998074,18.53074157,12.05857098,-16.00876729,0.362134159,-1.19279161,-20.17470942,-18.72908941,-4.671519454,-11.01970546,-7.438783708
-8.052119111,-6.095219964,0.243918227,12.69036302,-4.233389889,-1.171668855,6.936960627,-0.324489984,16.01613063,17.24341318,15.24891039,-12.06145595,0.528410036,-0.235214689,-14.71572321,-12.52523635,-2.139064471,-8.126800666,-3.148069836
-5.718872798,-4.756806719,2.792544181,17.23047115,-3.074748498,-0.880910528,4.868317372,-0.069391277,13.60215861,13.33588372,14.13015796,-5.339429105,0.590720224,1.175364633,-8.145247273,-3.691388993,0.247249236,-6.230775567,0.61086156
-3.132839827,-2.498625785,3.421623016,12.91734947,-2.08513909,-0.489847428,3.389997711,1.069182178,12.51726509,8.00352286,9.360278881,1.557608603,0.483212759,2.603339442,-3.325540022,3.034573599,2.706306924,-3.898343747,4.003131508
0.52666002,1.398888445,4.93196804,4.300296657,-0.897131461,0.13782781,3.165683297,2.682497956,13.528819,4.422760414,3.615753562,6.215646287,0.289061481,3.478223785,-1.273152986,3.878470355,5.104402734,-0.648038664,7.051802628
5.097091613,5.810617997,9.342997922,-2.329581164,0.84962708,0.941164381,4.156425925,4.063178011,16.35051025,5.697558153,-0.126183097,7.463219776,0.054969384,3.382552814,-1.02048982,-1.598099701,6.754631369,2.368221811,9.240255942
8.968062187,8.333457473,14.92138711,-3.618930051,3.072401577,1.695439545,5.657808139,4.591765471,19.63948453,11.8557135,-0.322761438,5.624951546,-0.33348909,2.283783795,-1.073431629,-10.33594647,6.704989231,3.085364893,9.586622499
9.83736193,6.920046272,16.69281676,-1.136991618,5.14431759,2.164393977,6.787230067,4.104937619,21.60123339,18.76036085,2.557343321,2.106403835,-1.033955345,0.568839321,-0.934750872,-17.81761365,4.365706565,0.075240827,7.211604373
6.275279504,1.362193307,10.42896059,0.622210818,6.267153717,2.237704437,7.100438441,3.026411318,21.01747044,20.54385181,6.824499895,-1.295029784,-1.967951216,-1.150512671,-1.302411919,-20.84088242,0.016776289,-6.286207444,2.029598156
-1.056236046,-6.468921329,-3.151726765,-1.693837374,6.053621252,1.954126136,6.899084732,2.15490799,18.11749574,14.11992898,10.9225459,-3.059875885,-2.675585446,-2.354431736,-2.931698592,-19.18858919,-5.211966112,-13.91194801,-4.929571761
-9.521718001,-13.76104735,-17.753857,-7.55433707,4.85241784,1.423057272,6.997676859,2.201955743,14.64384993,2.158546909,14.26622508,-2.481205904,-2.532814813,-2.868163233,-5.440141971,-15.24101927,-9.909871591,-20.23776972,-11.82969137
-15.98218161,-18.39868265,-25.43304433,-13.1924385,3.533029206,0.739936961,8.106605633,3.346621136,12.89857239,-8.253302034,17.06955979,0.038401275,-1.236875038,-2.904104187,-7.344647587,-12.02131363,-13.11230541,-23.64188509,-16.8175664
-18.60351687,-19.93346407,-22.24909136,-14.82172231,2.87646809,-0.02664788,10.27008578,5.097150096,14.27499937,-10.62431041,19.55950345,3.117022702,0.830210719,-2.880120897,-7.377426145,-11.15083198,-14.68614591,-24.05779325,-18.83816164
-17.73342715,-19.32716848,-11.21443399,-11.60465998,3.038666895,-0.788007164,12.76082067,6.572244321,18.25382014,-3.917817656,21.40590128,5.068169769,2.725169037,-3.142733538,-5.823866783,-12.09150723,-15.15162891,-22.50555129,-18.01761223
-15.29486316,-17.86858963,-0.146666463,-6.007327915,3.496469446,-1.408211031,14.50395029,7.033422815,22.63580708,6.703274639,21.88344055,4.896291608,3.547826877,-3.773844612,-4.50840617,-13.02130755,-15.14543713,-20.10113917,-15.43370897
-13.2561195,-16.20856049,3.940128194,-1.520158174,3.498612043,-1.754253886,14.72766977,6.313094898,24.95010771,13.96779991,20.56274401,3.015913763,3.096028625,-4.586052124,-5.270912238,-12.50838451,-14.9630649,-17.38703109,-12.45598313
-12.36473572,-14.20762276,-0.422125763,0.115292254,2.648010045,-1.791760682,13.39275419,4.84617755,24.09459682,14.15182841,17.85628997,1.096964583,2.039100176,-5.273200913,-8.225371976,-10.65618278,-14.49122235,-14.40443131,-10.05974045
-12.01318996,-11.53543689,-8.783523078,-0.165817981,1.160678029,-1.629642513,11.1344259,3.30020147,21.02774514,9.671488296,14.90084899,0.970497298,1.423381609,-5.585440953,-11.420445,-8.896217814,-13.49159738,-11.23433509,-8.486073168
-11.15234721,-8.359877779,-14.70965702,-0.236459847,-0.366210881,-1.448179518,8.807741164,2.098327078,17.98692868,6.513307792,12.85539072,3.266297188,1.859589122,-5.411105191,-12.36064692,-8.691506368,-11.9321415,-8.379889111,-7.380717688
-9.380258602,-5.483741547,-14.64496959,0.86010963,-1.442943367,-1.351903801,6.989582907,1.202398764,16.80512413,8.745094228,12.1855601,6.790719598,3.027061065,-4.749261407,-10.18274625,-10.25314658,-10.08605543,-6.604489399,-6.257453666
-7.316299332,-3.841042296,-9.936959942,1.841965454,-2.017634371,-1.273201386,5.773303878,0.302799283,17.5957607,14.82905289,12.4821424,9.219565351,3.9077104,-3.653344297,-6.599368118,-12.33295876,-8.370449653,-6.400563649,-4.963116071
-6.06075315,-3.834720294,-4.885998319,0.324042868,-2.405328784,-1.027593905,4.935136049,-0.776001927,18.80303498,18.92467842,12.88637352,8.7192969,3.590675986,-2.2330133,-4.683334409,-13.27298206,-7.125758274,-7.614191749,-3.854316362
-6.305773865,-5.100850406,-2.951653958,-4.889429462,-2.926408135,-0.495647206,4.270775467,-1.819775078,18.55475107,16.08996281,12.7140187,5.347047566,2.024473047,-0.716069625,-6.395236602,-12.45696523,-6.54128293,-9.589620226,-3.59449354
-7.870613584,-6.873671172,-4.407249246,-12.35864295,-3.590630127,0.215619798,3.810172024,-2.346442992,16.23252263,6.910409456,11.79003856,1.156252064,0.120151019,0.521408201,-10.8852417,-10.94539145,-6.736399874,-11.70052764,-4.717683392
-9.973666873,-8.593323383,-7.043721023,-18.63754708,-4.085460547,0.784038945,3.76498964,-2.000083784,13.01034848,-2.483701798,10.34458108,-1.143877423,-0.885401917,1.054032801,-15.02676969,-10.70076078,-7.824224753,-13.77109005,-7.24077784
-11.89028745,-10.21205989,-8.71738565,-20.4753275,-4.0435037,0.877986939,4.302907031,-0.871241656,10.94920808,-5.148432999,8.725808983,-0.040162479,-0.316336423,0.629033083,-15.81232286,-12.95545097,-9.805455431,-15.99252934,-10.56364649
-13.37041919,-11.95580435,-9.148258086,-16.88683784,-3.336762406,0.412507413,5.372569873,0.539417015,11.40073014,1.112232553,7.278448325,3.762547096,1.483662057,-0.62603272,-12.69065579,-17.02548701,-12.34812601,-18.41386403,-13.71102648
-14.50174517,-13.7999397,-9.468587054,-9.629230213,-2.1609223,-0.348682852,6.728773133,1.686237969,14.01794036,12.01239584,6.464420114,7.883617621,3.450686426,-2.185583408,-7.958538879,-20.59028534,-14.69436052,-20.49895507,-15.76386017
-15.26447655,-15.17521939,-10.35634358,-1.942099508,-0.8846517,-0.944718876,8.113461594,2.360867511,17.14973355,20.3224539,6.964581486,9.947670181,4.590729544,-3.365915538,-4.911750474,-21.31773788,-15.89438024,-21.21820498,-16.23110611
-15.29902574,-15.21502944,-10.89791034,3.365106255,0.16619423,-1.026920484,9.412917085,2.774614492,19.24277976,21.69348929,9.45656778,9.159226493,4.633275915,-3.702260106,-5.274398425,-18.60981072,-15.30372868,-19.69092895,-15.17779237
-14.16064087,-13.37657231,-9.441710023,5.175343472,0.81196177,-0.600080625,10.64970472,3.297721225,20.05178877,17.89891957,14.08190088,6.663985617,4.073821701,-3.219242888,-7.962113899,-14.08632568,-13.01418037,-15.89994734,-13.09213396
-11.82501493,-9.932635137,-5.586401126,4.11466551,0.987537106,-0.012929631,11.83443498,4.114055247,20.65308642,14.86470646,20.00255496,4.545249826,3.647405206,-2.40019448,-10.08739872,-10.38531151,-9.871638429,-10.89232704,-10.62142126
-8.931465597,-5.921659584,-1.196451741,1.745968318,0.693213648,0.297942554,12.83880225,5.10390855,22.29788041,17.28302582,25.51475138,4.308642616,3.71772693,-1.861353105,-9.285125816,-9.192354979,-7.013919138,-6.261988104,-8.33999629
-6.470981043,-2.578030019,0.809669126,-0.372384494,0.027621576,0.120660872,13.43098415,6.029780016,25.14154301,24.44342081,28.81677435,5.99358349,4.080174413,-1.946631701,-5.449373564,-10.03885495,-5.226766595,-3.270206533,-6.634930004
-5.139263852,-0.672703806,-1.009104641,-1.293092428,-0.741410534,-0.392554897,13.45647942,6.800585529,27.98573995,30.79868205,28.99688458,8.452151663,4.280453216,-2.519839183,-0.589010919,-10.80267277,-4.567845219,-2.238246825,-5.689937265
-4.900217926,-0.24067103,-5.078982493,-0.889789691,-1.211435924,-0.853913571,12.99910959,7.520215747,29.27872861,30.72387113,26.56541498,10.39227416,4.10280972,-3.093889938,2.877293811,-9.485009673,-4.511788584,-2.617936074,-5.503368693
-5.136394984,-0.832716819,-7.840087804,0.238661928,-1.055599942,-0.929934059,12.35952973,8.260731463,28.49878938,23.40306257,23.13180741,11.26191108,3.766049797,-3.198823998,3.8525038,-5.832820186,-4.47506122,-3.605352693,-5.909268958
-5.24838756,-2.001790953,-6.634476443,1.144304231,-0.287270545,-0.574346364,11.8467834,8.813703797,26.67222653,13.73745178,20.42678372,11.3247166,3.662822313,-2.725433895,2.945197414,-1.543993603,-4.300609074,-4.755398006,-6.623170231
-5.171045187,-3.577864127,-2.000435235,1.130761432,0.657671441,-0.042478206,11.5515728,8.744844301,25.49988431,8.555868759,19.32654358,11.04449873,3.90902124,-2.00624977,1.421357467,1.027808562,-4.336418686,-6.10610397,-7.337338459
-5.356836879,-5.518311173,2.662785659,0.279346463,1.153923297,0.303851231,11.29714425,7.801629025,25.78936709,11.29872217,19.50030561,10.47304855,4.148408953,-1.586367309,-0.127350405,0.560919985,-5.075034567,-7.772563603,-7.835762217
-6.258554323,-7.530103439,3.83972974,-0.562932511,0.807504887,0.244622983,10.81243767,6.336080508,26.56236102,19.49207893,19.82455218,9.247973724,3.82601044,-1.850787367,-2.131090635,-2.479356139,-6.659809188,-9.436503275,-8.049861769
-7.7885462,-8.887015034,0.740632626,-0.51368454,-0.251942142,-0.170881492,9.97431113,5.285909337,25.71353824,26.89404657,19.17976656,7.173662066,2.709862247,-2.762106155,-5.16162214,-6.459789511,-8.646070204,-10.25042915,-8.00026587
-9.243693612,-8.710569928,-4.135748892,0.377078792,-1.450916418,-0.682925117,8.902785454,5.577132885,21.80660996,28.35396085,17.06630815,4.767509413,1.191954769,-3.872718866,-8.773958312,-9.846300511,-10.18886633,-9.321023495,-7.666135274
-9.765341332,-6.574013889,-7.093643192,0.840741133,-2.173320788,-0.995779936,7.829457089,7.337617258,15.57188677,23.40260841,13.7271101,3.143106644,0.064250902,-4.586494699,-11.2989666,-11.97042258,-10.50695933,-6.430257146,-6.907972736
-8.939506076,-2.969429881,-6.105718087,-0.671390417,-2.166034433,-0.937337901,6.874395141,9.577996885,9.800938863,15.92383419,9.877030503,3.194978498,-0.087235647,-4.492694391,-10.94434129,-12.78888773,-9.299065398,-2.413164377,-5.55046173
-7.048517465,0.774207971,-2.056541569,-4.36373108,-1.632841177,-0.51800815,5.958943186,10.71296448,7.562982334,10.60936801,6.355796063,4.731852635,0.61970536,-3.573242661,-7.332209627,-12.17759135,-6.869619055,1.160174065,-3.600921451
-4.823420469,3.141683902,2.435123133,-8.209207117,-0.976579681,0.106466368,4.953671394,9.635911788,10.02176749,9.365075165,3.914335098,6.363587431,1.404927393,-2.186174286,-2.119861047,-9.73391113,-3.952087918,2.829889131,-1.436891101
-2.983316775,3.238266183,5.250461878,-8.94583646,-0.454821164,0.709312459,3.921216712,6.557437751,15.50847904,10.48162834,3.095574411,6.394907441,1.408317833,-0.867601301,1.941441803,-5.456223624,-1.397245228,2.045629693,0.226185865
-1.975806776,1.210419784,5.958037421,-4.621783263,-0.069983132,1.059153933,3.191072618,2.927145289,20.58080242,10.7842187,4.069177274,4.136005816,0.366049086,-0.080688839,2.854460833,-0.614783633,0.095420664,-0.626061082,0.635793093
-2.055228709,-1.983752951,5.124342981,3.202408782,0.233243854,0.978795702,3.135520655,0.443770286,22.29656877,8.532072085,6.427656337,0.603264355,-1.158941006,-0.037117346,0.696264535,2.307470906,0.135429099,-3.997261462,-0.587799056
-3.451937632,-5.249570807,2.871697445,9.659810532,0.309737509,0.413136159,3.806240387,-0.112202457,20.03819833,4.575214708,9.16478183,-2.041770911,-2.184507466,-0.652115438,-2.616253542,1.008229494,-1.284950753,-7.063482276,-3.202269132
-6.296596485,-7.973509964,-1.500375851,9.595154751,-0.178753556,-0.508882152,4.773499213,0.676317645,15.62504071,1.14958076,11.05358288,-2.018907882,-2.039951568,-1.622014829,-4.890651807,-4.807772399,-3.778030695,-9.532676383,-6.436958497
-10.27255762,-10.17359167,-8.262319546,1.45280212,-1.421545668,-1.47381199,5.384142178,1.476635415,11.78627797,-0.181161039,11.33835298,0.673128652,-0.850494819,-2.569875282,-5.278362827,-12.74582614,-6.645390658,-11.74501172,-9.382730099
-14.36808523,-12.16370645,-15.73091532,-10.97882228,-3.080264925,-2.091657272,5.289495054,1.362965189,10.25615471,0.548260888,10.29211022,4.080557307,0.590544245,-3.194656825,-4.687318221,-19.04248283,-9.102952701,-14.13069906,-11.43096762
-17.15352492,-14.0811522,-20.44610571,-20.65864122,-4.292147117,-2.087908359,4.80065986,0.558168802,10.88741859,2.492486882,9.136687221,5.575683468,1.437560399,-3.370211628,-4.760955844,-21.11157855,-10.59734701,-16.68340227,-12.49302372
-17.58767847,-15.68422358,-19.53395489,-22.02050128,-4.19102288,-1.473526722,4.700368286,0.14707668,12.24182527,5.308257944,9.225928647,3.734258138,1.395622227,-3.162568054,-6.3709297,-19.36044011,-11.04842463,-18.8630618,-12.89656852
-15.8054113,-16.55082012,-13.45455989,-14.93217112,-2.607723055,-0.570656498,5.575055846,1.008053769,12.94379133,9.401297069,10.99353357,-0.555205382,0.84731917,-2.765240573,-8.912886342,-16.73060296,-10.84160795,-19.96159899,-13.07350371
-13.18782107,-16.44997248,-6.485267891,-4.845724126,-0.367943036,0.147859238,7.187080849,2.876897782,12.62670648,14.80123014,13.46748095,-4.607759479,0.447584181,-2.387010558,-10.95129153,-16.21261394,-10.5386118,-19.59142504,-13.2644323
-11.49446622,-15.52413895,-3.939241172,1.092697274,1.148602857,0.319955882,8.469829237,4.371016321,11.84230498,19.98134934,14.83166513,-5.765290222,0.562898424,-2.14911599,-11.58312729,-18.31312304,-10.48223347,-17.89138672,-13.40751735
-11.60875905,-14.1175922,-8.0071981,-0.890324956,0.944613798,-0.106658153,8.276416088,4.019425561,11.2727723,22.21956291,13.74222299,-3.227248876,1.033398109,-2.042418747,-11.27649234,-20.603076,-10.57021233,-15.32332695,-13.22968331
-12.85843197,-12.43205886,-15.65133638,-8.722954468,-0.848898824,-0.866043359,6.368790644,1.501314447,11.11079791,19.65543706,10.46189231,1.447380589,1.435376288,-1.959494986,-11.39787294,-19.81199879,-10.36612202,-12.30179446,-12.44260939
-13.51243754,-10.37030576,-20.59120718,-16.34748411,-3.016204556,-1.556209966,3.837129364,-1.914116056,11.15002385,13.36386382,6.906811336,5.538592161,1.580686238,-1.77355696,-12.78484536,-14.78382365,-9.470208162,-9.033785584,-10.93070407
-12.15010843,-7.768369944,-18.07731906,-18.3060855,-4.102980465,-1.884794658,2.496351075,-4.13102665,11.33980739,7.353097636,5.455041033,7.171116635,1.78321169,-1.414792357,-14.5964192,-7.797555468,-7.877776923,-5.723825843,-8.867567781
-8.867809487,-4.843498389,-8.679352238,-13.47429296,-3.449059305,-1.817220804,3.596709445,-3.661965582,12.08365967,5.982589733,7.307509165,6.619181693,2.623965767,-0.907450642,-14.54230599,-3.039212688,-6.061261808,-2.91530702,-6.735066883
-5.357460579,-2.426219327,2.043090327,-5.277176142,-1.6328741,-1.546086129,6.792072982,-0.67839594,13.84847673,10.59961255,11.58809015,5.920908415,4.385448484,-0.362911271,-10.52610326,-3.378305506,-4.717240021,-1.542722045,-5.218839217
-3.747700515,-1.654865467,7.772668083,1.350710148,-0.003904198,-1.328719095,10.2065678,3.086534286,16.41153935,18.14753944,15.87359736,7.098716953,6.633116358,0.053027154,-2.560744079,-8.073752108,-4.360143626,-2.469675917,-4.963196392
-5.07154158,-3.238546502,6.108968794,3.533893004,0.317185827,-1.320236385,11.64611245,5.484068586,18.55211818,23.11064172,17.79845038,10.36902863,8.335114566,0.161521244,6.540635253,-13.33214344,-5.038708252,-5.75363253,-6.240096696
-8.525654344,-6.803617676,-0.112233123,1.775111087,-0.799983405,-1.510059605,10.10892627,5.296614037,18.68633189,21.47413079,16.57501698,13.76868484,8.492334253,-0.181749058,12.41339976,-15.30431516,-6.342115879,-10.22274336,-8.69539346
-12.06544493,-10.87253467,-5.756106987,-1.554830098,-2.517459854,-1.778404778,6.473980388,2.859707512,16.07632203,13.64587829,13.33933196,14.55879165,6.834462612,-1.030694056,11.67048403,-13.0752816,-7.652373158,-13.84030179,-11.37396087
-13.8396737,-13.60789221,-7.852056686,-4.727454183,-3.740410023,-2.003464542,2.842330919,-0.365717809,11.60564708,4.034879833,10.13379228,11.37897458,4.060368715,-2.298259977,4.08433321,-9.195066242,-8.45324557,-14.78593558,-13.10473495
-13.35017924,-13.88146373,-7.652963039,-7.782788902,-3.903627212,-2.132021862,1.031445893,-2.828500021,7.343086837,-2.343130345,8.376547047,5.486065793,1.429655078,-3.744949989,-7.054425089,-7.342787322,-8.516450085,-12.59335377,-13.08738221
-11.50874308,-11.94384362,-8.630015745,-11.492972,-3.227442072,-2.176688627,1.371094977,-3.741513705,5.101909639,-3.471861279,8.026313532,0.050950657,-0.007988049,-5.036715977,-16.69597591,-9.10858564,-7.911165226,-8.533066464,-11.33683336
-9.684985611,-9.218729487,-12.4504367,-15.53554888,-2.330260687,-2.169245648,2.697434978,-3.242177726,5.117950909,-1.287894002,8.046358737,-2.040490109,0.001310402,-5.865406214,-20.81116473,-12.6086551,-6.903592019,-4.892116108,-8.683083275
-8.617155135,-7.361001921,-16.80900225,-17.93873326,-1.6197535,-2.125680946,3.483640819,-1.943734416,5.981471751,0.616432049,7.686684151,-0.248671515,0.907698215,-6.077271611,-18.45439496,-14.10246825,-5.842342716,-3.579283329,-6.301907185
-8.065954119,-7.23923046,-17.26974662,-16.52088466,-1.013270366,-2.05111866,3.148786139,-0.376518467,5.968265777,0.4181046,7.417731333,3.289345378,1.882016881,-5.736897346,-11.90171002,-11.2580439,-5.072702389,-4.99465951,-5.075802562
-7.374717452,-8.533531744,-11.54094167,-11.01058804,-0.185200192,-1.965938906,2.474339108,1.23489793,4.709265045,-0.388029747,8.633022317,5.462683801,2.444633944,-5.086856228,-4.957560169,-5.326572474,-4.864600252,-7.935850117,-5.199914568
-6.307979407,-10.16006849,-2.227681707,-3.760945226,0.953881053,-1.913827451,2.815290827,2.804023837,3.751108441,1.360141471,12.28356497,4.643371077,2.729406668,-4.427655723,-0.679168641,-0.390644307,-5.335049249,-10.56592917,-6.253466396
-5.35503861,-11.12156526,4.699938415,1.785387691,2.032836854,-1.934482527,4.795758018,4.118387592,5.392608186,7.119034382,17.57237758,1.978150853,3.224547481,-3.990370603,0.000461727,-0.26837797,-6.386147967,-11.69617696,-7.604182997
-5.232443572,-11.11314997,4.685495745,3.618764068,2.474476863,-2.023663861,7.603264979,4.797041086,10.61111679,14.55489713,21.91320205,0.445894354,4.240139434,-3.869468,-1.94264965,-5.567186395,-7.707463845,-11.43347744,-8.789111903
-6.083444059,-10.47734189,-1.471485276,2.431757484,1.994223476,-2.121462445,9.496902198,4.521563246,17.74724071,18.72462999,22.42539482,2.346236629,5.543954974,-4.032483942,-4.944608161,-13.22238033,-8.867676632,-10.76909881,-9.600498878
-7.163457009,-9.662998993,-8.091858912,0.505546936,0.876455843,-2.148157377,9.138525634,3.314161881,23.14182765,15.76036204,17.99533631,7.174856314,6.453202693,-4.370456714,-8.095663041,-18.8108699,-9.463196955,-10.52923698,-9.911796608
-7.363042706,-8.732483096,-9.345923814,-0.70113812,-0.236031427,-2.06484295,6.67360442,1.595010102,23.43213433,6.142172581,10.36886801,11.64286714,6.308508783,-4.740940298,-11.37382559,-19.7275114,-9.254260357,-10.59777886,-9.522437417
-6.149864265,-7.367541407,-4.291586545,-1.920896734,-0.858267969,-1.910941135,3.686440036,-0.043843879,17.88028012,-5.134251141,3.343450657,11.99469189,4.970988194,-4.987704453,-14.88699354,-16.74333494,-8.23328664,-10.06553009,-8.254128486
-4.099772921,-5.345746509,2.173989605,-5.006167695,-1.022712399,-1.785588655,2.061314182,-1.166295768,9.005425212,-11.77010928,0.493153363,6.964333248,2.978405574,-4.960762201,-17.99489229,-12.90639869,-6.616275166,-8.166319047,-6.238568231
-2.509766109,-3.015877452,3.448873009,-10.36891867,-1.159994814,-1.783205783,2.64740904,-1.67355932,1.02873993,-10.38857936,2.962437941,-0.901472496,1.253643481,-4.56492527,-19.25857336,-10.91309041,-4.780123103,-5.179908917,-4.080041493
-2.371407709,-1.278324761,-2.948336113,-15.47882538,-1.614632218,-1.930003741,4.750772308,-1.738437298,-2.745689104,-2.651629505,8.855306555,-6.699275082,0.571355129,-3.828033136,-17.41295892,-11.17084702,-3.166203151,-2.48211712,-2.624584652
-3.551414065,-1.000699709,-12.84842187,-16.22604297,-2.247789393,-2.168439341,6.783698479,-1.5996503,-1.757110121,6.17445133,14.61128901,-6.486349592,1.132570564,-2.937954568,-12.60459791,-11.98900375,-2.156940347,-1.618256085,-2.413448371
-4.877443908,-2.310195524,-18.51228622,-10.38207281,-2.510584568,-2.400738561,7.482296345,-1.406654769,1.95006613,10.94651658,17.34517186,-0.094224339,2.493872832,-2.19673564,-6.789048241,-11.46336889,-1.94311236,-3.103355473,-3.240501079
-5.077772478,-4.36023287,-14.90710086,-0.241428571,-1.949548475,-2.558703226,6.709476222,-1.214017672,5.490266215,9.827298805,16.49193812,8.63265959,3.8510686,-1.892108948,-2.768690085,-9.284036609,-2.434651207,-5.923427781,-4.232703161
-3.806234758,-5.818447168,-3.984468356,8.162781158,-0.702401838,-2.648220295,5.281434207,-1.068395874,7.066437264,4.766374892,13.69826977,14.39242272,4.47133531,-2.152793953,-2.434493548,-6.945079999,-3.282294505,-8.182048147,-4.474225
-1.906679626,-5.741434195,6.661203745,9.152059054,0.479505308,-2.736246167,4.096077033,-1.060093897,6.704610476,-0.644592505,11.24606356,13.96189054,4.025098156,-2.877954412,-5.480652394,-6.320288556,-4.030060874,-8.420249827,-3.711813015
-0.700639673,-4.168738998,9.738503018,1.774313052,0.753017681,-2.890289249,3.381733617,-1.274445252,5.553902558,-3.943778501,10.33765421,8.209833875,2.677996534,-3.787684088,-9.583716718,-7.94599752,-4.326396055,-6.581757824,-2.545587485
-0.889959183,-1.971256783,3.97469121,-9.126338338,-0.155620956,-3.114854847,2.694547021,-1.694810709,4.652103513,-5.040632795,10.53923838,1.240307638,0.957774542,-4.561084767,-11.95386065,-10.48473665,-4.06145326,-3.867672691,-1.89295102
-1.979608684,-0.077559704,-5.040754832,-16.26262559,-1.701717079,-3.332098026,1.581287624,-2.160401978,4.287097507,-5.298194159,10.65358393,-2.574482051,-0.492801802,-4.973582872,-11.12049651,-11.73800695,-3.338261181,-1.619297594,-2.131304023
-2.690797437,1.296432337,-9.509226637,-15.24620598,-2.916945506,-3.423602027,0.231533164,-2.427957071,4.323558909,-5.639876366,10.13011652,-1.45145309,-1.158459147,-4.957056791,-7.650615963,-10.27336976,-2.312521836,-0.160626238,-2.652544872
-2.019367975,2.785045162,-5.722951939,-7.772170583,-3.152225138,-3.307356145,-0.521965773,-2.291359374,4.888752696,-5.477311474,9.746311956,3.031451753,-0.814564495,-4.571134393,-3.360826197,-6.333588539,-1.047433765,1.431760147,-2.276919719
-0.072698099,5.255016433,3.08347919,-0.119193376,-2.576137475,-2.99728547,0.11263417,-1.672064293,6.526186761,-3.313961782,10.97082915,7.546301613,0.419351772,-3.9356518,0.220637185,-1.433529254,0.480102576,4.426567825,-0.263603094
1.992364379,8.925199422,9.508190882,1.860989579,-2.020790277,-2.600748677,2.116341258,-0.635223397,9.555077735,1.666902089,14.55616738,9.545715621,2.138112898,-3.183990288,2.835597884,2.825773985,2.224635496,9.144388026,2.899874335
2.878234475,12.94657891,7.98967156,-2.696491891,-2.286368057,-2.249176112,4.499196884,0.643682961,13.28010418,8.520839533,19.56542777,8.746382166,3.799364446,-2.454672983,5.163320606,5.674795327,3.924796204,14.3648392,5.649384073
2.179036903,15.81972068,-0.813051274,-9.132803503,-3.450113872,-2.004300921,5.92838428,1.913231327,15.9822303,14.91502705,23.69067288,6.64291947,4.909112364,-1.889796403,7.598240764,7.20802702,5.142195277,17.98189914,6.429929594
0.731332496,16.37438314,-10.60818436,-11.09269839,-4.727405167,-1.805438921,5.64745684,2.870591337,15.96522077,18.60084219,24.67548036,4.781874735,5.170811017,-1.601594233,9.368907117,7.790037192,5.515984429,18.44756008,4.918081484
0.023779011,14.58973291,-14.30144286,-5.617136642,-5.00500979,-1.502614282,3.94243328,3.210216264,12.90391881,18.74141546,21.77495507,3.426138849,4.540719742,-1.609014876,8.946678926,7.576525214,5.056791617,15.89096899,2.394945016
1.127866823,11.64304091,-9.124667722,4.498137288,-3.651247146,-0.964349778,1.799854101,2.723280688,8.30452922,16.08781287,16.17573162,1.717052047,3.186825964,-1.794127201,5.528170725,6.603402447,4.226372157,12.03839056,0.898790387
3.94762072,9.15237674,1.78157209,12.80868419,-1.003556473,-0.192724978,0.084050951,1.416217428,4.523836727,12.05881555,10.13286034,-0.975771868,1.404315293,-1.933836075,0.312285638,5.208740315,3.690795851,9.001805735,1.748082869
7.309152661,8.174521545,12.12858,14.00742991,1.815981279,0.636996232,-1.053750957,-0.430651582,3.021808988,7.677316524,5.555032927,-3.893471224,-0.449684597,-1.813170281,-3.718512951,4.174569945,3.897280638,7.8892767,4.56184678
9.774467642,8.677646216,17.05476141,7.663954083,3.610805552,1.251696929,-2.056967377,-2.32389807,3.27364996,3.28669425,3.100468146,-5.105665702,-1.985747397,-1.3596199,-3.661922453,4.268615761,4.789741684,8.30306799,7.55668515
10.56503981,9.821566246,15.98789976,-1.764849606,3.836558455,1.432261631,-3.297792226,-3.720772643,3.320163388,-0.880333346,2.31582773,-3.04249358,-2.818711163,-0.709457735,1.057688429,5.522724803,5.891586836,9.047080957,8.915357251
9.963390381,10.7597535,12.06132286,-8.334761582,2.857764074,1.144505775,-4.508989411,-4.214881497,1.584937425,-4.050531791,2.460977192,1.947952993,-2.66302813,-0.153359041,7.830330674,6.949106528,6.698938726,9.377165743,8.17425976
8.981404413,11.30600966,9.153225789,-8.632902295,1.607076861,0.558437375,-4.867232378,-3.664266369,-1.54665522,-5.00334278,3.178683063,7.430270644,-1.478124957,0.01477797,12.26422761,7.092155515,7.072718787,9.704702798,6.548920337
8.594998994,11.95649093,9.11953504,-3.517408767,0.931068565,-0.060423223,-3.698897886,-2.236518331,-3.7997764,-2.974062606,4.461226485,10.40386815,0.426661843,-0.339769807,11.04920993,5.094763968,7.311623419,11.14681948,5.942339751
9.088307471,13.28914057,11.08305014,3.252889007,1.08138116,-0.512057675,-1.210604765,-0.387398722,-2.823006997,1.423309685,6.113457323,9.394760636,2.438876663,-1.109926841,4.299010191,1.464137761,7.846441336,14.30310787,7.411093625
9.909624573,15.25525061,12.72028712,7.956690027,1.659000721,-0.759620158,1.414813467,1.222093936,1.66549572,6.184177079,7.408462529,5.460065637,3.872682215,-1.985763754,-4.342583355,-2.101627388,8.810829723,18.31492513,10.28372115
10.07244129,16.95654265,12.10439619,9.054833699,1.986238051,-0.89479271,2.711406762,1.897391766,7.205828816,9.006446871,7.424868376,1.280874719,4.279362938,-2.590210324,-9.990994956,-3.758041715,9.851354385,21.07087141,12.60873396
8.805759323,17.12015404,8.744381377,7.284661714,1.609354531,-1.004476431,1.915985741,1.178117472,10.10611531,8.70942193,5.846085073,-0.941757943,3.655495365,-2.642982775,-9.661977339,-2.70788051,10.34585402,20.51159583,12.57451631
6.051585912,14.94677216,3.5128845,4.264558309,0.59005965,-1.052960315,-0.504599471,-0.885117101,8.088390449,5.865041927,3.463959655,-1.091654456,2.41403947,-2.079549154,-4.126722312,0.265694803,9.862467333,16.09190102,9.810053814
2.537000671,10.72219418,-1.990487973,1.121747991,-0.579142741,-0.885828683,-3.186144324,-3.624375919,2.044616815,2.159771222,1.794892714,-0.946603906,1.137534314,-1.077427003,2.72720613,3.234099434,8.492222868,9.296557206,5.604956767
-0.598213422,5.752714873,-6.076995067,-1.839507522,-1.343583695,-0.365927316,-4.79605534,-5.969854113,-4.495985663,-0.926907027,1.982965444,-2.368521798,0.278267694,0.019433165,6.496657678,4.177469654,6.791374859,2.804701105,1.945923667
-2.400292581,1.667334864,-7.511894119,-4.61671786,-1.475275773,0.460469901,-4.854007264,-6.952305505,-7.822788097,-2.975510047,3.860740801,-5.400597339,-0.006051126,0.847557724,5.009342706,1.988716637,5.386772884,-1.100194021,0.156876548
-2.592966922,-0.439089893,-6.063124757,-7.02346527,-1.223630533,1.307348849,-3.863977736,-6.227245409,-6.564968093,-4.314853961,6.009390267,-7.908104508,0.191491638,1.1787962,-0.560754207,-3.073974008,4.562690475,-1.753174135,0.163978357
-1.683340786,-0.473009506,-2.842874024,-8.79029171,-1.132326507,1.770141322,-2.7410911,-4.275665453,-2.398112846,-4.947752666,6.865374906,-7.157501554,0.692631949,1.0083645,-6.756329813,-9.569618103,4.14484107,-0.176294194,0.847882831
-0.613427877,0.820186983,0.068433967,-9.960182832,-1.642162425,1.559110331,-2.050466846,-2.113265316,1.491616423,-3.880400194,6.010747852,-2.124403629,1.363846995,0.52755576,-10.15748774,-15.45816221,3.740914575,1.90375761,1.083902538
-0.157983808,2.446754199,0.884201203,-10.89792308,-2.740375426,0.687627596,-1.661789966,-0.67570625,2.874091865,0.276968591,4.559190856,5.342848309,2.121875833,-0.004595807,-9.348785559,-18.7923853,3.111032962,3.254486346,0.59731244
-0.443974123,3.734038893,-0.45385634,-11.70227509,-3.897205126,-0.518922318,-1.029661705,-0.289551773,1.928154442,7.743727312,4.258518121,11.53941959,2.863481973,-0.40983279,-5.370704471,-18.32254056,2.362422518,3.689824285,0.008719379
-0.91348455,4.529463656,-1.927375452,-11.61181315,-4.355007396,-1.603258253,0.211151211,-0.584027678,0.669959795,16.39113723,6.014287439,13.43504715,3.442133252,-0.658949864,-0.628958475,-13.89799634,1.83876951,3.73777872,0.151613881
-0.76778273,5.01149908,-0.85355413,-9.2307777,-3.60487462,-2.221968505,1.866742819,-0.873500748,1.020615919,22.25197883,9.076096533,10.83044304,3.753407597,-0.814525465,2.788350442,-6.562901295,1.836708179,3.904048668,1.308850549
0.412047582,5.38036256,3.748369958,-3.719362615,-1.747732607,-2.293115348,3.320296247,-0.69546713,3.201268323,21.7646164,11.61836136,6.477830514,3.853511832,-0.902578194,4.22389125,1.722668776,2.401454368,4.239417146,3.002045354
2.32108099,5.719924888,9.761320566,3.924620562,0.506689317,-1.963195804,4.025072303,-0.098225645,5.724505772,14.30259194,12.27371576,4.028065914,3.961273444,-0.834699617,4.39512739,8.676985135,3.344898679,4.522670263,4.444396529
4.131413042,6.096560931,13.02960949,10.72585225,2.220665816,-1.448251733,3.907671062,0.497532473,6.824167408,3.059221037,11.32154742,5.31722835,4.275159937,-0.470890132,4.422766605,12.39207509,4.413805825,4.750057476,5.205838093
5.097887349,6.702833957,10.44231701,13.20883104,2.752863416,-0.888905291,3.343669184,0.688904571,5.979775728,-6.595860911,10.45925897,9.015931554,4.720623031,0.207341348,4.761838241,11.87545168,5.419001825,5.339889602,5.502598874
5.104084417,7.800750646,2.732827775,9.644547222,2.090568553,-0.327752561,2.757301913,0.383604133,4.225941201,-10.31379244,11.2609955,11.6483153,4.862984271,0.961967162,4.823637528,7.304728294,6.217048475,6.7573983,5.889377262
4.714765706,9.426294668,-5.430528243,1.450972561,0.787088952,0.199185969,2.224341277,-0.219185254,3.08730806,-7.312323373,13.59831927,10.22259506,4.140316604,1.35642157,3.542261676,0.021056386,6.619773652,8.862381917,6.661256182
4.688590256,11.10464436,-8.494166807,-7.371696907,-0.423995467,0.567768787,1.447127944,-0.871297719,3.194618723,-0.475479674,15.44611425,4.531308405,2.317684585,1.026404409,0.466925481,-7.683352189,6.403091013,10.63328608,7.513824332
5.350635299,11.92214407,-4.04608754,-12.47531566,-1.051744241,0.580616192,0.138787376,-1.464161088,3.857616936,5.993683773,14.42144631,-2.555948612,-0.165730827,-0.003174325,-3.435475195,-13.03653552,5.49097831,10.68521174,7.777551078
6.355691273,11.0736861,5.338138577,-11.56362721,-1.026306269,0.103985178,-1.516539674,-1.978959665,3.942644255,9.556258707,9.930624673,-7.00180828,-2.279482162,-1.206944633,-5.954182591,-13.61849484,4.187638293,8.339095905,7.047616315
7.057510641,8.592402385,13.99452253,-5.404185332,-0.563269919,-0.779384981,-2.757598741,-2.28653403,3.185128339,10.72615899,4.149317828,-6.324501949,-2.954836874,-1.796135867,-4.859411156,-8.448593065,3.217769044,4.455618102,5.68644528
7.177202782,5.701757576,17.38845749,3.006474304,0.110848978,-1.742069689,-2.661091908,-2.064575971,2.65444669,11.93319126,0.842440565,-1.212455371,-1.779361555,-1.199101681,0.500557253,1.163482853,3.43859337,1.294686669,4.756526632
7.173098067,4.373647416,15.30568535,10.27817686,0.916252138,-2.364454147,-0.824896819,-0.999564288,3.84835998,14.92032894,2.704658648,5.042046832,0.658193337,0.525518103,8.31303315,11.69377982,5.342327715,1.313772857,5.373140707
7.926113826,6.198286378,11.48848852,14.13030934,1.845586797,-2.382440975,2.181503096,0.85596633,7.153511548,18.85159866,9.163642141,8.798681834,3.061861345,2.648070164,14.9125461,18.75422293,8.665795009,5.605472788,7.91055736
9.927382808,11.22470142,10.12564695,13.82367028,2.773536436,-1.858301224,4.977084856,2.909632549,11.05200477,20.69067995,16.39436156,8.387653868,4.20391763,4.166632652,16.75458682,19.24292252,12.39243814,13.00351364,11.61978483
12.62423066,17.58577796,12.21350337,9.791966256,3.380298133,-1.144017413,6.103398467,4.276943231,12.89940905,17.58050596,19.71622734,4.924646596,3.661796588,4.402575092,12.61709265,13.08648614,15.18345853,20.49767984,14.94229723
14.53300882,22.2984417,14.86933376,3.235886474,3.313156481,-0.650820748,4.886905985,4.335394134,10.80038811,9.369493639,16.75412384,1.190448275,2.004751892,3.398024406,4.548106215,3.381908292,15.99581328,24.75918175,16.34087237
14.15616329,22.86625935,14.12373816,-3.939451198,2.476654214,-0.580007383,1.871550286,3.169001446,5.158487463,-0.687348663,9.111227827,-0.505506588,0.31070946,1.847756513,-3.24178832,-5.321364427,14.53934857,23.87364418,15.13814645
11.08015616,18.72837355,8.716070625,-9.209838394,1.191142651,-0.802177686,-1.470329508,1.524311537,-1.327043124,-7.638931838,1.333493467,0.068231567,-0.617161602,0.620208948,-6.979226525,-9.592314962,11.35186367,18.27705953,11.86191144
6.419493472,11.62950234,1.541101208,-10.16284093,0.037844849,-0.969019212,-3.577384028,0.273563566,-5.268663604,-7.781279958,-2.114480155,1.065746789,-0.751298813,0.205498337,-5.734438319,-8.889125167,7.511397947,10.41952351,7.912982649
2.21306315,4.649045062,-2.587078715,-5.900099149,-0.535406084,-0.777971877,-3.668567682,-0.211267784,-4.661721396,-0.847672914,0.263356168,0.085207604,-0.704484311,0.465861406,-1.942884061,-5.408354817,4.180788861,3.449794721,4.779045764
0.155739452,0.487775456,-0.994245903,1.797671013,-0.552942086,-0.203983534,-2.114492715,-0.280744596,-0.004607835,9.88333675,6.21692324,-3.903971735,-1.101471051,0.833334291,0.411318664,-2.253128645,2.199503423,-0.281291209,3.267766363
0.561314008,0.078571456,4.458432579,8.763159039,-0.510819306,0.461188871,-0.112279029,-0.653366024,6.161869885,19.41048449,11.49874763,-9.567638719,-1.978819609,0.777558071,-1.262720796,-1.323739602,1.848307558,-0.122151451,3.192613636
2.294292644,2.343042891,8.773837766,10.5840896,-1.005037738,0.785255905,1.092838958,-1.778328562,10.78701318,23.46999599,12.77988092,-13.81990369,-2.700439099,0.191491479,-6.183546003,-2.403840227,2.819822253,2.908805575,3.65803696
3.691304178,5.140480167,7.93791648,5.504828227,-2.253546637,0.463487809,0.930323843,-3.433075162,11.81491259,20.26072899,9.667524521,-13.65133656,-2.459880863,-0.567345441,-10.64519856,-3.87523442,4.385175385,6.893868969,3.732826485
3.767677191,6.696939406,2.343986282,-3.94102334,-3.877774726,-0.500041725,-0.264199537,-4.867046473,8.859794733,10.83952715,4.558418207,-8.019857029,-0.971033037,-0.972522055,-10.62663239,-4.223622158,5.719103195,10.03210639,3.078566745
2.824032166,6.572328225,-3.372319662,-12.0586062,-5.123763087,-1.807410696,-1.59781231,-5.349298616,3.013491893,-1.563259248,0.681007933,1.356921723,1.204790549,-0.715562647,-4.716484336,-3.031139189,6.281783938,11.40778952,2.141308002
2.054299249,5.634362512,-4.029325075,-13.52621348,-5.370974818,-3.050250795,-2.259288249,-4.66373281,-3.74272556,-12.75349038,-0.109554175,10.77538148,2.968029448,0.097194702,4.741037028,-0.804489046,6.077053418,11.22957535,1.795788182
2.516797825,5.217801934,1.848001389,-7.10574073,-4.557282031,-3.928095704,-1.99861548,-3.177273611,-9.128734302,-18.93782458,1.756832017,16.42275498,3.409471691,1.047747418,13.08959468,1.892930716,5.60890597,10.52042929,2.684446794
4.276321181,6.139238772,10.65529813,3.134412622,-3.211945026,-4.362689966,-1.152255211,-1.490718035,-11.14686979,-18.05170437,4.373484155,16.2887394,2.423590094,1.69201677,16.34360262,4.973798604,5.509003211,10.44913921,4.695534575
6.339540154,8.209030054,16.31018597,10.22602267,-2.082603775,-4.456976324,-0.264938979,-0.021509638,-8.78677113,-10.71560082,6.029301178,11.08252325,0.764605871,1.801876944,13.60589124,8.464801579,6.043735194,11.62165518,6.937303568
7.372112365,10.4373337,14.74434668,8.948363551,-1.638383953,-4.3573452,0.356215956,1.126122976,-2.695001556,-0.247770373,6.385151271,3.730819878,-0.478726634,1.412308394,7.316579724,11.70629226,6.849375553,13.67427168,8.236026049
6.616217097,11.65304311,6.785064458,-0.412513644,-1.806565833,-4.131221217,0.796815974,1.954072071,4.71793155,8.654215181,6.34706777,-2.184866989,-0.599715484,0.696230212,1.348909762,13.13245819,7.135376645,15.39748787,7.832486786
4.343748738,11.07998075,-2.666409551,-11.91670666,-2.109553766,-3.739688593,1.289807907,2.297533943,10.16640652,12.17837534,6.914726314,-4.177440284,0.311243516,-0.186408009,-1.54409427,11.17668622,6.270365175,15.36914553,5.820819877
1.595090291,8.591046337,-8.287118797,-17.75517596,-2.069144568,-3.102046482,1.790469803,1.800145575,11.13233855,9.375284309,8.044556794,-1.912141237,1.48890596,-1.134018237,-1.145243003,5.729129407,4.352209957,12.78393576,3.060317476
-0.504200454,4.661464428,-7.872171136,-13.51072076,-1.564213072,-2.183455111,1.754132172,0.19053584,7.283200897,2.507266642,8.473319516,2.858463156,1.996937368,-2.033269589,0.717688523,-1.149016665,2.322154394,8.01002722,0.659594937
-1.312670969,0.198912991,-3.210024674,-1.287585299,-0.888843869,-1.034468153,0.363170407,-2.393127134,0.619145863,-4.592802208,6.64783773,7.313686052,1.234540567,-2.676159226,1.899144352,-6.131756338,1.48188176,2.521531448,-0.589085258
-0.788573845,-3.638219724,1.937210976,11.52020671,-0.496082112,0.235333349,-2.891442089,-5.34693878,-5.866634135,-9.064433688,2.045799735,8.944532224,-0.850095341,-2.777040621,1.472371939,-6.730817033,2.707043621,-1.78372348,-0.461691579
0.773865279,-5.670161562,4.763676961,17.0422342,-0.640307674,1.508598403,-7.666218057,-7.89351699,-10.08733287,-10.61949961,-4.119263874,6.63066686,-3.864036692,-2.110239876,0.039066753,-3.07298953,5.889065065,-3.489253304,0.843540789
3.04649071,-5.039882556,4.91769243,12.02685324,-1.186640447,2.681053814,-12.67832053,-9.492370063,-11.90632596,-11.03195607,-9.367766449,0.998103893,-7.200745285,-0.67843752,-1.142385693,2.075720896,9.984658437,-2.260025313,3.023786106
5.739436825,-1.605802288,3.779982405,-0.281285452,-1.715652248,3.635834838,-16.21567978,-10.041877,-12.57203364,-12.03178132,-11.32858937,-5.98069752,-10.20545797,1.215353766,-1.306130614,5.176643499,13.61883019,1.172510103,5.844654749
8.468724409,3.840441305,2.674875383,-12.67705882,-1.832589131,4.210284208,-16.982545,-9.745965681,-13.1206224,-13.44921253,-9.127768648,-11.87128055,-12.24354508,3.057817698,-0.675365453,4.34492932,15.80523524,5.533782622,9.04125431
10.66452535,9.748143791,1.820044034,-18.98644427,-1.451198544,4.213581378,-14.77397002,-8.817761814,-13.20277848,-13.26672848,-3.892822124,-14.73634777,-12.778434,4.334686959,-0.057866414,0.558185793,16.30717943,9.624718522,12.10919778
11.71625644,14.37555896,0.797754339,-17.86442481,-0.851078193,3.515656213,-10.55931711,-7.309871611,-11.41955717,-9.596188202,1.946444555,-13.79917551,-11.54097485,4.742504211,-0.034110052,-3.189584121,15.47642383,12.64846534,14.27496114
11.297825,16.48371258,-0.25828387,-12.77188042,-0.471487269,2.160817657,-5.921425089,-5.198766972,-6.892834951,-2.855605666,6.111105896,-9.599277691,-8.72076816,4.29168104,-0.453211175,-4.066975094,13.80741903,14.16937849,14.78364147
9.609034133,15.78340746,-0.215040237,-8.462384464,-0.586060435,0.419932092,-2.201964254,-2.583091674,-0.613826095,3.893699383,7.764414831,-3.639044342,-5.000688909,3.260362974,-0.584122723,-1.267804161,11.61040809,13.94620832,13.3430298
7.305283779,12.91566153,2.143098023,-6.945059665,-1.082808707,-1.278417334,0.121913447,0.2469909,4.80760157,6.99927245,7.841997415,2.28117443,-1.32297609,2.040603902,0.286439461,3.704167086,9.028323704,11.93115591,10.38240691
5.137302054,9.038121572,6.659935896,-6.170927574,-1.504783448,-2.517547052,1.469888444,2.952002551,7.007938944,5.109711851,8.23593316,6.725241628,1.516731542,0.964076182,2.301269662,8.297650287,6.28106698,8.476882145,6.891342054
3.562260735,5.299187987,11.31256828,-2.402216489,-1.335739498,-3.067772665,2.630146223,5.329493962,5.855044786,0.461960835,10.37388116,8.992995913,3.18457236,0.189451046,4.884180311,10.59183349,3.821540538,4.489569321,3.918879241
2.605739037,2.471899597,13.40092027,5.821453045,-0.350959585,-2.960387697,4.057069658,7.3098532,3.75932339,-2.697560836,14.12082672,9.089590189,3.810421398,-0.30726949,7.015736677,10.17720164,2.194316206,1.215914257,2.07523819
2.038830832,0.845183946,11.60838515,15.56142658,1.198260383,-2.419031822,5.475203152,8.734211089,3.808897422,-1.445482219,17.73093526,7.417243793,3.691797246,-0.649922229,7.709078212,7.871907041,1.689154137,-0.35610825,1.367894734
1.679041488,0.302808715,7.21055949,21.17451321,2.698611978,-1.702555476,6.048583731,9.169365349,7.102695304,3.424392585,18.90530113,4.461929513,2.958822994,-0.939323403,6.435747984,4.846914236,2.09985715,-0.103325551,1.434201179
1.548528251,0.481450627,3.29103607,18.63767212,3.526064537,-0.969029817,4.990816982,8.062428362,11.51002109,8.006866747,16.28837828,0.6962357,1.49631295,-1.160580887,3.353032573,1.989831873,2.83636058,1.132536661,1.933532106
1.782207502,0.958863343,2.454735182,9.028906264,3.410351724,-0.245540068,2.197797598,5.245033358,13.08169851,8.52307188,10.43337539,-3.299584561,-0.798055057,-1.175037916,-0.722302235,-0.156738049,3.346317159,2.148422612,2.778442714
2.416038363,1.459456577,4.833657442,-1.799442126,2.57114106,0.495819983,-1.529075952,1.401387698,9.191941654,4.572919292,3.599204529,-6.712017898,-3.640463129,-0.804534303,-4.591222861,-1.188891752,3.532359425,2.32324375,4.066313179
3.284151997,2.013548446,8.025257599,-7.324018963,1.535714184,1.232669505,-4.830549428,-1.992664078,0.951770804,-0.358606257,-1.496163194,-8.603771847,-6.223220629,0.040544199,-7.117633447,-0.831851531,3.833182135,2.185416287,5.841668879
4.129560327,2.941412531,9.072322455,-5.102999935,0.771031477,1.847052247,-6.493918923,-3.396683365,-7.151520413,-1.715473226,-3.157077184,-8.294666904,-7.501282078,1.268734518,-7.649651628,0.800293278,4.887246994,3.087199612,7.936550343
4.81175375,4.585342367,6.92406187,1.590723804,0.398243135,2.172442626,-6.068538397,-2.165452542,-10.29778772,2.199724342,-1.482740394,-5.778582221,-6.757468606,2.61034539,-6.191701546,3.044929598,7.014220362,6.127556189,10.01871126
5.390648992,6.908785373,3.382763228,6.595475914,0.197781522,2.089805854,-4.013044269,0.98244542,-6.796084122,8.447409409,2.002434677,-1.842357327,-4.062023988,3.715110918,-3.244877603,4.979282886,9.884440658,11.09452567,11.76164442
5.985171119,9.270001201,1.71635158,5.895777718,-0.10764201,1.597376176,-1.31372247,4.413593565,0.719762207,11.47642385,5.502086822,2.260382456,-0.295552959,4.285334204,0.514260929,6.028935642,12.6094513,16.27591536,12.95279138
6.539882488,10.64598982,3.980847731,0.7961738,-0.523821517,0.811514389,1.133790531,6.672139001,7.313536074,7.545226528,8.022023352,5.387981596,3.287525228,4.172658757,4.414345314,6.354987577,14.19771838,19.39388727,13.46255528
6.7582959,10.27322972,9.1675325,-3.342934382,-0.68581831,-0.081846731,2.946172574,7.403859866,9.409791404,-1.914506334,9.642928127,6.943510159,5.657063539,3.407570762,7.69364972,6.608510522,14.094792,19.07094293,13.18153128
6.337575736,8.291231916,13.70791952,-1.748423087,-0.090612771,-0.872666946,4.214522512,7.400480384,7.234029858,-10.77965068,10.9287615,6.884389941,6.383153395,2.185550108,9.351430185,7.2419956,12.50267146,15.78481855,12.0872069
5.352194126,5.857779155,14.06770157,5.600736152,1.5002735,-1.341170086,5.101989504,7.748084736,4.170721334,-12.43503411,12.07082841,5.395761542,5.608630426,0.849429201,8.358810776,8.048429758,10.32354939,11.59484852,10.44571962
4.435824016,4.522122495,9.51883941,13.76539374,3.795330386,-1.267046289,5.451607772,8.794618057,3.665204488,-4.663311049,12.5252859,2.606356267,3.748804764,-0.131545672,4.375777758,8.430625053,8.770305394,8.805927973,8.935698718
4.504656184,5.207207837,2.9596827,16.79323552,6.057839407,-0.48384871,4.765098156,9.801318398,6.246337455,8.419144639,11.44819016,-1.331766562,1.216023197,-0.236627119,-1.467493939,8.18068012,8.820371411,8.515257479,8.443341129
6.116840151,7.522797465,-0.954305392,12.54920341,7.490319824,1.0099494,2.608725293,9.569014844,9.091194575,18.88091044,8.544437405,-5.862602096,-1.630338055,0.929526195,-6.538614534,7.957239164,10.7347472,10.06305521,9.519448096
8.903883159,9.964946001,0.879681885,4.405815505,7.644220705,2.946476746,-0.862816602,7.50581513,8.443520685,20.19513906,4.584576948,-9.783356745,-4.360352103,3.390646736,-7.89764214,8.823843769,13.84511295,11.72115209,11.83674052
11.54662867,10.92313159,7.626700426,-1.607734551,6.575380028,4.793909669,-4.709194971,4.226247771,2.87154549,11.49321249,1.100160362,-11.57199973,-6.403270662,6.620944142,-4.233305122,11.09030789,16.73909396,12.03454403,14.11840327
12.42743418,9.78636106,14.83128391,-1.785953758,4.679051464,5.928648355,-7.561783448,1.168931467,-5.30456472,-2.029709156,-0.563614018,-10.2641274,-7.200891457,9.603227298,2.798655728,13.49568674,17.83034618,10.78736551,14.74431776
10.59922532,7.327104567,17.32294797,2.345275139,2.389035009,5.916339589,-8.345956054,-0.445489836,-11.57123083,-12.65479073,-0.121471814,-6.302272361,-6.523189109,11.18645146,9.082802619,13.67478996,16.10209316,8.92131088,12.73217924
6.439302268,5.072024964,12.74373178,5.634092096,0.004674111,4.744940168,-6.881561337,-0.438220486,-12.50695689,-15.04243174,1.536599809,-1.621044485,-4.690474393,10.61210054,10.44072429,9.814578738,11.6586794,7.584036332,8.435825866
1.52608297,4.14590167,3.246053746,4.01976019,-2.241837474,2.855297083,-3.939436003,0.397728237,-8.187640034,-9.203601358,3.08823966,1.311221636,-2.472280533,7.928742637,5.450973279,2.283535411,5.748400706,7.144328719,3.426526988
-2.210816736,4.48397114,-5.84507909,-1.707555714,-4.006189601,0.932366804,-0.722130432,1.152296886,-1.875801152,0.18868332,3.804410535,0.98932333,-0.672820895,4.033620331,-3.353405973,-6.158103389,0.185318172,6.972350284,-0.417767918
-3.524752246,5.012046357,-9.49914682,-6.3846423,-4.781588867,-0.423813461,1.84364737,1.645103186,2.63756291,7.327755428,4.053491053,-2.098709506,0.327048133,0.282604933,-10.96514325,-11.91806986,-3.52978117,6.113488038,-2.004485862
-2.411436461,4.623244117,-6.182930589,-4.869437288,-4.099619216,-0.947982051,3.49471724,2.489154573,3.845604866,9.092298938,4.882690598,-5.68566722,0.739758068,-2.128735384,-13.16449119,-12.80936541,-4.865820412,4.249718997,-1.539959359
0.124196855,3.153332496,1.393275609,3.33893,-1.859688305,-0.738975044,4.464374905,4.306096369,3.294093602,6.710019338,6.999766183,-7.116572262,1.119770056,-2.66811935,-9.245752737,-9.265763706,-4.293796838,2.134900947,-0.129637538
2.862884221,1.57608602,8.422378966,13.21196437,1.485391253,-0.083034636,4.973511435,6.811221261,3.840987849,4.438130973,9.960144213,-5.006798716,1.868950979,-1.58686602,-2.202857877,-3.637081372,-2.714305217,1.149243688,1.18685609
5.136202942,1.279311166,11.42100098,17.90808623,5.072414943,0.776058308,4.85409176,8.651098248,6.952065671,6.355702156,12.23017406,-0.059241204,2.860849157,0.365074105,3.726645504,1.767498167,-0.726664608,2.338170709,2.205882162
7.044895428,3.012177739,10.43666035,14.11910399,8.025392879,1.748309541,3.644352496,8.257819375,11.25548914,13.40601376,12.1456668,5.460967838,3.463511113,2.411696504,6.223618962,6.222806916,1.709001894,5.688193652,3.555291721
9.047317324,6.326173596,8.507681669,4.698835657,9.825616818,2.828628482,1.078959064,5.097073024,13.46583783,22.51706901,9.106174171,9.152504075,2.95497197,4.115771352,6.29705449,10.49071066,4.981286649,10.15887647,5.961075278
11.29887749,9.902173595,8.911115655,-3.536820128,10.39788615,3.935653542,-2.453629828,0.292005892,10.87334851,28.30508871,4.144373447,9.797829709,1.049677189,5.458752747,6.930265051,15.34416434,9.177561087,14.36994083,9.406162519
13.28289931,12.44678967,12.37531136,-5.005153565,9.897822155,4.818023798,-5.907701648,-3.945189834,3.431180861,26.33570065,-0.568288104,7.77415857,-1.81743131,6.666316277,10.20682191,20.19621876,13.64089097,17.36685096,12.8784892
14.03090274,13.44039531,16.41281105,0.634161842,8.433566676,5.128490418,-8.091404539,-5.704215973,-6.090326128,15.99826696,-2.982479767,4.496087711,-4.633354347,7.953289782,15.36616547,23.18699187,17.14591751,18.92396455,14.93469239
12.7811366,13.2229526,17.26608231,8.697775916,5.993515135,4.626129733,-8.335672804,-4.56373062,-13.85326114,1.223184438,-2.374457766,1.486269866,-6.283984768,9.357762778,19.3963328,22.71498763,18.61214627,19.30109004,14.66803913
9.599407727,12.48724771,12.9325617,13.41777129,2.646018338,3.358009998,-6.832403783,-1.707891579,-17.19991341,-11.51150169,0.289764253,-0.248760759,-6.080821441,10.72220206,19.59448145,19.02811499,17.82883036,18.81255104,12.36014833
5.509802355,11.69231702,4.911525329,12.18414099,-1.19079519,1.678783723,-4.411656471,1.057773686,-15.82904,-16.79921111,3.046090748,-0.312479052,-4.053216259,11.76952701,15.86150356,14.36270196,15.62766495,17.62158626,9.33787437
2.02191106,10.86262386,-2.674251264,6.775276824,-4.700656772,0.082838277,-1.959476449,2.592885067,-11.3463275,-13.36588901,4.204525928,1.241895636,-0.884897051,12.19516149,10.75876003,11.37328258,13.34443279,15.84578902,7.142108379
0.347451024,9.809566987,-5.888833372,1.080450402,-6.959186479,-1.041201106,0.069004951,3.04516854,-5.881605853,-4.612136126,3.369260174,3.957480474,2.425220648,11.7432084,7.307804747,11.11993828,11.94419354,13.70909331,6.593355735
0.795648022,8.434639813,-3.572737854,-2.232787689,-7.386815609,-1.570923013,1.705982988,3.42924617,-0.948997465,3.763037379,1.569614556,6.873004085,4.977169143,10.28320825,6.466101932,12.30325442,11.43352596,11.45648976,7.373332759
2.706327599,6.788533427,2.185991738,-3.116380936,-6.033088177,-1.628179991,3.134674166,4.606854354,2.789448602,7.494660313,0.462522134,8.597210979,6.261869637,7.896118926,6.470980317,12.36944784,10.96356553,9.069350349,8.34917435
4.928348221,4.904703688,7.876892987,-2.769493756,-3.481253346,-1.408656589,4.305079682,6.516811318,5.101242291,6.293152727,1.166307302,7.833696151,6.228914391,4.92814842,4.589551867,9.502971967,9.520757997,6.137622538,8.365233548
6.517547752,2.713870721,11.09799612,-1.37655884,-0.460760646,-0.99735089,4.842872235,8.21099517,5.811414995,3.457813662,3.502107737,4.179348524,5.149515455,1.945377413,-0.303820808,3.821161185,6.698367821,2.19430549,6.967829564
7.218989122,0.259170194,11.80276589,2.430179074,2.520820197,-0.305511817,4.307936648,8.570456257,4.898988445,2.95629851,6.126864207,-1.399062968,3.385495223,-0.43218309,-6.616106086,-3.097943896,3.026989001,-2.619279268,4.641645563
7.462020789,-1.955785309,11.49716387,9.651263555,5.254966587,0.828054507,2.55628868,7.08254005,2.836622222,6.25620979,7.441981461,-6.920857851,1.205567592,-1.747402403,-11.36255384,-9.665106392,-0.310474348,-7.124075454,2.483622949
7.912980112,-2.931849925,11.37525702,18.47935964,7.612666474,2.445886897,-0.104744883,4.113167603,0.628645213,11.35433864,6.650594654,-10.47662666,-1.24982641,-1.848642405,-12.71284951,-15.18140231,-2.13336143,-9.452583044,1.564016781
8.899220463,-1.719879257,11.17149241,24.13281441,9.282198092,4.3284066,-3.071173869,0.583038586,-0.692525111,14.67918018,4.250507555,-11.29545066,-3.849448767,-0.873899683,-11.43079345,-19.34470033,-1.849783671,-8.150249176,2.347822389
10.08385292,1.73491737,9.708928564,21.86075018,9.748654313,6.006584555,-5.737959674,-2.590244007,-0.751710498,14.21279864,1.64671932,-9.976096178,-6.298717898,0.893312264,-9.874085987,-21.06094256,0.336423098,-3.310890883,4.462525244
10.60523316,6.158991104,6.497844185,10.98614077,8.577655697,6.941964616,-7.677177454,-4.843991956,-0.059870648,11.18832642,0.179367352,-7.707662723,-8.066921077,3.171504315,-9.458904108,-18.15608621,3.620397944,3.172725268,6.900159985
9.60372388,9.474060566,2.753144924,-3.523530126,5.785932866,6.78193823,-8.598571405,-5.959799007,0.500694439,8.928686663,0.266499593,-5.15843597,-8.518690243,5.716874188,-8.977656985,-8.85394763,6.994714588,8.605003743,8.539240638
6.813517437,10.0967953,0.729971306,-13.76195689,1.985562725,5.549230886,-8.231577616,-5.869535073,0.539370844,9.833442153,1.265338589,-2.025131958,-7.218580847,8.242309219,-5.502407899,5.922726031,9.621890222,11.14118979,8.728368797
2.844073059,8.10574783,1.84495374,-14.17465952,-1.842371932,3.65601813,-6.350783063,-4.549807833,0.592573822,13.1399076,2.118343027,2.321159253,-4.238640959,10.33224237,2.69570415,21.58209995,11.05309191,10.9165226,7.628309801
-1.049194249,5.303920278,5.242087988,-5.431860784,-4.799884303,1.726568934,-3.008145808,-2.09982869,1.665893265,15.46301591,2.258045395,7.65239993,-0.259616486,11.4837647,13.72983202,31.69121526,11.27184519,9.768062616,6.101125326
-3.597753003,3.970741546,8.18284471,6.175255094,-6.437295115,0.317234183,1.217683052,1.130457608,4.19318236,13.73023242,2.0454339,12.29764714,3.639355792,11.2994907,22.51825241,31.82687364,10.58609339,9.699259908,5.165654837
-4.190285825,5.144601406,8.095198827,13.35795775,-6.803213639,-0.318335843,5.245761042,4.548994544,7.300654216,8.00428257,2.381450681,13.8802318,6.419097889,9.715213191,24.08894406,22.71919965,9.4086217,11.22671883,5.316296738
-3.169442798,7.750427211,4.647323097,12.8391901,-6.203715908,-0.292961198,7.911586986,7.510389192,9.11379802,1.698563893,3.799578374,10.99063692,7.517023169,7.089612352,17.30790328,10.09644814,8.010882774,12.89690653,6.147977877
-1.557219569,9.330622419,0.121113782,6.93364391,-4.90076918,0.051389951,8.580875762,9.556033817,8.037022225,-1.102128933,5.800105336,4.509035368,7.049789305,4.069835537,6.010931746,1.007631446,6.391830291,12.40191021,6.594254015
-0.365347607,7.921079646,-2.244145409,0.815400234,-2.980252604,0.39443463,7.553963011,10.54565405,4.104527621,1.027680953,7.040436954,-2.585857764,5.689840926,1.310708691,-3.523821268,-0.809478741,4.384255568,8.490918505,5.694384456
0.077648778,3.681050289,-0.584086124,-1.8863732,-0.441634739,0.64541043,5.948715771,10.63445178,-0.669472781,5.745737389,6.325125964,-6.963103223,4.305856668,-0.767289867,-6.909978207,2.94508522,1.973731844,2.223208795,3.401090436
0.341025277,-0.995506902,4.45211968,-1.38498752,2.624019857,0.978202607,5.085445042,10.16775224,-3.347521441,9.042548144,3.653610142,-7.04083663,3.562484878,-2.035012505,-4.475919281,7.101180641,-0.39330786,-3.436885402,0.8341839
1.4853295,-3.038923111,10.54241168,-0.269600464,5.938693543,1.674969981,5.730415205,9.56717921,-1.919186773,8.727074455,0.447393673,-3.906409584,3.656076163,-2.532673942,-0.469797383,7.451057419,-1.810247924,-5.454776008,-0.289744568
4.271868135,-0.819889321,15.58819284,-0.049453239,9.080158667,2.885031944,7.646845396,9.20095379,3.281224155,6.209724357,-1.346899715,-0.395519207,4.266936145,-2.312065862,0.57099588,4.059135099,-1.348110078,-2.697928022,1.248579312
8.486718059,4.712031865,18.92380884,0.808613002,11.58203244,4.461744541,9.703880084,9.202143232,9.566275747,4.954244713,-0.702875028,0.932033695,4.716942624,-1.392715723,-2.682612944,0.808471209,1.278320553,3.339123074,5.264147758
12.8244514,10.65546697,20.87298317,5.353099092,12.98816942,5.986897886,10.46113478,9.29312984,13.34597792,6.941056115,1.565136704,-0.610703687,4.273687992,0.143684368,-7.678487913,1.664048483,5.277465865,9.512917005,10.08628622
15.43763211,14.02264718,21.32156263,14.45356368,12.85891156,6.966456275,8.900929227,8.793779525,12.14231271,10.35711169,3.166969709,-3.765325813,2.514515905,2.039584698,-10.40673776,6.870433847,8.974015669,12.94923392,13.40628731
14.85259444,13.46358307,18.952885,24.43890856,10.83001348,7.071960949,4.944851502,6.956269093,5.9467292,10.77168061,1.817524129,-6.614647442,-0.378689014,3.877809404,-8.706542596,12.37288308,10.62483989,12.551194,13.53280682
10.73960657,9.708447644,12.18280934,28.63047711,6.804899204,6.284074082,-0.466025926,3.527311376,-2.836858899,5.004946409,-3.187781377,-8.039160648,-3.559368294,5.261925561,-3.73528738,13.06117494,9.395921343,9.184063091,10.27042577
4.129271225,4.655108817,1.155153057,22.02938559,1.213868141,4.873890355,-5.741834242,-0.83456941,-10.73275213,-5.612957927,-10.43326815,-8.19189147,-5.810845563,6.033625015,1.360400778,7.190878097,5.868166672,4.67003433,4.917840888
-3.002669842,0.022273745,-11.05714215,5.572829614,-4.867273389,3.266866185,-9.304010596,-4.684207788,-14.96896039,-15.58781583,-17.26946525,-7.827138922,-6.141811148,6.339178198,4.130049925,-1.759527746,1.715215356,0.534422614,-0.516961315
-8.528197116,-3.368384602,-19.47924197,-13.55193514,-9.930838041,1.890049053,-10.26336047,-6.521316483,-14.70007666,-19.21676165,-21.48190364,-7.335432355,-4.396678547,6.463087838,4.450964634,-7.526040676,-1.259654406,-2.573102247,-4.316190468
-10.94470691,-5.347772057,-20.1237937,-26.06018797,-12.57578282,1.073718709,-8.81759908,-5.712173687,-11.12682249,-15.00286249,-22.55704694,-6.484874319,-1.480640541,6.541961825,3.884000303,-6.003647437,-2.116216921,-4.585010123,-5.67590262
-9.835443393,-5.757293173,-12.70642466,-26.25872003,-12.11795187,1.005961349,-6.158205099,-2.956599317,-6.631769727,-6.829142322,-21.71503102,-5.06389494,1.045601752,6.391894436,3.68567075,1.244735222,-1.188387102,-5.414973349,-4.740420514
-5.914319164,-4.244785907,-1.078550939,-15.21655931,-8.920069108,1.69788036,-3.89438907,0.079674329,-3.54173251,-0.834238092,-20.83262445,-3.652625746,1.853964461,5.615749901,3.550720803,7.85508015,0.285040748,-4.773897282,-2.262728256
-0.720865609,-0.779858077,9.071374058,0.609732236,-4.229483261,2.945168635,-3.275133163,1.74760468,-3.20434593,-0.571853369,-21.17732356,-3.55624405,0.69080068,3.941119297,2.30367471,7.433937672,0.995710462,-2.605877021,0.751366579
3.909586059,3.660498288,13.63948784,13.89461015,0.397906149,4.332719705,-4.648110399,1.326081981,-5.762510689,-4.535345967,-22.90686951,-5.73153879,-1.420029046,1.54210324,-0.235623416,-1.357615984,0.302914242,0.343076364,3.250286284
6.472022113,7.098704833,12.25816631,20.63511749,3.768483938,5.347358192,-7.481848693,-0.765457933,-10.553718,-8.124164831,-25.57491444,-9.604826991,-2.832471516,-0.917857856,-2.227306559,-13.35063691,-1.536962309,2.531268607,4.306333161
6.358815381,7.586626459,7.862723309,21.29870756,5.464688944,5.59885197,-10.91225159,-3.526214176,-16.72411292,-8.279231477,-29.03300362,-12.98927366,-2.414221326,-2.593188657,-0.93596104,-20.27434306,-3.664790404,2.449490723,3.41851198
4.156851587,4.647087565,4.338042792,18.87296495,5.828427128,5.042658402,-14.39365574,-6.180719865,-23.60604227,-6.635917879,-33.82697346,-13.47615524,-0.390777713,-2.924268016,4.739240852,-16.5770891,-5.133167485,-0.234654008,0.897099644
1.469331338,-0.008608107,4.154424273,16.0049173,5.593484765,4.046155768,-17.9442311,-8.566007665,-30.66295051,-8.258618376,-40.67097207,-10.35254924,1.736343961,-1.947474637,12.59520799,-3.406871112,-5.297673346,-4.113655212,-1.98972363
0.216756219,-3.220017933,7.512175166,13.54672718,5.410664421,3.211156534,-21.79374518,-10.85659763,-37.1811075,-16.87386014,-49.42388146,-5.456629495,2.203907649,-0.23248226,18.10665459,12.11309434,-3.941968556,-6.622968714,-3.4266715
1.660997227,-2.242004306,13.03819555,11.10490121,5.511973489,3.028400756,-25.75439634,-12.99698363,-42.12223926,-30.72201956,-58.48772562,-2.080047568,0.253740612,1.50393241,17.65559271,21.70781757,-1.221942666,-5.509669043,-1.981629546
5.641452892,3.489368718,18.91641672,8.37912752,5.642948675,3.575944037,-28.92523961,-14.46629962,-44.45491924,-42.87422063,-65.28309192,-2.584028703,-3.258177216,2.830667986,11.54297799,21.35705369,2.414448326,-0.247564984,2.445008062
10.5018786,11.91049781,23.43376837,5.737833643,5.250311135,4.467636803,-30.12232909,-14.66759044,-43.88403403,-46.20555504,-67.63405194,-6.536988882,-6.387294076,3.781464073,4.222106769,13.52300249,6.271848849,7.545400019,8.317945539
13.85009964,19.51024034,24.95918605,3.644340723,3.814517258,5.097187374,-28.8187485,-13.61134381,-41.46736389,-39.19181591,-65.15634966,-10.90021733,-7.427096156,4.674648228,1.280415761,4.886937738,9.483826711,14.95864536,13.13979303
13.79743955,23.31610854,22.15161945,1.880194018,1.177481593,5.018275804,-25.85851576,-12.21846418,-39.50123837,-27.72826723,-59.65875268,-12.22930744,-6.104004608,5.731819532,5.317476334,1.494341353,11.20551785,19.33772001,14.77957581
9.990387575,22.3738297,14.86250707,-0.324981095,-2.277556165,4.205568139,-23.24478847,-11.83757969,-40.44682792,-21.18536501,-54.2056473,-9.250275668,-3.775681518,6.793343942,13.86540041,4.838523459,10.90184913,19.55484621,12.65011072
3.824874277,17.87476778,5.105334981,-3.231150369,-5.687634303,3.030453936,-22.949215,-13.24837692,-45.36371351,-25.52313337,-51.38488932,-3.827493923,-2.471865232,7.34744003,21.00992705,11.44079329,8.591800738,16.3068132,7.984648926
-2.291666064,12.09161462,-3.169664486,-5.723140945,-8.011236287,1.992442258,-25.4867999,-15.92293335,-52.83473888,-38.72710269,-51.85031896,0.426312513,-3.449196766,6.855713679,21.55333527,15.83176979,4.894866288,11.44280505,3.050766564
-6.188526587,7.036086796,-6.056559114,-5.77298611,-8.448085899,1.414404147,-29.30850209,-18.18650881,-59.25758321,-52.09742621,-54.0256633,0.81508758,-6.281934466,5.144747818,14.64186049,14.5231906,0.832924361,6.904891627,-0.158650029
-6.949340364,3.735328198,-2.378091425,-2.12511787,-6.776771569,1.312728021,-31.57559066,-18.23695439,-60.59525278,-56.40975682,-55.1227801,-2.548399948,-9.123696894,2.589318758,4.242949621,8.156469713,-2.52017716,3.953605122,-0.90537561
-5.13402549,2.367345936,5.038344266,4.206268003,-3.43456677,1.499325929,-29.90534228,-15.30392764,-54.68170244,-48.2873249,-52.83675289,-7.011910098,-9.940934917,-0.041258527,-3.728666605,0.590742445,-4.382205787,2.987453946,0.208661107
-2.164009087,2.806542775,10.91888398,10.12019269,0.699695708,1.791464977,-23.93740914,-10.11652136,-42.6679289,-32.14281687,-46.71091867,-9.484381947,-7.848678275,-1.977129165,-5.401469211,-4.065802182,-4.473465796,3.80328869,1.967160352
0.657200009,4.953433855,11.21585163,12.44790011,4.68989185,2.141989487,-15.64275925,-4.388380191,-28.60267839,-16.59695578,-38.39443078,-8.659912751,-3.647142593,-2.836117615,-1.197718121,-4.192251274,-3.047538922,5.935811597,3.469234797
2.84855839,8.609675325,6.268088887,10.33872005,7.878068914,2.597757708,-8.155994682,0.231695968,-17.28183471,-8.418484041,-30.66888417,-5.694571515,0.744482004,-2.776067536,5.002848322,-1.309947515,-0.751886271,8.840628151,4.615987645
4.79951709,13.18551544,0.876214561,6.082477961,10.01263666,3.156718774,-3.930404542,2.959090464,-11.63573405,-8.537806254,-25.81970437,-3.003638465,3.495737092,-2.337330289,8.818427757,1.533157148,1.644263308,11.9466648,5.92401822
7.249329697,17.70064982,0.933456238,3.604024345,11.16432764,3.681678555,-3.445784274,3.940793946,-11.26580529,-12.64023637,-24.30138675,-2.328132545,3.872195883,-2.088010892,8.146655247,2.238192056,3.582123726,14.73642648,7.949718171
10.63112342,21.23133045,8.974528634,5.706599462,11.5543338,3.969473447,-5.247815464,3.743707915,-13.02052361,-15.17447003,-24.49626836,-3.644635058,2.435870685,-2.288026434,3.977794498,1.132024926,4.974247499,16.92128975,10.82706762
14.72365849,23.480265,22.01395999,12.12164119,11.43102223,3.924797319,-7.13664967,2.825874797,-13.18271232,-13.31861368,-23.75344785,-5.610756238,0.451626222,-2.759317921,-0.878403133,0.475820672,6.232290423,18.59320348,14.22528796
18.77136873,24.95402214,33.40821269,19.75478272,11.03669694,3.681770694,-7.579055358,1.423352031,-9.818434607,-8.108153141,-20.12553588,-6.898841297,-0.967536868,-3.020973376,-3.841896555,2.52095939,7.976325604,20.16257815,17.63623815
21.89762275,26.5120514,37.40408392,24.80665152,10.60325797,3.547758197,-6.405200136,-0.198806273,-3.801081564,-2.596639544,-13.73613109,-7.139361475,-1.377032694,-2.600282889,-3.887278286,7.627089022,10.53144544,22.02485859,20.65118795
23.48550349,28.56944173,32.95947676,25.1162705,10.30032268,3.78809971,-4.49323662,-1.541928931,2.029954698,0.823302231,-6.855194739,-6.745561627,-0.944563764,-1.341966774,-1.557180254,13.81437125,13.5088136,24.13043952,22.97027668
23.30405855,30.55291872,24.01336933,21.12652307,10.13624009,4.406329237,-2.890417936,-2.035944991,4.870102443,1.690609024,-2.533515231,-6.03302669,-0.045705539,0.453727216,1.852641765,18.01507922,15.79210251,25.76311074,24.19664876
21.3928689,31.05752386,16.16805822,15.09408875,9.896220048,5.088649009,-2.109184886,-1.469533074,3.716652128,0.813183672,-2.617305795,-4.70022778,1.069788297,2.139574204,5.074150576,18.05600864,16.03198968,25.73849734,23.70874527
17.88864773,28.64791988,12.49135353,9.441561532,9.202105542,5.362575776,-2.033299697,-0.268968897,-0.194692413,-1.077006305,-6.471902852,-2.307195238,2.294754601,3.023096796,7.155598737,13.92873441,13.40698547,22.97128179,20.85910073
12.97145083,22.78555456,11.67941169,5.493336977,7.688011661,4.864743854,-2.308822627,0.694119723,-4.385760056,-3.825198766,-11.35457394,0.698430758,3.45899129,2.708015957,7.417457048,7.502004099,8.185426485,17.11238155,15.45185453
6.963219111,14.28218087,9.798650266,3.199867031,5.188641797,3.543033304,-2.757540579,0.657808562,-6.720214436,-7.201872293,-14.25991026,2.559223988,4.197100519,1.301047011,5.468508933,1.027231069,1.710935183,8.893709188,8.158547807
0.462502291,5.01329343,3.960701272,1.601323298,1.825532297,1.67920623,-3.457466673,-0.565303852,-6.476788227,-10.12508353,-13.96919153,1.136371357,4.091502847,-0.620747997,1.424088749,-4.324715556,-4.202241688,-0.02521999,0.500293616
-5.639575847,-2.898687935,-5.109484411,-0.533398564,-2.038276306,-0.250723634,-4.509772949,-2.591419221,-4.337309098,-10.91323749,-11.80302218,-4.29186849,3.009430423,-2.262795773,-3.891072689,-8.753659136,-8.090947569,-7.644300304,-5.699182467
-10.33272898,-7.938868786,-13.55804732,-4.171775038,-5.905642466,-1.768016905,-5.78800575,-4.883744881,-1.548250656,-8.592038394,-10.46978412,-11.8195929,1.340288664,-2.955862638,-9.044573788,-12.80986758,-9.384608397,-12.35804534,-9.104817918
-12.79135286,-9.66066571,-17.338095,-9.529564451,-9.228121914,-2.530701009,-6.925534869,-7.154248978,0.978742443,-4.069017154,-11.82842395,-17.53789679,-0.11524393,-2.422273381,-12.44371566,-16.04801682,-8.396807454,-13.49652255,-9.429397672
-12.66857255,-8.619052336,-15.12922052,-15.65156787,-11.45335725,-2.393396591,-7.534182295,-9.359427928,2.994722048,0.07329793,-15.2682119,-17.88496472,-0.585697379,-0.853581131,-12.89645211,-16.66624446,-5.8950142,-11.44844285,-7.431644655
-10.2471148,-5.939241857,-9.016322509,-20.43004963,-12.10686737,-1.42299311,-7.435777601,-11.33052837,4.60885868,1.233117205,-18.01095528,-12.15783199,0.19101051,1.205484658,-10.01954426,-12.66013553,-2.636339551,-7.360463641,-4.401707097
-6.382984078,-2.807570354,-2.673380631,-21.46046803,-10.96262118,0.099168893,-6.712731255,-12.48324848,5.799938768,-1.36339489,-17.18920899,-3.289139553,1.793353413,3.08138667,-4.396753269,-3.713064348,0.807475499,-2.607479274,-1.508302248
-2.258403894,-0.109827024,1.250229143,-17.53900018,-8.240488064,1.70908861,-5.581523918,-12.02099264,6.255226024,-6.111335675,-12.13814192,3.851691988,3.38674617,4.194059601,2.480694127,7.732328406,3.920299117,1.686670656,0.580320361
0.980373722,1.70321001,2.473799538,-9.819449091,-4.662975669,2.872657574,-4.247631141,-9.572455851,5.678882362,-10.17947993,-5.093353496,5.556856397,4.263444481,4.205406258,8.503894569,17.31921138,6.069504448,4.869863377,1.650231559
2.590216474,2.567244079,2.418772282,-1.523279785,-1.237636289,3.181304401,-2.867448114,-5.718435019,4.26524004,-11.36608405,0.330004415,1.62093362,4.287067433,3.079964219,11.55451974,21.20687774,6.570827688,6.699863326,1.661195171
2.479290063,2.675145319,2.516572012,3.962879681,1.18098985,2.547325212,-1.584858141,-1.847180512,2.881585312,-9.181964436,1.771732132,-4.720046452,3.946667226,1.074229256,10.38721373,18.44263688,5.02572347,7.159580114,0.573352088
1.229893026,2.365570844,3.116933202,5.378133803,2.294412323,1.270754841,-0.515880461,0.691240001,2.744985262,-4.508317978,-0.142595624,-9.155187369,3.997352179,-1.334207038,5.402120415,11.51718079,1.684368162,6.36493113,-1.529792549
-0.144276787,2.077748478,3.780050675,4.438583787,2.442243537,-0.095415934,0.365565324,1.520136746,4.779245645,1.522252422,-2.328654609,-9.221093105,4.942638396,-3.577511948,-1.286584128,4.613974415,-2.485956178,4.658140746,-4.154659578
-0.637312429,2.340592526,4.331288807,4.349274886,2.280498394,-1.025457993,1.321458149,1.482419507,9.070650325,8.208688435,-1.633063886,-5.700429248,6.707342165,-5.17172399,-6.798654726,0.789997877,-6.148524672,2.760056585,-6.293497406
0.288767251,3.697309558,5.409922013,6.972971452,2.272757776,-1.282730919,2.747480154,1.928222426,14.74934367,14.95740183,2.766519332,-1.623364385,8.704727822,-5.876370991,-9.042580873,0.159625289,-8.177949782,1.719063545,-6.758269682
2.434667005,6.478512955,7.872599045,10.9524561,2.365897492,-1.002500383,4.851578602,3.566729557,20.3262192,20.54167625,8.79968549,0.211137423,10.2280319,-5.758317707,-7.86112753,0.394678341,-8.128208115,2.488911938,-4.859673782
4.923078545,10.46066518,11.63470378,12.53312242,2.090532363,-0.554057715,7.331639486,5.80705471,24.26612862,23.05117523,13.16206438,-0.740455492,10.88477561,-5.113427805,-4.881693487,-0.947935314,-6.33867216,5.270621903,-1.000761461
6.566390978,14.61824314,15.15843954,8.678659158,0.99719292,-0.287980761,9.360941433,7.152481702,25.53277686,20.97974742,13.82720188,-2.656851111,10.7814301,-4.285620691,-2.116559111,-4.194559202,-3.686630541,9.048372652,3.286463581
6.366036947,17.24710739,16.23958887,0.024107332,-0.926320693,-0.34061501,9.99836759,6.361209408,23.9476796,14.67914393,11.41974985,-3.084944589,10.35391925,-3.498041057,-0.401835142,-7.252675117,-1.198645267,11.76838826,6.003352318
3.90393226,16.58133886,13.53700089,-8.927112653,-3.192732962,-0.608397754,8.792804799,3.449760614,20.30399621,6.807842343,8.443673383,-1.056580826,9.99028036,-2.806595367,1.008375696,-7.497970677,0.258833501,11.25616705,5.70204241
-0.544467725,11.68867,7.559752792,-12.86961743,-5.152206293,-0.87356121,6.142718153,-0.266528793,16.18399798,1.072816022,7.121247922,2.077468298,9.730880514,-2.191523501,3.293999377,-4.295517403,0.136538372,6.437636656,2.230678925
-6.18825281,3.138752069,0.259174704,-9.812502161,-6.444884614,-0.964311356,3.108562251,-3.119030005,13.42776589,-0.019157299,7.681401564,3.699521233,9.264213753,-1.687365047,6.35484297,-0.014109844,-1.726485455,-1.889118418,-3.270673253
-12.05286587,-7.043810426,-6.414413207,-2.942528588,-7.19458957,-0.835096996,0.776996898,-4.246348249,13.32618274,3.247375077,8.469989039,1.997082278,8.212576948,-1.415064776,8.168335656,1.454530096,-5.04462353,-11.30084236,-9.100328847
-17.27276641,-16.23415988,-11.72746635,1.484815511,-7.789969879,-0.537767157,-0.375859846,-4.053288879,15.86155575,8.10186102,7.670302356,-2.561204312,6.483438714,-1.465114668,6.079926334,-2.345488729,-9.068840389,-18.9553357,-13.93306611
-21.21584576,-22.42060901,-16.10932156,-1.167942168,-8.446154723,-0.141917969,-0.669909154,-3.661476272,19.48817282,11.27806208,5.072116376,-7.463368236,4.409887585,-1.726127034,-0.795898211,-10.27705078,-12.71399659,-23.0393233,-17.32487816
-23.44371147,-25.0378921,-19.94187895,-10.2063915,-8.922504768,0.316629163,-0.852378979,-3.879869787,21.78348703,11.18444681,2.340051266,-9.904139999,2.560350922,-1.833375274,-10.06392853,-18.01816571,-14.87583852,-23.54138282,-19.49177466
-23.62516134,-24.90159419,-22.37606932,-19.80755323,-8.640844466,0.82879652,-1.492246825,-4.578738166,20.78320714,8.671697534,1.56553552,-8.725124868,1.351856924,-1.341277718,-16.97225727,-20.8697914,-14.82959169,-21.87799333,-20.63195899
-21.54044345,-23.34017219,-21.39238944,-23.11182642,-7.118319201,1.377231579,-2.606568772,-4.949512825,16.25573431,5.975362665,3.382169368,-5.126206597,0.761259287,-0.040629572,-17.4337101,-16.94689486,-12.4964688,-19.69638286,-20.4080391
-17.22880439,-21.18976147,-15.26935141,-17.16422209,-4.376667385,1.920081821,-3.760815159,-4.349448358,10.03723488,4.820160677,6.302463525,-1.685509617,0.36624742,1.809068361,-10.97837631,-8.410538949,-8.421143948,-17.74626555,-18.06640486
-11.1969811,-18.39784103,-4.36968041,-5.006329627,-1.017617999,2.406094164,-4.486774685,-2.94793292,5.063450773,5.199223147,7.88326909,-0.483036542,-0.299746327,3.540971943,-1.286619385,0.140976927,-3.491888551,-15.62262697,-13.14468358
-4.513352411,-14.49069822,8.239413986,6.573418747,2.07580856,2.793438641,-4.628510113,-1.607537953,3.624116781,5.656678045,6.757835488,-1.738637877,-1.34202503,4.443443991,6.282298993,4.885063721,1.399635351,-12.49292331,-6.210786553
1.36568162,-9.463789216,18.00730262,11.8187492,4.174447461,3.044114025,-4.338118267,-1.128111113,5.989046481,4.671312017,3.827291044,-3.917520526,-2.363139236,4.194483445,8.37761765,5.204484309,5.560171185,-8.157935707,1.008706712
5.048321501,-4.302355313,21.27167454,9.695112927,4.973482407,3.103970507,-3.777493537,-1.534789532,10.38047572,1.977737686,1.610379306,-5.108970274,-2.705488607,3.059018414,5.742435045,3.621268006,8.515766622,-3.548226704,6.331920882
5.762595983,-0.626759544,17.23859172,3.900623626,4.572641568,2.909513748,-2.839780285,-2.030445515,14.33466522,-1.126191124,2.293147371,-4.532898397,-1.902526291,1.698923974,2.117339426,3.461168939,9.974445016,-0.223740944,8.25683694
3.723989819,0.328043241,8.315582729,-0.464735038,3.278093359,2.444622352,-1.171740306,-1.640846357,16.46239811,-2.581874895,6.08399395,-2.989281821,0.000211219,0.733783447,0.942396857,6.161940822,9.871677506,0.74196381,6.777225899
0.076835188,-1.386238975,-1.314124011,-0.78048962,1.431072265,1.812116476,1.496123588,0.006592647,17.28646828,-0.8340727,11.17724201,-1.946785532,2.488931326,0.382914546,2.62008259,10.29735619,8.496572571,-0.403915886,3.32062054
-3.61544033,-4.394901883,-7.881173922,1.586725053,-0.635983571,1.244417835,4.973706609,2.407942711,18.51524998,4.234709416,15.25009409,-2.073026256,4.93275507,0.454538001,4.595261142,12.95680478,6.537845919,-2.23551378,-0.149750537
-6.09315457,-6.925440688,-9.676640677,2.979294699,-2.583586655,1.006527849,8.494179052,4.583796409,21.32684134,11.12601069,17.16005388,-2.471882893,6.942096724,0.667211968,4.095439301,12.25929365,4.887207048,-3.193134287,-2.259157605
-6.950108979,-8.032201411,-7.407282058,0.674031563,-4.112912751,1.233671976,10.96345835,5.758058561,25.04912821,17.28297497,17.43493899,-1.33883958,8.444688531,1.013741997,1.06781824,8.942893989,4.226476992,-2.730227741,-2.838254704
-6.701352303,-8.195821947,-3.388992958,-4.985375142,-5.095060906,1.821659755,11.42891353,5.741989552,27.35850888,20.11916024,17.27654377,2.40916118,9.448843123,1.836761779,-1.374559536,5.770310709,4.64897963,-1.663611276,-2.694277046
-6.336474946,-8.832588039,-0.258821924,-11.01006281,-5.65767251,2.473543625,9.502933783,4.78883626,25.94363831,18.16466802,17.11632697,7.82479524,9.752646115,3.522180917,0.424686622,5.256404262,5.610827895,-1.450352217,-2.803293666
-6.638888205,-11.08633792,0.128947145,-14.08703495,-6.092480504,2.894886364,5.547568038,3.186492598,20.39315946,11.8858633,16.11316421,12.09033928,8.922009046,6.045822773,7.100788037,7.551857743,6.295088787,-2.970920671,-3.559309745
-7.69928438,-14.83813896,-2.700950886,-12.8315745,-6.601845343,3.003335233,0.578965459,1.050540228,12.81803437,3.69333786,13.08004855,12.21200678,6.628507162,8.75830598,14.87985984,10.17908659,6.149370632,-5.80344085,-4.602513677
-8.927784827,-18.7097947,-7.790224506,-8.386670074,-7.082357786,2.985064622,-4.044535385,-1.490406367,6.641884074,-3.10070204,7.984191814,7.103610136,3.095527143,10.62930581,17.83907362,9.843861308,5.19275756,-8.592007784,-5.274909868
-9.543753524,-21.07174013,-13.17998917,-3.294146322,-7.159634533,3.133874135,-7.058465305,-3.973564769,4.389959709,-6.000615915,2.581321498,-1.476472199,-0.753718183,10.8156055,12.28492767,4.909365184,3.843900568,-10.23236354,-5.290081807
-9.203855372,-21.28543497,-16.74687169,0.177040962,-6.491667612,3.579420097,-7.743978554,-5.579272079,6.088704997,-4.725048792,-0.548189574,-9.894757659,-3.662754527,9.153114177,-0.162460254,-3.395161515,2.402702705,-10.91561316,-5.08434171
-8.330365668,-20.22017431,-17.2048882,0.989422894,-5.106822424,4.115052653,-6.236983249,-5.565694539,9.435327994,-1.262496972,0.104902381,-14.88651556,-4.7345745,6.219774123,-13.33626358,-11.95089898,0.626043689,-12.13803419,-5.589048271
-7.894637793,-19.63096381,-14.8101417,-0.752342375,-3.471704144,4.28035804,-3.508548232,-3.84898003,11.56281938,1.608714079,3.696428513,-15.48827626,-3.968485508,2.942517257,-20.71893151,-18.09526869,-2.192172577,-15.57091823,-7.593470285
-8.772818868,-20.84512274,-11.27787466,-4.351327306,-2.187102344,3.668269388,-0.930100582,-1.20567645,11.0535822,2.343886337,7.487351253,-13.3021671,-2.232799668,0.065645367,-19.92020908,-21.43192768,-6.604281436,-21.58853987,-11.13828485
-11.08485042,-23.7223693,-8.792405673,-8.819368999,-1.534177258,2.248199988,0.422191951,1.152531127,8.7430205,1.64496061,8.781383152,-10.9872694,-0.670842213,-2.119044308,-14.03036961,-23.63553318,-12.27480279,-28.57072779,-15.33021491
-13.95837432,-26.64293639,-8.611903427,-12.82937751,-1.255179808,0.46529509,0.339107481,2.348966443,6.846290627,1.597530424,6.872544576,-10.18893084,0.036933262,-3.623575497,-8.876943497,-26.42509322,-17.71825343,-33.57065926,-18.67945941
-15.90316026,-27.5184515,-10.18046384,-14.8039174,-0.788229925,-0.97611167,-0.460625814,2.359338785,7.21460771,3.59727713,3.50904996,-10.48087923,0.027356493,-4.403588801,-8.399298067,-29.4357751,-20.82609131,-33.95772331,-19.75589829
-15.60194905,-25.09575494,-11.4498273,-13.54021215,0.20221163,-1.514327748,-0.863822461,1.876409856,10.08196718,6.853516669,1.55001672,-10.03925538,0.000951845,-4.169748385,-11.75748046,-29.91222231,-19.95764108,-28.94477817,-17.82091179
-12.66090546,-19.66600795,-10.31617434,-9.107607702,1.434218217,-1.053894298,-0.150269524,1.669108003,14.12879738,8.90427827,2.886754517,-7.388679465,0.602680526,-2.590394653,-14.33323715,-24.74006157,-14.94205623,-20.00367784,-13.1533853
-7.880156036,-12.77860343,-6.228919572,-3.220178549,2.115722809,-0.001520864,1.519988658,1.998512849,17.58734984,7.882879101,7.198218753,-2.760227249,1.93517801,0.262238208,-11.68269337,-13.37311642,-7.341289473,-9.969995443,-6.961335666
-2.886965541,-6.283313748,-0.791956539,1.497427613,1.517819278,0.995912458,3.271459001,2.569382524,19.37676885,4.617263975,12.36317291,2.002953891,3.551406926,3.626805167,-3.248084168,0.731409457,0.229590284,-1.525669407,-0.943431518
0.656277871,-1.431289734,3.185023567,3.061147846,-0.414007971,1.424665421,4.190450748,2.99346205,19.43298293,2.53625897,16.03522238,4.828143247,4.85924768,6.249546757,7.038828719,11.62736883,5.339587432,3.921475051,3.319939906
1.823623339,1.410828246,3.615188114,1.42746541,-2.904676342,1.146530125,3.980147609,3.27769325,18.2281376,5.088780864,17.08800265,4.891099018,5.550040507,7.011463104,13.59838544,14.5830919,6.817423627,6.363093306,4.915991366
0.76605715,2.436821399,0.693793752,-1.477805524,-4.807757034,0.382054462,3.092624448,3.848480677,16.16715069,12.6089725,15.93637624,3.006307348,5.699157927,5.572095751,13.17719399,9.380326327,5.080663496,6.512269382,3.87657135
-1.519968679,1.93108777,-3.087108898,-3.105518719,-5.35523837,-0.506131517,2.282118881,5.082931628,13.50858733,21.34024837,13.76981782,0.738084686,5.523967506,2.5655251,6.936863712,0.668703501,1.624445731,5.044345037,1.069508107
-3.80418609,0.126868573,-4.576554427,-2.041450085,-4.639678978,-1.249512771,2.006931805,6.813168319,10.79293327,25.80265235,11.5668919,-0.869372512,5.104452023,-0.800501873,-0.712546647,-5.110920849,-1.917953761,2.375486585,-2.238621383
-5.227509181,-2.535118935,-2.147099365,1.124707867,-3.469608774,-1.771333859,2.20922404,8.331671019,9.152902245,22.94291099,9.730907924,-1.803426672,4.379419953,-3.454007304,-5.360492411,-4.136588113,-4.536011902,-0.987168874,-4.922463153
-5.564555565,-5.109928401,3.146952268,4.44076566,-2.719587152,-2.117130986,2.628719352,8.974473259,9.93230837,14.80896026,8.439332743,-2.486440001,3.422982214,-4.97431556,-5.350754976,2.269730525,-6.027837843,-4.033746635,-6.359126513
-5.058589803,-6.257840772,8.319790767,6.20350792,-2.676842809,-2.316583748,3.288505852,8.79134364,13.7198473,7.397272876,8.089575505,-2.805507824,2.67760179,-5.586090523,-2.172880912,8.911063664,-6.647067179,-5.339036393,-6.448474511
-4.02543361,-4.860386978,10.61688893,6.276617825,-2.871456518,-2.30679187,4.605471207,8.655568791,19.57130006,6.278059313,9.205134053,-1.873733918,2.801191465,-5.720584278,1.352359326,10.84363094,-6.590929687,-3.747747616,-5.361926272
-2.551775785,-0.76633293,9.518284108,6.117635421,-2.49071755,-1.97474419,6.920032328,9.602696887,25.19135225,12.27493277,11.80871322,1.083076577,4.130972836,-5.553048593,3.323539346,7.210689431,-5.746875876,0.811357882,-3.268957748
-0.509308293,4.907928913,7.06684674,7.531193955,-1.034559051,-1.271029432,9.826572461,11.87042526,28.11672854,20.6246473,14.91975802,5.487340531,6.182779895,-4.899450886,3.685270065,1.804378211,-3.856683258,7.039802809,-0.274853736
2.15283446,10.2327065,6.215962568,11.12322067,1.288904988,-0.293298474,11.98123584,14.44731419,27.10196218,24.42216504,16.84003508,9.119636753,7.69387757,-3.522201703,3.463313907,-0.102594325,-0.914428026,12.81542284,3.40322624
5.101709114,13.44350006,8.399700568,15.61656028,3.699339358,0.729929853,11.75057841,15.59988361,22.70455933,19.79827318,16.20839975,9.388976941,7.338877136,-1.540533581,3.381927162,3.831197701,2.561460391,16.25947349,7.226182994
7.590403911,13.81877782,12.19795253,18.51641863,5.370339867,1.54324953,8.353915081,14.07573297,16.69812612,8.874914086,13.04555877,5.373944315,4.67519606,0.44102543,3.225711925,10.88765356,5.636905904,16.62895495,10.35006711
8.790962591,11.89348855,14.22885394,17.63798386,5.935219658,1.981785775,2.638872685,10.09903034,10.87016703,-1.754124456,8.885883304,-1.045513563,0.592893101,1.625721465,2.366037891,15.22194431,7.411270777,14.47765637,11.95161974
8.288033536,8.917681776,11.72846075,12.45141463,5.623032136,2.027085804,-3.205583719,5.376506756,6.179973439,-5.814695404,5.773463696,-6.139957818,-3.158208633,1.519975801,0.694011005,12.41849554,7.502880305,11.06832689,11.66728045
6.374819095,5.993007451,4.908592886,4.407859427,4.98374083,1.777763476,-6.918574271,2.060918932,2.813979429,-1.755243934,4.835373669,-6.914150792,-5.097142564,0.243313398,-1.11315753,3.093842558,6.227616686,7.527868516,9.813343882
3.903924629,3.50211838,-2.790045692,-3.849270427,4.457710932,1.368550021,-7.551224317,1.406537636,0.809025206,6.459660855,5.537357549,-3.423208115,-4.981261804,-1.579966808,-2.296693798,-7.347995238,4.340157375,4.338400874,7.188887114
1.761242433,1.169145933,-6.927180202,-9.783359785,4.113288085,0.894637535,-5.95080291,3.077320952,0.431930572,12.50753852,6.217370804,1.077493573,-3.868612876,-3.241748889,-2.940394079,-12.68870266,2.519059782,1.41496697,4.576349062
0.32263367,-1.409272211,-5.239675773,-11.97205577,3.70235586,0.380859381,-3.984003729,5.561836463,1.853790354,12.2098474,5.479714254,2.461783667,-3.200800745,-4.342884493,-4.059985192,-10.51542355,0.961427706,-1.452589134,2.296755174
-0.709488899,-4.250222198,0.615170548,-10.37324198,2.933722698,-0.199458786,-3.097594935,7.317697138,4.491807231,6.032018292,3.343552678,-1.119297745,-3.608072347,-4.873246389,-6.570610641,-3.875291946,-0.626260285,-4.238197067,0.143650867
-1.960303634,-6.896318316,6.167117759,-5.962942272,1.730427213,-0.876370443,-3.320397469,7.761034215,6.874678278,-1.911915956,1.23731504,-7.691383266,-4.388719845,-4.978563194,-9.989401408,1.294279861,-2.6448296,-6.674680671,-2.271756666
-3.785447157,-8.773336681,7.37295195,-0.202462997,0.291009517,-1.632779846,-3.453971373,7.403741388,7.481260853,-7.099928753,0.850002977,-12.79051573,-4.112323721,-4.674227003,-12.17289759,0.861808635,-5.123553657,-8.516772295,-5.052284557
-5.892068798,-9.651729175,3.575895189,5.290763713,-1.059834762,-2.374099568,-2.260897508,7.138519678,6.013774552,-7.431702484,2.746141459,-12.75101047,-1.910763294,-3.784477381,-10.64310254,-4.43039874,-7.522944196,-9.758812367,-7.803965681
-7.502737091,-9.822218669,-2.112218206,8.864436408,-2.103861261,-2.934911843,0.315711705,7.314560746,3.926872775,-3.827254223,5.816009257,-7.487997161,1.55443375,-2.158437072,-4.685566411,-9.907501788,-8.997620695,-10.58978971,-9.854802912
-7.973569909,-9.873131337,-5.36469306,9.043273478,-2.883408778,-3.131025615,2.872973694,7.351476045,3.45719066,1.167935319,7.964735542,-0.679477311,4.256342804,0.04998947,3.432111303,-11.02180959,-8.9578365,-11.16340234,-10.7344017
-7.4035104,-10.29992426,-4.177926739,5.074421635,-3.681670936,-2.847187491,3.431308375,6.169175387,5.666314715,5.129887257,7.499067999,2.765838789,4.061421949,2.320298643,9.30055308,-7.146024162,-7.533877741,-11.45799478,-10.54381892
-6.735348942,-11.28676854,-0.590899829,-2.355868282,-4.84043297,-2.124494951,0.807215822,3.068774298,9.060952904,6.504246063,4.188257613,0.037969051,0.204886292,4.019023841,8.954449964,-2.018777628,-5.594974227,-11.40567244,-9.933973871
-7.2041343,-12.79605192,0.853953545,-10.81821201,-6.516367126,-1.194356257,-4.538775784,-1.619604743,10.16697392,4.394368987,-0.712271888,-7.863193043,-6.082360411,4.790130972,1.518945735,-0.571470818,-4.277049808,-11.17000208,-9.708358555
-9.483676993,-14.78690934,-3.228279688,-16.84207037,-8.517645515,-0.41883224,-10.75256388,-6.594852854,5.976026528,-1.589984296,-5.379651114,-17.09490603,-12.24981631,4.774193831,-9.937202646,-4.834743547,-4.317246821,-11.24185386,-10.3331135
-13.14052053,-17.25994784,-12.17588386,-17.64017706,-10.33694742,-0.144493541,-15.67710586,-10.28528807,-3.440745636,-10.76081343,-8.535959323,-23.62554945,-15.9235218,4.475947684,-20.00024022,-12.30425043,-5.630841975,-12.13366072,-11.67928723
-16.81432022,-20.01946601,-21.53204,-13.00995123,-11.3998208,-0.534568004,-17.96526597,-11.68670171,-14.2589226,-20.60086266,-9.968420121,-25.48393684,-16.18403513,4.376389862,-23.94304069,-18.02130497,-7.400176494,-13.8258708,-13.13378103
-19.02916773,-22.38519152,-26.33521572,-6.073547997,-11.40863662,-1.472440999,-17.50025089,-10.78750271,-20.96588543,-27.06338148,-10.20350332,-23.13841939,-13.80968992,4.582123745,-20.2381497,-18.51538541,-8.598077317,-15.43511275,-13.96452643
-19.08113713,-23.24294343,-24.87384228,-1.942862456,-10.56249492,-2.601934597,-15.01309115,-8.362683531,-19.86563145,-26.45374538,-9.721742802,-18.2152836,-10.45655639,4.765563647,-11.04565184,-14.27559001,-8.589405509,-15.51589696,-13.69733396
-17.39032444,-21.6034731,-19.87993834,-4.682623674,-9.466393002,-3.495779637,-11.36300099,-5.352803626,-11.49681757,-17.87463794,-8.374165822,-12.01274931,-7.478032198,4.417703482,-0.592910707,-8.775076947,-7.434021568,-12.95400274,-12.31396383
-15.09708036,-17.37889612,-16.14880401,-14.31005184,-8.732229266,-3.866653602,-7.063387317,-2.279148682,-0.139245921,-4.299130247,-5.428457267,-5.09993152,-5.230714392,3.205445203,7.30100553,-5.069415968,-5.747138665,-7.887833677,-10.22489392
-13.22757342,-11.77273577,-16.47725852,-25.95781663,-8.51501628,-3.704464615,-2.291497776,0.938601921,9.246161683,8.91151642,-0.17389133,1.978383735,-3.230304383,1.176153085,10.95695299,-3.056237651,-4.273241161,-1.940407355,-8.078509042
-12.04339128,-6.832264017,-19.24808776,-32.20791266,-8.333177282,-3.261155777,2.819065342,4.696246254,14.33694583,17.25760294,7.369111076,7.985499234,-0.852150747,-1.299027411,10.97142747,0.140116943,-3.481678171,2.553429758,-6.492016285
-11.01431072,-4.291095933,-19.72126893,-27.51929707,-7.367076523,-2.889556229,7.959024908,9.184185527,16.53414007,19.78329608,16.12382878,11.29030498,2.054452958,-3.746680832,9.073962374,6.969079861,-3.411886743,3.927067523,-5.776689212
-9.362890866,-4.422146381,-14.08049582,-12.02001916,-5.083153967,-2.825807385,12.66030749,13.99034406,19.0850133,19.14387249,24.23106177,11.0690879,5.058104471,-5.789388838,6.752815363,16.29458094,-3.780718017,2.268970772,-5.743373829
-6.710805705,-5.740244229,-2.955845776,7.980745666,-1.741778208,-3.037797838,16.42785805,18.09104747,23.85128063,19.02349723,29.77148947,8.234508189,7.475192701,-7.20735223,4.573337717,23.24534707,-4.195664955,-0.569648651,-5.702451892
-3.326530154,-5.876993895,8.557645189,23.41064393,1.632893529,-3.226993848,18.78859355,20.25816912,29.38262408,20.99250134,31.54979615,4.994515467,8.750799461,-7.897328292,2.399442976,22.57108745,-4.310802655,-2.131746734,-4.737956499
0.1665282,-3.125931477,14.60067971,27.77689896,3.877218416,-2.988217919,19.24133136,19.6697828,31.88951529,23.34908257,29.54645023,3.175223208,8.590306421,-7.840631715,0.047360128,12.97784624,-3.882109253,-0.949523482,-2.192142294
3.317938041,2.372933543,13.14255711,20.99173674,4.499876946,-2.045926875,17.30197857,16.39066696,28.37856062,22.86354931,24.83549335,2.706217411,6.881113463,-7.140165491,-2.275903528,-1.118776745,-2.790700495,2.488640999,1.884525781
6.140452467,8.648185064,7.792130346,9.150043465,4.078673742,-0.441113028,12.81236317,11.4507056,19.4690872,17.95826064,19.04924085,1.726595252,3.66951664,-6.073171601,-4.06011426,-12.10411707,-1.101402083,6.069565278,6.624179852
8.917648819,13.13483301,5.244410336,0.448800199,3.900145067,1.436580086,6.396166685,6.463764229,9.619051541,10.67377507,13.70300697,-1.568972157,-0.655537846,-5.054076259,-4.928641819,-14.28924561,0.872501169,7.480427701,10.7140891
11.70979591,14.29315278,10.19159617,0.058307894,5.052533192,2.999919824,-0.334821608,2.980734521,4.463384962,5.747754518,9.749236863,-6.851696091,-5.14545332,-4.468398929,-4.999495876,-7.878643157,2.603948347,5.77294603,13.07115787
14.00476884,12.48865121,21.55888845,7.381623661,7.612024323,3.729929291,-5.185142197,1.91039129,7.150729718,7.441941768,7.561734647,-11.28113776,-8.398644681,-4.464235308,-4.863307618,1.204728867,3.54988866,2.008556675,13.39243082
14.85015216,9.539284052,32.96178871,17.32405376,10.52122002,3.421405622,-6.346039379,3.281676518,16.28702543,16.50935374,7.242977449,-11.45972165,-9.151222136,-4.852531421,-5.190532636,5.54153962,3.434342988,-1.455412562,12.19988276
13.41101203,7.291221063,37.08006523,24.3034945,12.2577728,2.275775018,-3.401825013,6.400539227,26.87288008,29.53129202,8.907713137,-6.315216506,-7.060922026,-5.204130088,-6.237870336,1.410454743,2.424939903,-2.561737282,10.34155622
9.548800198,6.273386012,30.71085218,25.91424386,11.80773481,0.787043278,2.311310341,10.22628871,33.46470977,41.00379873,12.62436525,1.511081221,-3.091977774,-5.088420313,-7.569140427,-8.745179765,1.046833776,-0.960956693,8.316887211
3.993387239,5.403590013,16.84540362,23.7056536,9.246011695,-0.517490783,8.319396169,13.71544965,33.33337736,46.56138335,18.01184094,7.188730726,0.915538425,-4.295321608,-8.166360383,-18.17684934,-0.137873597,1.715096751,5.945660962
-2.00502695,2.940246959,2.440855351,20.9183793,5.549573701,-1.332625964,12.27884873,15.99561314,27.61881013,45.11560039,23.8652931,7.211555307,3.321719889,-2.904004651,-6.903324455,-20.48428768,-0.863970758,2.908014076,2.656174405
-7.265995976,-2.030875663,-6.259731798,19.33047049,1.865119902,-1.676432014,13.12196627,16.42273125,20.03879337,38.74895248,28.28797231,2.199205183,3.689867594,-1.184526052,-3.185203223,-13.71770987,-1.255127783,0.834930305,-1.806869955
-11.08062831,-8.66103596,-7.407987189,17.84357966,-1.156949282,-1.781317863,11.38084966,14.66667965,14.33881351,30.90475178,29.4791827,-3.366099964,2.9646485,0.564500581,2.536870899,-1.27498619,-1.594439258,-4.267853799,-6.801787469
-13.192879,-14.63271041,-3.83591782,13.83117751,-3.470109639,-1.855529302,8.553411923,10.87925176,12.23724442,24.3812392,26.77027386,-4.486026196,2.644627534,2.12111678,8.667251438,10.61533315,-1.954014442,-10.17182786,-10.82652784
-13.49716581,-17.48794306,-0.232092855,5.958738215,-5.199712468,-1.885229214,6.010351952,5.81752076,12.94205597,20.31380499,21.16386299,0.408889003,3.535545677,3.348044573,12.94724036,16.76303567,-1.998589088,-13.95126172,-12.22715221
-11.81501703,-16.08818157,0.358568665,-3.969584642,-6.154095747,-1.624225421,4.196623964,0.714660376,14.12182269,18.28190729,14.86239183,8.01690091,5.028894857,4.15830573,13.41961066,15.62820938,-1.161696746,-13.73389998,-10.13806325
-8.010116683,-11.24601859,-1.814187292,-11.73118527,-5.788289872,-0.789755736,2.601102811,-3.174469531,13.42780759,16.92939069,9.98081425,12.46798735,5.486520916,4.514943337,9.472781183,9.344300678,0.902023552,-9.803949664,-5.028053638
-2.363268141,-5.161971222,-4.183628377,-13.48016702,-3.704273795,0.668108951,0.394974689,-5.1559037,9.671990436,14.55231373,7.303075996,9.699352783,3.478037139,4.480023133,2.396381803,1.724169811,3.931555207,-4.362629422,1.513395575
4.150337237,-0.094190189,-4.244344851,-8.504256372,-0.262860588,2.422120724,-2.797931103,-5.434658338,3.269047135,9.631673029,5.998925168,0.5756566,-1.047736046,4.253593397,-4.970528486,-4.060669909,7.075847835,-0.100432798,7.602988939
10.01403636,2.860357059,-1.368922201,0.096615285,3.270134037,3.874540182,-6.54913439,-4.936859601,-3.997857138,1.538208253,4.54259397,-9.62805582,-6.54803471,4.133691341,-9.455660557,-6.681693932,9.365029394,1.511028675,11.96477985
13.76335056,4.149166745,3.054897177,7.24999966,5.277367706,4.471534481,-9.877378409,-4.685525409,-9.687441192,-8.698731661,2.145853273,-14.95417425,-10.80763468,4.394474875,-9.058404519,-6.403718558,10.33593864,1.118704629,14.36145446
14.66841739,5.179403803,6.825728885,8.906813285,4.715249469,4.03134194,-11.85265538,-5.130251028,-11.69976564,-18.17040504,-0.425980991,-12.83366629,-12.32783026,5.156326048,-3.919175643,-4.066175068,10.35842622,1.001980651,15.36779411
13.04630164,7.231411906,8.300308553,4.180222769,1.763763092,2.8688284,-12.10314187,-5.883503057,-9.282266913,-23.01371689,-1.344793939,-5.477937258,-11.18207308,6.333974649,3.817489381,-0.248212712,10.39197294,3.508597283,15.73902238
9.987757663,10.57215916,7.040351985,-4.551925932,-2.263136738,1.625208466,-10.9148148,-6.032067626,-3.566533589,-20.33500182,0.817017558,2.238017564,-8.766499483,7.68439318,11.1725357,4.861679675,11.30480953,9.415167908,15.84463938
6.693103942,14.2584836,3.678646769,-13.26312735,-5.675016267,0.903830682,-8.936628243,-4.783080377,2.829145277,-10.06491309,5.787015751,6.501468113,-6.712837979,8.898209517,15.83123332,11.01282637,13.21805505,17.26725036,15.51672341
3.873830965,16.66411597,-0.516057036,-18.32089191,-7.298364987,0.938857554,-6.759003012,-1.985368314,7.147099139,4.565480346,11.51003805,6.915198114,-5.821576403,9.662088665,17.08286083,17.36343113,15.34363506,24.12261572,14.33152128
1.59521512,16.36852186,-4.024681512,-17.79286116,-6.935794517,1.497094985,-4.660763339,1.80075958,8.104564793,18.44739584,15.40295233,5.840753529,-5.774730229,9.677797622,15.71355045,22.36294155,16.44825494,27.21498132,12.05635453
-0.414209796,12.91027061,-5.477677349,-11.70581422,-5.196853389,2.055661167,-2.644698996,5.653455259,6.704145932,27.14186957,16.02046106,5.65267673,-5.718543223,8.692332545,13.07926496,24.23147071,15.63329405,25.47225649,8.930797884
-2.29935271,7.044106219,-4.231872768,-1.671250298,-2.963715137,2.122096683,-0.660426197,8.742136781,5.547128579,28.98212652,13.88921099,6.45170617,-5.127571509,6.59393325,10.11047437,21.84163563,12.8940478,19.95085508,5.611350214
-3.846399369,0.422587742,-0.927628356,9.641056484,-0.932940395,1.489259223,1.198711178,10.57274662,6.970142375,25.49277712,10.93831349,6.193481598,-4.209444981,3.548809974,6.962522727,15.51842042,9.079637594,12.99251878,2.84751663
-4.637166307,-5.105586501,2.527373263,19.10134034,0.518715282,0.28663954,2.68529734,10.96833734,11.25587542,20.07304171,9.058988576,2.980613563,-3.567781752,0.067045622,3.465550499,7.21239432,5.303832906,6.754805287,1.111077623
-4.417329484,-8.235903629,3.906290271,23.98129477,1.234812995,-1.159699409,3.577288753,9.973264598,16.24473628,15.99612764,8.95708945,-2.634822877,-3.494497007,-3.111339213,-0.124722285,-0.234434152,2.243036747,2.127690136,0.395534858
-3.34655677,-8.651368261,2.154140535,23.04724591,1.202025497,-2.528202373,3.904008371,7.878875445,18.73461854,15.00178166,10.11825403,-7.482634362,-3.560745664,-5.304562426,-2.815999262,-4.478188699,-0.181381069,-1.308297673,0.276311821
-1.922866982,-6.990350883,-1.625106372,17.36411289,0.621966225,-3.625516574,4.033709771,5.349512253,16.74872381,17.07254819,11.71136671,-8.018757468,-2.888614621,-6.201406834,-3.386013787,-4.954227086,-2.542875913,-4.419915038,0.168934576
-0.66026739,-4.399726061,-4.595515329,10.10889609,0.001841696,-4.384244623,4.523350323,3.413685867,11.06673304,21.06636316,13.48084576,-3.159534241,-0.881251545,-5.997264027,-1.388411412,-3.19719583,-5.313382118,-7.52963172,-0.373562509
0.19877442,-1.943471842,-3.958025033,5.158876077,0.031207157,-4.790591976,5.7901981,3.117144658,4.902331981,25.47255371,15.78447459,4.666823373,2.210449099,-5.254307415,2.147577905,-1.87538952,-8.409836298,-10.08859433,-1.483938185
0.700745298,-0.198294495,1.093673404,5.067264025,1.187666385,-4.834179086,7.798655829,4.926109312,1.926195123,28.84519769,18.80251855,11.17161629,5.369814784,-4.571119901,5.002779395,-3.085277678,-11.22608409,-11.2215033,-3.001957157
0.938655426,0.769065198,8.63753844,9.596394015,3.312185627,-4.523838797,9.975101831,8.274086862,3.996891732,30.00140427,21.77910999,13.2628067,7.48713886,-4.274441807,5.029009949,-7.032476023,-13.09515628,-10.63006777,-4.650405728
0.790036382,1.109216734,15.05903158,15.74708846,5.521403856,-3.9348582,11.44312974,11.66607301,10.11878874,28.2804589,23.18414654,11.08550903,8.082439544,-4.316593348,1.612220753,-12.00583832,-13.78330644,-9.053028546,-6.230400715
-0.106289527,0.86021027,17.10785395,19.31569252,6.623799772,-3.218673955,11.47427747,13.41083955,17.22196903,23.89659268,21.84516731,7.499660474,7.51579502,-4.404067442,-3.695277163,-15.62088289,-13.60036305,-7.846168662,-7.694466894
-2.084480185,-0.137350025,13.53382241,17.07004785,5.816937037,-2.543578851,9.898174954,12.58101366,22.08531165,18.05225681,18.12695929,5.554602325,6.563496919,-4.225583996,-7.92755131,-16.36873115,-13.03591459,-7.971598369,-9.050171962
-5.104123829,-2.015310075,5.315599183,8.316535452,3.18931906,-2.00568827,7.218127771,9.575541689,23.0382057,12.47682913,14.02883265,6.089176845,5.755687085,-3.612207378,-8.474287758,-14.32740515,-12.23767198,-9.193223894,-10.18620111
-8.61595892,-4.556423357,-5.344937288,-4.902410784,-0.336866336,-1.585409158,4.346707265,5.884776964,20.40711513,8.493450259,11.88784967,7.353694032,5.031442787,-2.558634553,-4.765320159,-10.63987938,-10.80279129,-10.15521875,-10.79334617
-11.77702741,-7.102080134,-16.2385193,-18.88716185,-3.578862165,-1.190981743,2.109826269,3.191219627,15.66845997,6.197487246,12.57805753,6.787911768,3.956019946,-1.162386745,1.247569325,-6.405784772,-8.113594233,-9.354442371,-10.4963113
-13.87342882,-8.850369786,-25.67942866,-29.9019207,-5.761303776,-0.756266299,0.814036764,2.38971552,10.14238389,4.374263854,14.6496126,3.321995368,2.251215241,0.419696582,6.187822657,-2.057365954,-3.99102745,-6.316943859,-9.139090728
-14.63929815,-9.373567888,-32.32236086,-35.51266668,-6.813430945,-0.311333266,0.132141616,3.14925719,4.222305052,1.297463487,15.22030457,-1.744315204,0.143736186,1.965644536,7.286133889,2.285446513,0.87134598,-2.095691007,-7.003949825
-14.23972855,-8.949549469,-34.95019164,-35.17295815,-7.146219476,0.034001465,-0.635485267,4.248833496,-2.412907566,-4.080315624,12.06638936,-5.905800974,-1.7647756,3.19456806,4.081492769,6.027825819,5.121455445,1.323192314,-4.738353751
-12.95135642,-8.379375853,-32.80302759,-30.04067728,-7.167562119,0.179399992,-2.089339494,4.402757915,-9.916906347,-11.29866158,5.361369446,-7.519813823,-2.955981222,3.857988528,-1.28266346,7.933988171,7.561328343,2.332801739,-2.95689495
-10.8141129,-8.33371065,-26.24685199,-22.28383727,-6.957534491,0.119488869,-4.322449261,3.01789855,-17.46239809,-18.40107398,-2.276369415,-6.949636549,-3.343344549,3.897022308,-5.358352421,7.058082416,8.013482908,0.841952647,-1.754173408
-7.549509486,-8.669346936,-16.98884762,-14.19871929,-6.329892215,-0.046618624,-6.791460142,0.453893604,-23.11831408,-22.72733948,-7.478656795,-5.868599087,-3.195993408,3.54010241,-5.478009428,4.058706497,7.579252034,-1.544101307,-0.497773499
-2.827967813,-8.263982227,-7.311494206,-7.433295164,-5.143104268,-0.187157291,-8.521087076,-2.262773974,-24.56389251,-22.04888586,-8.280754183,-5.469934229,-2.735590722,3.215843247,-1.330780968,1.518528601,8.014190153,-2.428845737,1.868973755
3.310809259,-5.608504123,1.259617746,-2.558009256,-3.519332527,-0.22610513,-8.536866323,-3.99400448,-20.29099748,-15.57254041,-5.141500495,-5.268007474,-1.823679868,3.290448813,4.931104977,2.518955576,10.57781848,-0.035645977,6.131769186
10.20706473,0.139896874,8.72860773,0.87689659,-1.753397127,-0.172029507,-6.337715592,-3.971322685,-10.6740203,-4.483987065,-0.196892458,-3.602766152,-0.085235729,3.804275784,10.0917925,8.254526156,15.12717016,5.743066284,12.14716509
16.70333153,8.322315226,16.02577575,3.852572526,-0.017404992,-0.068620642,-2.216127306,-2.021852068,1.6957002,8.193631645,4.470511609,0.591792656,2.594758529,4.423305125,11.87909003,16.58796103,20.09359218,13.24296911,18.68298041
21.57703227,16.76981975,23.40290479,7.231927655,1.816241744,0.077821339,2.71934075,1.44397264,12.73853336,18.57575828,8.062357562,6.350079039,5.646721589,4.675620806,10.31526604,23.01337962,23.38345217,19.84980118,23.91775718
24.01244899,22.72681767,29.24872868,11.30060288,4.007722426,0.315856722,6.879572505,5.589746551,18.53714912,23.61152428,10.88010904,10.91767881,7.909539529,4.311786188,7.567553333,23.65711594,23.60255243,23.2182641,26.32236602
23.83953101,24.20136648,30.61548265,15.70780083,6.544068495,0.684456163,8.817157449,9.404087245,17.24229916,22.85307425,13.12589401,11.59666105,8.279284701,3.504689646,6.401063089,18.15111369,20.78764367,22.23731267,25.38409987
21.45258321,20.94189428,25.38641009,19.74717296,8.866240704,1.120842186,7.904736164,12.03091649,10.24528529,19.2090856,13.99947209,7.740787052,6.469820493,2.710601657,8.228911724,10.05400437,16.19294022,17.33897067,21.73830457
17.53725398,14.46546533,14.49991894,22.73644934,10.04595848,1.432297034,4.734182258,13.10939462,1.803848496,17.80403859,12.1115499,1.297640433,3.299355224,2.282362268,12.0370591,4.294201972,11.35314275,10.13645718,16.67175073
12.81862634,7.159841665,2.316122024,24.29272828,9.374189178,1.379666794,0.961623291,12.95705584,-2.942283487,23.14027279,6.987553131,-4.519856117,0.251231908,2.143088506,14.9382168,3.513599374,7.132014934,2.668263959,11.3695615
7.957530903,1.04840043,-5.513137991,24.47561009,6.955802915,0.828143111,-1.416669669,12.42935944,-0.64163214,36.11519577,0.321582058,-7.348939006,-1.394753309,1.805012482,14.07581025,6.203993641,3.420382318,-3.381107249,6.40848282
3.564795056,-3.028895938,-5.366775583,23.8697544,3.84090345,-0.14189942,-1.02962739,12.45649803,8.42309573,52.97841627,-4.337522859,-6.935741708,-1.246075908,0.753670584,8.68946135,8.195629316,-0.374063544,-7.17800089,1.778357122
0.213221257,-5.393459777,2.17252204,23.58953256,1.536087344,-1.249306206,2.188884884,13.49772361,20.49143976,67.30282319,-3.57411443,-4.697422282,0.154029806,-1.083620346,0.966669944,6.358434858,-4.495279485,-8.795898953,-2.679355125
-1.634347485,-6.817408501,12.8725071,25.03816312,1.191270005,-2.145888302,7.011159311,15.26243768,30.48228687,73.94609688,3.554946519,-2.178208258,1.863645226,-3.156929287,-4.983585478,1.505552372,-8.339984243,-8.857440471,-6.803131228
-1.752950329,-7.707004908,21.70254299,29.29008045,2.995002683,-2.577297834,11.61400617,16.89791524,34.84935952,72.31198159,14.594756,0.18061333,3.193175308,-4.566906679,-5.496088465,-1.952504411,-10.67699791,-7.976118909,-9.977182065
-0.241933332,-7.770703395,25.88062269,36.27575782,6.151563033,-2.467088568,14.52365881,17.51791404,33.33397355,66.44187092,24.97785949,2.962986943,3.983465084,-4.610566988,0.408828675,0.557542946,-10.41266724,-6.330045131,-11.420201
2.49715395,-6.370982701,25.98854597,44.30068445,9.392048198,-1.888787092,15.21377652,16.69318582,28.53870837,61.68750773,30.67043896,6.633511439,4.391248913,-3.203684124,10.36326085,9.963194621,-7.332049191,-3.6503857,-10.67669447
5.867614352,-3.257833047,24.61130731,50.43724903,11.62302771,-0.978433415,14.02136428,14.55829674,23.73430901,60.38001509,30.30806079,10.49761763,4.474974105,-0.876552913,20.03234843,22.45270212,-2.289470999,0.342190743,-7.964813092
9.188836644,0.884011201,23.83419447,51.82545742,12.29547443,0.127745241,11.53851979,11.49897494,20.50926704,59.88749231,25.37414522,12.77848633,3.987620601,1.632021799,25.6506681,32.03080465,3.25644759,5.347625662,-4.155369906
11.76135886,4.504646321,23.61925863,47.20355152,11.3611075,1.291099851,8.003940572,7.726884229,17.90478957,54.76964982,18.50251456,11.77667821,2.537376683,3.855901392,26.0507078,34.72441478,8.007429561,10.21076555,-0.410428422
12.91704485,5.877753438,22.14485128,37.64956614,9.011482039,2.339257835,3.182612599,3.139835745,13.53336173,41.52934596,11.39263602,7.114250676,-0.073550113,5.79508629,22.88973821,31.13935032,11.37164018,13.27170552,2.289339215
12.12867922,3.993590925,17.52873273,25.93244063,5.500004171,3.073438245,-3.185433308,-2.381639793,5.725199776,22.2312703,4.00048563,0.028788467,-3.655339277,7.709743007,19.06510795,25.46493535,13.49485947,13.22673435,3.471898603
9.203516623,-0.886328197,9.372503373,14.83275029,1.177124415,3.34123246,-10.75018612,-8.482000863,-4.932374405,3.910290259,-4.491460153,-7.444709545,-7.725647822,9.730335927,16.5850888,21.93453657,14.87958208,9.977993922,3.231294949
4.480072222,-7.323711075,-1.026795135,5.582053015,-3.387840698,3.127525942,-18.27569003,-14.0954637,-15.73800833,-6.103546193,-13.93732824,-13.6149633,-11.74508471,11.63431773,15.48257593,21.7474394,15.95678194,4.886898933,2.068599043
-1.115395675,-13.34310723,-11.67023092,-2.47288055,-7.423940438,2.581671473,-24.00756564,-17.76376724,-23.4731298,-5.509399764,-22.36325288,-17.64200119,-15.2358838,12.97795654,14.4720761,22.90472203,16.92477085,0.21302581,0.671341286
-6.248136412,-17.20440596,-20.96920293,-10.7776268,-10.2004555,1.9419527,-26.49027364,-18.38318662,-26.20601646,1.151067625,-26.8560887,-19.17925925,-17.70221864,13.45664936,12.63732503,22.83303205,17.88903711,-1.932887121,-0.238072501
-9.55239133,-17.89170951,-28.04042503,-19.9303853,-11.34414266,1.404306591,-25.30919335,-15.89882252,-24.06388394,5.776069984,-25.58653718,-17.80769622,-18.54145141,13.16717691,10.61502671,21.28602964,19.07409247,-0.476085747,0.035040389
-10.05207424,-15.17251166,-32.23046994,-28.78226028,-10.98145919,1.033532797,-21.28680047,-11.45354736,-18.65458904,2.716411752,-19.34751048,-13.10092451,-17.20558503,12.5292412,10.18718857,20.84650172,20.83912911,4.383602801,2.099649593
-7.453523218,-9.400872309,-32.72119863,-34.9637579,-9.587286374,0.78180183,-16.03953669,-6.855584405,-11.84272941,-7.052626497,-11.30866636,-5.441101998,-13.63339429,11.91926496,12.57500969,24.5153597,23.4238352,11.56960821,6.324665092
-2.222834703,-1.359900159,-28.91902378,-36.40237421,-7.666904372,0.58711121,-11.20804694,-3.689260032,-4.901572875,-16.8195511,-5.069433315,3.228299089,-8.631788554,11.32558945,16.91599075,32.48966072,26.60535279,19.71467802,12.57858537
4.53655732,7.717606692,-21.40052377,-32.6611193,-5.53008169,0.45515875,-7.823515742,-2.618385238,1.482423006,-19.39481767,-2.422974554,9.732670387,-3.784698063,10.33128767,20.37870516,41.04303047,29.55518946,27.46527793,19.99462643
11.34476443,16.09581965,-12.40978832,-25.14991255,-3.312680656,0.446410004,-6.102689028,-3.267164702,6.713993183,-12.65066667,-2.46592978,11.26953006,-0.767083158,8.465280659,20.06806005,44.71333277,31.06566974,33.41989196,26.97572609
16.69622366,21.74430898,-5.092840671,-16.20720512,-1.159285861,0.582390863,-5.648272586,-4.651553083,10.04180785,-1.0655491,-2.645906457,7.275674142,-0.433952203,5.6515035,15.31813393,40.20566895,30.06400436,36.04591564,31.58731139
19.45682722,22.95438611,-1.729327182,-7.899154902,0.670391455,0.768170304,-5.815160386,-5.789932174,10.93186454,7.832803466,-0.87335424,0.070707704,-2.319110599,2.388558114,8.471795853,28.89661116,26.13276536,33.98552985,32.2692578
19.21219759,19.14871513,-2.244747723,-1.447350029,1.919630563,0.822106101,-6.005748027,-6.08511046,9.717813558,9.229749475,2.918215685,-6.429854312,-4.946385134,-0.504909306,3.321569918,15.87740353,19.74303666,26.77604356,28.5506752
16.40375266,11.38244733,-4.291012774,2.50673558,2.574637145,0.607852185,-5.808186827,-5.327421695,7.808869037,4.441404119,6.863986143,-9.149598062,-6.768738275,-2.400148063,2.259210185,6.247281518,12.07819478,15.50410643,21.35291386
12.11056202,2.090990102,-5.047779211,3.381905106,2.953144191,0.160831213,-5.027576234,-3.487232832,7.05828706,-0.593917665,8.702754194,-7.680264201,-7.070849051,-3.236593942,4.344766988,1.579342209,4.560296594,2.761905773,12.63448019
7.506225453,-5.933144734,-3.49765925,0.624717417,3.464716754,-0.311254556,-3.682539703,-0.588995281,8.632838016,-0.372219573,7.493000184,-4.157867918,-6.20107169,-3.478902303,5.933370679,-0.679972061,-1.660177303,-8.319051135,4.507503574
3.260049161,-10.82531083,-1.424724015,-5.674707459,4.173141566,-0.575265918,-1.98022158,3.187144453,12.21707049,5.70950365,4.231464653,-1.350742847,-5.030415481,-3.69086553,3.53605149,-4.501201219,-6.005173996,-15.48966789,-1.693626882
-0.732964626,-12.44783734,-2.250323885,-14.11351291,4.539147853,-0.557353893,-0.241621935,7.295942911,16.1878793,13.00695007,1.038232088,-0.518885286,-4.139465583,-4.063094681,-3.240079336,-11.52614072,-8.464324636,-18.37314473,-5.84516506
-5.067606902,-12.21550317,-8.430449221,-22.05588886,3.655432099,-0.409736489,1.219802291,10.77614957,18.65880435,15.53336041,-0.335463215,-0.727257636,-3.412732954,-4.265166359,-11.02212423,-19.34196293,-9.369855984,-18.36415976,-8.728339295
-10.14214798,-12.07107698,-19.265713,-26.70281756,0.908161659,-0.391746524,2.202511719,12.52347138,18.63327127,10.84688477,0.472801338,-0.046755917,-2.332878261,-3.736698739,-14.9347586,-23.16205131,-9.139216476,-17.52376966,-11.23721001
-15.5567257,-13.27882184,-30.75376092,-26.54060833,-3.398325179,-0.653033375,2.632024787,11.78731978,16.46032085,1.968598317,2.51463342,2.492944531,-0.652558273,-2.188480489,-12.16632012,-19.57257261,-8.144116033,-17.25689036,-13.67966555
-20.08551339,-15.79242405,-37.70435837,-22.1588775,-7.97991637,-1.09757433,2.484776366,8.581405612,13.36523627,-5.123979992,4.415358258,5.907048111,1.192144423,0.077896822,-4.12902351,-9.400487416,-6.733599074,-17.66890919,-15.65714943
-22.32182561,-18.52353577,-36.77087135,-15.83727337,-11.22136023,-1.448260635,1.704243722,3.72045317,10.52702557,-6.301186254,5.236395319,8.038022138,2.312135289,2.283515967,4.460962675,2.510151457,-5.300930104,-17.93424925,-16.54636797
-21.57166056,-20.20550482,-28.43205498,-10.17926713,-12.12470928,-1.464776878,0.204719298,-1.558975874,8.428480385,-2.485547494,4.702762056,7.378733265,2.039441319,3.642378152,8.893738519,10.42932859,-4.241356204,-17.2276243,-16.12543334
-18.32410501,-20.17617029,-16.66785336,-6.708479512,-10.8606391,-1.131855145,-2.024442756,-6.151367483,6.862420985,1.249970956,2.862002116,4.315307669,0.44542931,3.850571412,7.64822914,11.44978373,-3.741098316,-15.39252447,-14.77460723
-13.89381056,-18.55051134,-6.568617731,-5.27076787,-8.480667142,-0.651840999,-4.8028035,-9.459028486,5.398482589,-0.138818992,-0.262198264,0.713559011,-1.755554896,3.25442987,3.088056291,7.15033296,-3.509650023,-12.83399879,-13.04709326
-9.453844151,-15.77728086,-1.387321084,-4.447087791,-5.988921717,-0.240000326,-7.74002712,-11.39018118,3.813555884,-7.594855967,-4.563221571,-1.748444594,-3.820455497,2.602005146,-0.687747514,2.226826395,-2.687947076,-9.83730718,-10.96805926
-5.188167344,-12.05237459,-0.819953373,-2.541953348,-3.506703682,0.101344626,-10.33858044,-12.06183258,2.174752895,-17.16113001,-9.389614801,-2.989228252,-5.541279047,2.575883148,-0.983733301,1.293766045,-0.118974567,-6.019442643,-7.715501094
-0.26583733,-7.129002249,-1.497780857,1.475298381,-0.242954127,0.617965729,-12.13418327,-11.49725058,0.682908209,-22.9274045,-13.28363837,-4.3944944,-7.231327931,3.430212656,1.866459983,6.157956981,5.051446793,-0.494810265,-2.090309764
6.256009992,-0.693137943,0.652823028,7.450253354,4.623416217,1.584824119,-12.7683352,-9.581753813,-0.404919872,-21.26847557,-14.3909334,-7.241229138,-9.136416042,4.938449091,5.499487482,15.22215511,12.73658329,7.303092341,6.445626439
14.23050358,7.01788695,7.602446101,13.99951299,10.79469596,2.989067258,-11.97729711,-6.30892005,-0.649608794,-13.0852747,-11.44170981,-11.07476818,-10.82437171,6.616013965,8.034541029,24.99897917,21.63611883,16.80406874,16.90428923
21.85712257,14.88662294,17.63562319,18.8968844,16.38621496,4.3790325,-9.591837563,-2.095184875,0.659957316,-2.556288763,-4.648072347,-13.53154356,-11.17619345,8.009166243,9.798772517,32.35422217,29.57653869,26.19683371,26.79405294
26.29607343,21.18511571,25.98666454,19.88150592,18.66045059,5.040170692,-5.646746538,2.137949718,4.216938421,6.24986968,4.180270483,-11.88537195,-9.102957789,8.853488278,12.77547712,35.94721816,34.3594102,33.19867004,33.15133141
25.16626278,24.29253297,27.43497259,15.76975189,15.6099611,4.413796145,-0.569391776,5.255078927,10.02154246,11.99414128,12.46601251,-5.117321177,-4.461260863,9.057845763,18.35009914,36.24469203,34.68560657,36.17343548,33.97665065
17.97150878,23.39278187,19.43144503,7.408236186,7.356081185,2.476984729,4.733997615,6.432030585,16.81964183,15.91879509,18.12033816,5.158267471,1.593478953,8.614144945,25.45284796,34.56733702,30.65260919,34.81703957,29.16694645
6.511492223,18.7428649,3.907120323,-2.253561745,-3.627286,-0.189472646,9.083332625,5.58408245,22.30550303,19.42211732,20.41994626,15.64087378,7.166757194,7.552957967,30.8624868,32.07671657,23.57121323,30.00379462,20.39018927
-5.98567639,11.45035195,-13.43446352,-9.413963215,-13.69167342,-2.703697312,11.5185422,3.408119306,24.27045192,21.79138463,20.02225428,23.36761769,10.72171447,5.96960633,31.53571872,29.2908191,15.25677281,23.05729701,10.0848538
-16.4262935,3.022283047,-26.09031204,-11.56588058,-19.87545656,-4.355108966,11.81785789,0.997512288,22.07847391,20.32248786,18.27650561,27.21168363,11.90005862,4.046983064,27.01190176,26.11741233,7.24241774,15.10481714,0.320243289
-23.12556254,-5.007320485,-30.31443597,-9.230805511,-21.28228449,-4.935785402,10.66851253,-0.733914663,17.38291148,12.90876364,16.42270638,27.8222077,11.47763621,2.002714807,19.80556593,22.0815566,0.346683869,6.978521326,-7.776206831
-26.10818146,-11.28119703,-27.09305945,-5.903414019,-19.17078451,-4.735657179,9.295457689,-1.469725537,13.35614798,0.911781518,15.18810018,26.36267777,10.56157,-0.015517642,13.39227533,16.54944364,-5.260627539,-0.454819704,-13.85489644
-26.47009742,-14.79034471,-21.26113706,-5.894164411,-15.83807062,-4.250546763,8.72130183,-1.524615232,12.73566444,-10.35429085,14.83854948,23.36785837,9.720907146,-1.977062053,9.477208164,9.01705363,-9.687269465,-6.083046544,-17.84636528
-25.41927753,-15.14756525,-18.27124768,-11.32172934,-13.14629252,-3.837406799,9.120192187,-1.528535008,15.94690718,-14.42933365,15.36037422,18.74986737,8.734781499,-3.875986519,6.89922146,-0.435213508,-12.98039569,-8.885052895,-19.68266714
-23.66399361,-12.8717334,-20.66879177,-20.35823495,-11.66078421,-3.549256415,9.705263179,-2.004561781,20.66342048,-8.065873102,16.46472881,12.76629909,7.07198274,-5.552905749,3.146880599,-10.68302073,-15.04119165,-8.674874917,-19.44642262
-21.39209951,-9.390188224,-26.55171617,-28.14380825,-10.81600582,-3.217157721,9.246524725,-3.104810144,23.23583035,6.025597117,17.45145862,6.778785584,4.59057495,-6.606160353,-2.815631681,-19.51367584,-15.76299189,-6.611348178,-17.67215315
-18.59394873,-6.543019016,-30.98742661,-29.90927313,-9.762341393,-2.661544349,6.891924145,-4.612826283,21.09423429,20.24615658,17.26016213,2.811963822,1.802428394,-6.543255592,-8.940560909,-24.32356011,-15.19780902,-4.875779466,-15.35147259
-15.31764496,-5.72909455,-29.38815683,-24.15482461,-8.141803688,-1.849926211,2.763477676,-6.125705787,14.48829927,26.51239977,14.94777306,2.114409615,-0.513555658,-5.138021473,-11.29966529,-23.39758974,-13.58790254,-5.530445184,-13.4801554
-11.6670389,-7.185235955,-20.56885773,-13.59069577,-6.240429266,-0.900540885,-2.038760558,-7.242854577,6.358601387,21.10900551,10.41113559,4.00790042,-1.955996881,-2.749323204,-7.313459088,-17.07489658,-11.26164047,-9.26405836,-12.45452484
-7.682143754,-9.90265388,-7.506337366,-3.164288573,-4.541211528,0.028591716,-5.997317357,-7.654662403,0.443311014,6.763788648,4.809871547,6.226679001,-2.780967105,-0.31109656,1.61776594,-7.977988672,-8.51806764,-14.91752584,-11.83203404
-3.349482839,-12.28273289,4.561794468,3.320598977,-3.170301364,0.848656743,-7.932076377,-7.158706106,-1.042307029,-9.323752449,0.22125242,6.68028759,-3.5469762,1.101911248,10.41228028,0.047030671,-5.602212276,-20.16910838,-10.70725043
1.200602473,-13.10168951,11.29213837,5.446101123,-1.745825895,1.56439464,-7.510778955,-5.701947156,1.435266482,-19.98258866,-1.413569688,5.222074228,-4.461126808,0.911744335,13.59365995,3.82553904,-2.746445921,-22.92148669,-8.438575773
5.517169918,-12.11990654,11.5472195,5.677435992,0.254491544,2.223834282,-5.289124439,-3.492214556,5.424167102,-21.99571905,0.583861524,3.828913732,-5.065200736,-0.540969129,9.190027093,2.530869898,-0.16607328,-22.42908053,-5.14836884
8.927050842,-9.948041603,7.536038967,6.695234053,2.938349644,2.862710114,-2.360096251,-1.099729182,8.381409586,-17.03260879,5.202000471,4.865656274,-4.611766589,-2.114273927,0.268889121,-1.870370376,2.051608787,-19.42960874,-1.595921974
10.92306317,-7.362727337,3.010481094,8.835960029,5.731217862,3.493185549,0.123224047,0.594905229,9.309733892,-9.479853546,10.32626389,8.793999048,-2.846221948,-2.494704671,-7.109666741,-5.71841158,4.082967243,-15.31381157,1.453368423
11.5528977,-4.679747703,0.932337005,9.761314549,7.626466363,4.123157551,1.307710355,0.676870201,8.995067324,-3.198093321,13.93800346,13.31300733,-0.498046082,-0.953477512,-8.0070124,-5.691765416,6.362574783,-11.06638606,3.819497414
11.45601068,-1.69761948,2.097262199,6.617735834,7.778212993,4.757756738,0.78863034,-1.399873322,8.833782358,0.350768487,15.10385298,14.85132605,1.02048994,2.257718348,-1.740831738,-0.588069624,9.352168917,-6.798118716,5.965324455
11.46255912,1.799554061,5.298287753,-1.110440391,6.019303852,5.363706603,-1.410341492,-5.508749878,9.299774641,1.610765102,14.13722931,11.38222506,0.55144474,6.114735601,8.152033823,8.167067638,13.1964233,-2.131256889,8.496887172
12.04172659,5.494541892,8.528574614,-10.45161353,2.968056345,5.834841544,-4.937649517,-10.84582633,9.304690773,1.101807078,11.96392304,4.325775182,-1.954942442,9.461574773,16.82056341,17.51192331,17.51556551,3.016895987,11.56220284
13.02679125,8.502285987,10.22613119,-16.57577141,-0.310123366,6.016196705,-9.236279138,-16.24676772,6.949088209,-1.768758911,9.293546793,-2.097672958,-5.362698006,11.63004316,21.45252689,24.548757,21.52014194,7.993690369,14.67140089
13.81137279,9.941479079,9.839640182,-16.09839419,-2.843163688,5.795638616,-13.66632353,-20.64530152,1.06933275,-8.087842913,6.249253942,-3.71863691,-8.132474268,12.63777162,22.55716383,28.00083295,24.3954739,11.704452,17.06638085
13.80730633,9.635084433,7.644490066,-9.639795014,-4.180477507,5.197972754,-17.61401681,-23.41465806,-7.609762131,-17.6433778,2.644138552,0.63344566,-9.359118847,12.89932911,22.52380203,28.47123077,25.68523402,13.37010496,18.27364524
12.74791905,8.295842536,4.211238783,-1.753519468,-4.52288571,4.392305639,-20.56928835,-24.43382177,-16.59017596,-27.79132902,-1.463823044,8.297565221,-9.266462102,12.73991184,23.00922329,27.49255318,25.39875583,13.08175872,18.3280746
10.60591641,6.964316503,-0.027444279,1.754296204,-4.555132265,3.58434539,-22.16642553,-23.91590446,-22.91694112,-34.36895742,-5.48998843,14.63848073,-8.817713027,12.10927543,23.4624304,26.16872424,23.79339722,11.67363675,17.48783927
7.30129024,6.123586817,-4.908326906,-2.70653641,-5.097259771,2.866391639,-22.20745538,-22.1752459,-24.78731312,-34.28360592,-8.560837439,16.12833513,-8.815070345,10.69190732,21.90428927,24.42723569,21.05492873,10.02817762,15.76153361
2.608723382,5.244869076,-10.40571775,-14.47849834,-6.713912759,2.148740094,-20.69159439,-19.49726781,-22.39701558,-27.82270178,-10.03294469,12.37698405,-9.240550078,8.276854425,17.07040398,21.3769852,17.17839896,8.404979587,12.76653001
-3.514290158,3.20426004,-16.36927776,-29.15477946,-9.40977547,1.242626816,-17.84079066,-16.143832,-17.55816774,-18.71671427,-9.830173453,5.828258517,-9.338254604,5.055750529,9.924021692,16.39507213,12.16114842,6.345060329,8.13128762
-10.42175948,-0.717070012,-22.27269023,-41.01528013,-12.53473372,0.04227362,-14.0744975,-12.40238281,-12.46900989,-11.66815424,-8.34802768,-0.283922851,-8.30066596,1.602049024,3.207280022,10.00262658,6.318488152,3.19437759,2.109266073
-16.64167673,-6.070010182,-27.12938592,-45.78754739,-14.99089144,-1.336748888,-9.900013288,-8.574991985,-8.50808347,-9.124598499,-6.092835534,-3.93961593,-5.949774574,-1.441616744,-0.550522932,3.768597943,0.388994154,-1.23589656,-4.205405101
-20.45565648,-11.39336542,-29.725121,-42.29263452,-15.71950556,-2.582621355,-5.756810455,-4.899091932,-5.777832771,-9.804571201,-3.441853179,-4.901011788,-2.874699123,-3.711955353,-0.856152159,-0.731333911,-4.747264171,-6.448207089,-9.389563995
-20.94681547,-15.23343562,-29.18143273,-32.4861106,-14.26763981,-3.370962785,-1.920367459,-1.49059322,-3.52650266,-10.1811531,-0.727950734,-3.892557717,0.007039127,-5.249069195,0.575181597,-3.09158659,-8.575582817,-11.64474403,-12.62650263
-18.76264561,-17.2328426,-25.59728041,-20.2989841,-11.11378675,-3.575006464,1.450747759,1.602898041,-0.998815159,-7.751701339,1.538075119,-1.580834894,2.026328725,-6.339000272,1.318925206,-4.431137314,-11.28402996,-16.34661115,-14.32472151
-15.90967562,-18.38150447,-20.31558835,-10.00564968,-7.504165867,-3.345217236,4.162885046,4.261522086,1.92017294,-3.389973757,2.690854852,1.590148372,3.002380125,-7.243221284,0.056441647,-6.58718186,-13.62506978,-20.67087287,-15.85206178
-14.5686116,-20.16701906,-15.47383271,-4.695089622,-4.827392036,-3.000503653,5.893326254,6.202154727,4.651907503,-0.71662197,2.339310785,4.790796361,3.05319727,-8.043637991,-2.776459026,-10.71794266,-16.3534046,-25.00361523,-18.50189207
-15.6932747,-23.26038118,-12.94980921,-5.208831289,-3.869260407,-2.816246496,6.310689041,7.070621755,6.403429719,-2.833300932,0.90145934,6.458924488,2.295890518,-8.694266578,-5.85059987,-16.35990975,-19.63535855,-29.35732459,-22.45071685
-18.39554534,-26.78861421,-13.30400661,-9.850875285,-4.405846866,-2.866167655,5.391092088,6.707233002,6.799032808,-9.046276349,-0.304176639,5.04000377,0.808183306,-9.174750705,-8.325981412,-21.64587266,-22.8679981,-33.00438443,-26.51843485
-20.5827155,-28.8166214,-15.43120679,-15.10671311,-5.39672881,-3.021727708,3.692501582,5.400916953,6.2458076,-14.45001518,0.298234921,0.447849677,-1.113962984,-9.564169393,-10.42319052,-24.50972014,-25.04415017,-34.76560302,-28.93426203
-20.39266008,-27.71286362,-17.20644389,-17.26885067,-5.649478967,-3.084365844,2.290462671,3.898590742,5.813469702,-13.10942662,3.485164498,-5.124955564,-2.744277982,-9.954581149,-12.73543034,-23.98522148,-25.39071764,-33.78056441,-28.52847865
-17.38809764,-23.36740136,-16.73047523,-14.3045373,-4.520241037,-2.930618733,2.281688575,3.082981677,6.690247133,-2.666087964,8.537270987,-8.157068604,-3.128329377,-10.29629962,-15.08070806,-20.7018342,-23.8169465,-30.16603155,-25.45243126
-12.68870988,-17.33917603,-13.37369473,-6.949428565,-2.217629882,-2.561174382,4.108723742,3.481867036,9.496706507,13.17348957,13.52877208,-6.165488251,-1.689498975,-10.34396469,-16.1438727,-16.34549398,-20.87950914,-25.03897077,-20.93168025
-8.056938479,-11.84444369,-8.006147618,1.698320801,0.421772822,-2.041490349,7.173209631,4.931602427,13.82128422,26.43059211,16.5200348,0.260552892,1.214171019,-9.781413241,-14.40421216,-12.60655634,-17.3504504,-19.88285948,-16.33489055
-4.728002627,-8.38286545,-2.414463659,7.916336287,2.456190169,-1.41323431,10.07560119,6.646328298,18.26100298,29.91790864,16.83878712,7.534160169,4.308715074,-8.431585167,-9.587656015,-10.38099928,-13.75084902,-15.74607646,-12.34478617
-2.872910744,-7.02439379,1.571639809,9.36435347,3.278867343,-0.664995981,11.39647358,7.673885321,21.02225821,22.02156097,15.49084729,11.47251221,6.111729759,-6.370190915,-3.289487985,-9.613260514,-10.18058923,-12.85662955,-8.846886574
-1.967605999,-6.792159053,2.691602382,6.099692947,2.742880838,0.22052415,10.52504203,7.444601095,20.83261327,7.745348083,14.35354383,10.31867862,5.868419268,-3.846392385,1.940101616,-9.599787798,-6.494598047,-10.85649047,-5.489055566
-1.56832269,-6.686457955,0.452279703,0.056086006,1.026928166,1.203417642,7.974326382,6.050347024,17.68449766,-4.721988852,14.72858697,6.024717954,4.020533992,-1.095888628,4.409486134,-9.346913652,-2.6065559,-9.345218289,-2.302863796
-1.724826695,-6.443632561,-4.857714811,-6.45973292,-1.526785681,2.1783595,4.977626742,4.08815356,12.94570767,-9.383294524,16.34200505,2.711165156,1.844034858,1.760489712,4.503625589,-7.82450749,1.338466764,-8.21995704,0.204058429
-2.69668073,-6.456897241,-12.11781388,-12.06352246,-4.442186353,3.029259905,2.678912122,2.21976295,8.691898097,-5.895557595,17.55682538,3.453011841,0.534894389,4.617420393,4.234685292,-4.301480471,4.997062061,-7.563101315,1.525975413
-4.346924016,-7.075666234,-19.40641494,-16.50386856,-7.06307258,3.684871696,1.508912627,0.79342695,6.595225233,1.143594671,16.64381021,7.912916846,0.446726451,7.174124044,5.43716115,1.081128273,7.939051142,-7.297273982,1.688800212
-5.912486719,-8.04109415,-24.45167885,-19.88273112,-8.622798597,4.109499875,1.159700715,-0.202974806,7.029976775,6.141086418,13.14877331,12.68828688,1.035711819,8.845993292,8.095093572,6.790935453,9.689445336,-7.058451809,1.262024973
-6.490219551,-8.641998018,-25.59532413,-21.79393225,-8.532730262,4.23336424,1.081616343,-0.874304864,8.964756451,6.447963469,8.32638546,14.06480483,1.477603496,8.969461928,10.23474317,10.10020462,9.713421256,-6.511360658,0.788212557
-5.861765394,-8.460040964,-22.79402742,-21.27598391,-6.755163231,3.904584733,1.027071161,-1.116741555,10.70934025,3.397653641,4.323157599,10.94880231,1.389402381,7.227604149,9.541269177,8.388359049,7.505999754,-5.851702244,0.157495178
-4.877896427,-7.971334258,-17.85810506,-17.68266077,-3.968314194,2.947499834,1.177617808,-0.589068207,11.00045722,0.102219845,2.724444039,5.652697924,1.054474666,3.998297509,5.409693116,1.030827523,2.893896567,-5.962777355,-1.429054432
-4.936498699,-8.342567507,-13.4987845,-11.69627599,-1.322065241,1.323129739,1.789344549,0.975784999,9.677095662,-1.722264896,3.520715235,1.985970646,1.019013857,0.322280319,-0.271385019,-9.47794385,-3.586998032,-7.916142779,-4.762992701
-6.877899951,-10.4678854,-11.65924786,-5.498606723,0.125344158,-0.721857438,2.728627078,3.364858318,7.512634227,-3.062741037,5.193745628,2.267534392,1.47681917,-2.563143781,-4.321277124,-18.38613558,-10.57835715,-12.08012086,-9.744039272
-10.19479876,-14.02518058,-12.30211015,-1.755395223,-0.057223567,-2.659820693,3.369156821,5.758299865,5.417753466,-6.038122401,5.788791814,5.651924529,2.014548434,-3.857794367,-4.583824209,-21.4528974,-16.31146636,-17.53597674,-15.10405892
-13.27361675,-17.42273194,-13.62696917,-2.035812111,-1.514418504,-3.889023765,2.998417491,7.074702424,3.705594842,-11.03831564,4.173520596,8.977661197,1.93709744,-3.591479217,-1.580597124,-17.93983329,-19.4364035,-22.38054024,-19.08376047
-14.5563404,-18.82795009,-13.62501046,-5.791648352,-3.403273892,-4.038478406,1.417942212,6.616930553,2.029957559,-15.32273944,0.65014604,9.265915312,0.864751789,-2.525464262,1.782081295,-11.57239923,-19.77511022,-24.84802202,-20.60466684
-13.72352237,-17.55840366,-11.76946372,-10.65870544,-4.910466666,-3.175776036,-0.778935591,4.578409713,0.01936946,-14.594175,-3.37106145,5.774810032,-0.937569697,-1.652730303,2.244155638,-8.394514377,-18.44960881,-24.50521986,-20.01520112
-11.93589522,-14.74038221,-9.455643009,-13.90105444,-5.625765116,-1.774154068,-2.52462987,2.020908083,-1.989447448,-6.489937874,-6.278440339,0.094741846,-2.780725855,-1.651297932,-1.548283664,-12.69247637,-17.21989419,-22.62759364,-18.78937782
-10.91852778,-12.64982581,-8.785827952,-14.01888459,-5.570405282,-0.456844868,-2.974692471,0.289478574,-2.840066554,6.822530214,-7.099118387,-5.466644417,-4.103828019,-2.637120516,-8.180343131,-23.80417954,-17.43122698,-21.41234351,-18.3965691
-11.61756843,-13.16196976,-10.67840656,-11.46299265,-4.969645286,0.312449441,-2.048018829,0.234620257,-1.28518224,19.22486958,-5.820832146,-9.593527781,-4.855257444,-4.306522068,-14.52966319,-36.24693433,-19.27625484,-22.53275545,-19.24078593
-13.50934722,-16.43931525,-13.89546351,-8.058784876,-4.028599472,0.399165959,-0.391887653,1.761523976,2.961222099,24.2697681,-3.168682745,-12.31241964,-5.376605073,-6.268041773,-17.86433005,-43.28056831,-21.85809345,-26.03168189,-20.50487179
-15.09402886,-20.81180098,-15.85807298,-5.626597415,-2.892487816,-0.050083313,1.182552644,4.000313294,8.715024783,19.34942825,-0.113304743,-13.95910378,-5.932468862,-8.266342438,-17.43790324,-41.4414864,-23.94501052,-30.3028196,-20.97210394
-15.12076272,-23.89018581,-14.62335533,-4.770549909,-1.746202404,-0.789259562,2.325021662,5.950180789,13.86046899,7.454848358,2.587535133,-14.0597492,-6.356011544,-10.15233577,-14.56619404,-32.75534508,-24.79993379,-33.11065954,-20.0803886
-13.50201623,-24.03982589,-10.39612664,-4.609541284,-0.858936259,-1.625232742,3.326524088,7.120149885,16.62457145,-4.668573189,4.656540274,-11.43226481,-6.16832299,-11.70473918,-11.36495229,-23.00629067,-24.4563576,-32.87569995,-18.29251523
-11.17691986,-21.14794074,-5.318237601,-3.54351394,-0.448237653,-2.435398863,4.726887959,7.71474294,16.66399739,-10.59515629,6.337509089,-5.53910952,-5.083412171,-12.53991658,-9.24104215,-17.40126968,-23.30548993,-29.34882335,-16.48888764
-9.108543965,-16.2595087,-1.728159587,-0.474058475,-0.452179301,-3.081666769,6.692092446,8.270722217,15.14969843,-7.725973472,8.201981125,2.217055824,-3.43803661,-12.25498831,-8.230225382,-16.93712903,-21.44847843,-23.35530221,-14.96756142
