P4,O2,P8,T8,C4,Cz,Fz,F4,Fp2,F8,Fp1,F7,F3,C3,T7,P7,P3,O1,Pz
10.6839546,44.64396106,7.304639448,5.144572557,7.757571432,3.193686483,55.90804097,3.176231985,6.874302906,4.298959649,-4.473840777,-7.845947403,3.932485693,4.821914805,1.853418191,6.735179372,15.6597765,35.48248011,66.04158118
15.53371593,21.66692553,7.736821941,4.802761122,6.728593371,2.157941888,27.88229066,-0.728860755,3.923570957,14.59907959,-3.728154958,-11.19735368,-0.086788908,1.70791941,-0.270638254,9.903902494,14.55698856,28.29045432,60.35326208
17.27283494,9.297821022,7.472412278,4.635795559,4.74561325,-0.116595313,-9.093017973,-4.141816349,0.806047854,20.26171094,-2.995632395,-13.71588405,-4.152246034,-2.863091643,-4.124773963,8.646432777,10.15231523,22.96937471,55.53619076
16.0504174,9.351263713,7.472975946,4.872636315,2.885632379,-2.462657494,-33.59994288,-5.732338949,-1.919172051,19.37100833,-2.918473187,-13.9044747,-6.577371148,-6.429796426,-7.563098666,3.993985811,5.425560122,21.89323845,53.34498223
13.57670227,17.70562935,8.628231258,5.34724269,2.084466001,-3.593365774,-34.14264245,-5.360121131,-4.50297726,13.01455616,-3.935106894,-11.45484407,-6.651466681,-7.253876121,-8.67038838,-0.987558141,3.303896957,25.6547531,54.12106985
12.19741704,27.55974116,11.20737713,5.886808234,2.66886873,-2.910365613,-16.00310017,-3.914570318,-7.025565211,4.767690042,-5.672688286,-7.774462654,-4.94945663,-5.366823711,-6.750100206,-3.007088154,5.088365988,33.01136636,57.02163684
13.38400394,33.56861087,14.50952884,6.505282538,4.19482374,-0.878343356,4.3988507,-2.49211982,-8.70304947,-1.310539055,-6.897984816,-5.230227381,-2.794006464,-2.339707153,-2.577336681,-0.583958183,9.88411724,41.47904564,60.70063544
16.66380969,33.99848814,16.9901724,7.189473734,5.652692141,1.288512274,12.51969197,-1.631369972,-8.348700493,-3.018948848,-6.27276466,-5.433476836,-1.320284283,-0.020882366,2.168921884,5.018115339,15.28166601,48.13489934,63.86821803
19.82908749,29.97476823,16.92223125,7.55725822,5.942478122,2.39889449,5.733419829,-1.185306012,-5.64492285,-1.123445856,-3.432959027,-7.816896043,-0.837799596,0.755272775,5.891285804,10.56896092,18.77262983,50.39049692,65.50152635
20.3885336,23.21294759,13.31084318,6.871253254,4.416475496,1.975221391,-6.820087037,-0.805596494,-1.94872653,1.593712636,0.505918273,-9.756601362,-0.892893077,0.526976285,7.862401883,12.82815045,18.9990435,46.70148553,64.88282712
17.28480431,14.45410942,6.546462988,4.573272508,1.250302448,0.410081254,-13.28424118,-0.48893018,0.366868039,2.662202674,3.572887016,-8.404591867,-0.867383951,0.452247098,8.379624994,10.38901313,16.1446633,37.13098202,61.71542904
11.63949547,3.714684154,-1.6420423,0.946746639,-2.549323241,-1.456232045,-8.937970801,-0.635489752,-0.271748243,1.828342144,4.351689268,-2.994063715,-0.560536963,1.146609255,8.282873499,4.270423799,11.39384118,23.49235537,56.3120857
5.960398919,-8.39659453,-8.977201019,-2.736044367,-5.551731617,-2.969492004,1.040376801,-1.564842449,-3.134091198,1.011301936,3.113787083,4.184222759,-0.278700141,2.091392907,8.235137535,-2.974642519,5.971687765,8.793350632,49.60110487
2.378518457,-19.95144953,-13.73371021,-4.872163633,-6.574138612,-4.02966031,7.294696102,-2.963060497,-5.377492775,2.364146263,1.726056945,9.08928907,-0.401846551,2.074083263,8.280084719,-8.881416904,0.458713456,-3.940739796,42.7610343
1.209810496,-28.48581847,-15.49744457,-4.588889639,-5.297625637,-4.970367623,4.868070469,-3.821869644,-3.984594751,6.118364665,2.314162883,8.767242089,-0.83187023,0.257789739,7.955317073,-12.30587267,-5.227906395,-12.89622002,36.63892671
0.886524688,-32.65046077,-15.14133304,-2.386313806,-2.486502901,-6.122723403,-2.790107797,-3.005304035,1.978242408,10.14303917,5.674806513,3.698899979,-0.813929466,-3.022825421,6.823888034,-13.58296054,-11.3157203,-18.01000275,31.38278896
-0.737480216,-33.18728416,-14.09049837,0.188541108,0.345804769,-7.457688006,-7.336471222,-0.026441925,10.53984039,11.70826241,10.67660648,-2.149816051,0.682369702,-6.390252856,4.984005089,-13.75936739,-17.60712636,-20.46977611,26.61577096
-4.725178446,-32.26699255,-13.40616623,1.612826013,1.672862732,-8.589789254,-2.984296905,4.574053304,18.0828153,9.975121505,15.12934589,-3.778377361,4.269026806,-8.362263912,3.143028046,-13.63633448,-23.30718601,-21.55159584,22.04376839
-10.2721263,-31.7035895,-13.2930725,1.35972483,0.696411479,-9.097671999,8.680451313,9.524497612,21.69207622,6.969832505,17.43187391,1.510698136,9.608468203,-8.344904622,2.178071413,-13.32104555,-27.34290577,-21.65710373,18.00006745
-15.302297,-31.57285456,-13.28411889,0.012503198,-2.314761771,-8.855979831,20.33338744,13.51957092,20.81347034,6.009184138,17.68402267,12.16827635,15.39672429,-6.921644063,2.502762395,-12.46065176,-28.89266649,-20.23763519,15.45732008
-17.8761691,-30.39525147,-12.85007811,-1.496223033,-6.248118003,-8.087904576,25.08484192,15.75878215,17.10577758,8.776460625,17.38371631,23.15865994,19.8630192,-5.27918844,3.716572316,-10.7955829,-27.72870002,-16.57083708,15.48099693
-17.28252226,-26.65097574,-11.89933968,-2.777745697,-9.746555843,-7.107937367,21.64707149,15.97997987,12.85425461,13.56452599,17.97226101,28.86814177,21.48111262,-4.294082825,4.805843551,-8.518498363,-24.171218,-10.6697918,18.57786261
-14.04117329,-20.23694421,-10.76966229,-4.169359288,-11.78855011,-5.997003416,14.31308288,14.13521246,9.347525343,16.36270609,19.40989832,26.22271164,19.5168318,-4.015260736,4.752746114,-6.192903258,-18.76791811,-3.522560069,24.48023403
-8.975063312,-12.57335308,-9.744337736,-6.026897189,-11.92323813,-4.505388482,8.357933752,10.1658909,6.409496487,14.0764172,19.92898822,16.10829957,14.19626915,-3.879740784,3.114326003,-4.375037498,-11.98671635,3.55186718,32.51740119
-2.240059621,-5.30462812,-8.510948122,-7.805928494,-10.11914654,-2.276077819,5.325261809,4.178596856,3.151731642,7.256520736,17.18090188,2.473624306,6.51482144,-3.364724342,0.189491147,-3.268174357,-4.129912468,9.882959018,42.20125662
6.834362097,1.199780235,-6.038341903,-7.88779872,-6.46788827,0.795954229,2.337859425,-3.141685079,-0.964824107,-0.014250911,9.932365977,-9.999056952,-2.141123269,-2.45411041,-3.259689238,-2.632379208,4.544468223,15.91703274,53.45905684
18.95404989,8.159371175,-1.053550348,-4.520966789,-1.056224948,4.366187061,-4.325030458,-10.36786564,-5.693522182,-3.118069565,-0.899719163,-18.09083892,-10.37442469,-1.532679945,-6.427425261,-1.944234052,13.65907453,22.73637778,66.25633847
33.75279907,17.15704239,7.11496954,2.730500935,5.861329876,7.761511909,-14.95615793,-15.75760671,-10.33937983,-0.404044336,-12.54055569,-20.98443802,-17.04717535,-0.877994888,-8.681414552,-0.669381388,22.63863675,30.95732711,79.8976893
49.22724124,28.34476618,17.80985496,12.17228754,13.54143981,10.31120118,-25.43130098,-18.09793432,-14.27859273,5.624031152,-21.68882673,-19.82999517,-21.41038968,-0.293432975,-9.515646144,1.464023975,30.69852518,39.83146285,92.60233754
62.13539493,39.54201863,28.86021576,20.54181115,20.59838769,11.62117391,-30.3409441,-17.36733318,-17.07348212,10.31939362,-25.98666154,-16.59986476,-23.11634553,0.712673609,-8.495155657,4.236347073,36.81498107,47.22046578,101.769065
69.09937108,46.97759604,37.08698919,24.65714793,25.2513277,11.60408082,-27.3737555,-14.67843698,-18.22910091,10.34277799,-24.82915839,-13.01295477,-22.16444339,2.319558491,-5.474415906,6.813837894,39.69341512,50.47538736,104.8398392
67.77135438,47.16583212,39.32965973,23.03497501,25.9367601,10.31295955,-19.09726159,-11.50330236,-17.14382244,5.717562459,-19.29453407,-9.951305046,-18.841373,3.916052337,-1.040725028,7.867785358,37.91165274,47.65366111,100.267999
57.54960712,38.64497588,33.62075587,16.4081595,21.98918848,7.800171564,-10.72341561,-8.757414829,-13.59758114,-0.957165398,-11.49517669,-7.406229739,-13.69741807,4.2667953,3.25250287,6.049245482,30.41565571,38.38125892,88.09258757
39.72850135,22.56898918,20.07718042,6.939927152,14.01932806,4.177613086,-5.979787471,-6.436223279,-8.40007959,-7.031428304,-3.771168082,-4.831722117,-7.546569712,2.322946042,5.325000542,0.722954578,17.28663439,24.01197525,69.94695598
17.23554745,2.069511885,1.143361269,-3.113429458,3.776091586,-0.168768218,-4.681456795,-4.044651134,-3.391308407,-11.56391158,2.029084119,-1.753520768,-1.419216585,-1.887954199,3.675312386,-7.417484725,0.345084463,7.190078576,48.65938828
-5.917391168,-18.94334704,-19.00044379,-12.26602542,-6.445170323,-4.44998159,-3.862312239,-1.407046902,-0.425945363,-14.8029261,5.085542834,1.614591148,3.609005849,-6.99696983,-1.490011402,-16.31770958,-16.9603205,-8.868409031,27.67889165
-25.47832839,-36.82544576,-35.7584377,-19.73938062,-14.56413841,-7.644871082,-1.108498183,0.861487111,0.018198489,-16.27606665,5.825548451,4.1408298,6.708842271,-10.93204095,-7.986479233,-23.30093473,-30.60435797,-21.14418506,10.42064189
-38.06211198,-48.85218369,-45.71545842,-24.88545206,-19.31380383,-8.943899819,3.046659962,1.645332392,-0.636952278,-13.87703729,5.625177299,4.265379138,7.585720296,-12.06976348,-12.65270477,-26.2535041,-37.57872096,-27.54596667,-0.474335111
-42.21291347,-53.65262434,-47.82741084,-26.90045162,-20.4657744,-8.18215952,5.701113158,0.155961812,-0.135110973,-5.43380307,5.962870502,1.109319909,6.581615931,-10.12217941,-13.12082136,-24.57177964,-37.15666886,-27.50519831,-3.861658883
-38.88233769,-51.54500692,-43.61384388,-25.24412492,-18.67214027,-5.935523646,4.362939998,-3.381586048,2.595778064,8.317851151,7.401249355,-4.487430675,4.484290408,-6.173844798,-9.200999575,-19.29233325,-31.05106957,-22.2027881,-0.487363157
-30.92659058,-44.56444113,-36.22111052,-20.40181269,-15.07336496,-3.183092965,-0.745473777,-7.748806955,6.119430038,22.24408462,9.069787162,-9.905301356,2.120361929,-1.905865733,-2.90767886,-12.37348403,-22.35848796,-14.18562651,7.278963769
-21.77197051,-35.85935136,-28.84180012,-14.18824868,-10.87435073,-0.765306062,-6.906096454,-11.451378,7.163445174,28.8847627,9.128738334,-12.04642612,-0.033199428,1.390035518,2.88980983,-5.675813002,-13.97543306,-6.397161417,16.39091932
-13.96595161,-28.48694568,-23.35681403,-9.100247754,-7.038925887,0.976888897,-11.27952508,-13.57517721,3.013642134,23.19269205,6.023294084,-9.359292635,-1.981416328,3.317780412,6.198873096,-0.340636837,-7.491969524,-1.04515891,24.31464022
-8.435048741,-24.17551395,-19.9144442,-7.017605908,-4.149998981,2.145790134,-13.15350028,-14.1438951,-6.169835308,6.44763938,-0.319313029,-3.194128277,-4.018837872,4.145615677,6.772481564,3.136040466,-3.151764378,1.091123669,29.81608498
-4.765596865,-22.79336326,-17.53615773,-8.138938059,-2.394857218,2.916169497,-14.06033546,-13.77571523,-17.02644451,-13.94716109,-8.247769502,2.67276862,-6.363995755,4.167582599,5.604693598,4.451281216,-0.630342577,0.575034635,32.97324883
-2.082975565,-22.820279,-15.16552595,-10.91502174,-1.607219151,3.203192644,-15.83165279,-12.9996168,-25.0529042,-28.99315366,-15.30955941,4.295686788,-8.878502647,3.269347275,3.673685749,3.278748978,0.21147879,-1.348131431,34.6057081
0.266725796,-22.39557215,-12.34852913,-13.01304747,-1.332153365,2.676160877,-18.53739885,-11.81906713,-27.50281405,-33.66829118,-19.63925407,0.191369974,-11.0458489,1.082958767,1.134809186,-0.384991699,-0.687289156,-3.405258685,35.69832417
2.718690317,-20.15350313,-9.125055479,-12.61859071,-0.936486103,1.118066837,-20.24475221,-9.846135849,-24.87996159,-29.35290913,-20.75251471,-7.491405552,-12.1912176,-2.415337306,-2.308922852,-5.609768255,-2.895563154,-4.488145515,37.25614039
5.945026269,-15.38144915,-5.413895399,-9.230950765,0.193295124,-1.182633874,-18.75460954,-6.832145996,-19.94417493,-21.46192834,-19.21864886,-14.18116304,-11.7779096,-6.410749213,-6.270991589,-10.35308989,-4.852890083,-3.457449143,40.48766493
11.05735556,-7.735426181,-0.615706561,-3.593033901,2.3761839,-3.377585361,-13.65386598,-3.118171432,-15.22338302,-14.54234822,-15.67608685,-15.73197972,-9.619453015,-9.359637785,-9.000621139,-12.18041529,-4.123082125,0.927051548,46.78604748
19.06398677,2.856424789,6.037442078,2.941713882,5.393631033,-4.455472541,-6.822924307,0.357358644,-11.22920687,-9.057848218,-10.23013082,-11.00416058,-5.959636027,-9.74971352,-8.096420051,-9.626441475,1.318974104,9.51887766,57.10620558
29.83404083,15.77443891,14.54999058,9.013865551,8.448131059,-3.840726393,-1.041294231,2.472887361,-6.857858891,-2.426895837,-2.882405715,-2.473535078,-1.464384351,-7.045197949,-2.344018661,-3.3043981,11.54696358,21.89321867,70.96411405
41.43415209,29.15591472,23.4295119,13.48894386,10.43507902,-1.767204359,1.946773972,2.436291594,-1.445229499,6.947597166,5.407061965,5.427762147,2.8486724,-2.168080304,6.730320943,4.113117637,24.05108726,35.77415034,85.8564536
50.59166174,39.98833426,29.92719259,15.43359693,10.4589661,0.845801475,2.206172209,0.08129204,3.589417768,16.57934423,12.18762936,8.997247025,5.799360609,2.853089587,15.04016763,9.193579651,34.65263405,47.49127319,97.83167857
54.21623229,45.22434115,31.33808973,14.17548401,8.328285037,2.924461063,0.782031993,-4.122302673,5.2514393,20.81247719,14.39406431,7.181823454,6.421145813,5.894333897,18.09115322,9.567024198,39.52912398,53.48594074,103.1711781
51.03004318,43.37560292,26.58641769,9.58800457,4.707828594,3.801583769,-1.618188024,-9.206674359,1.430112025,15.21761399,10.31297624,1.677459878,4.455883478,5.810768667,13.77863847,5.117750544,37.10037994,52.03157973,100.2333664
42.16857716,35.4295049,16.98455544,2.375808833,0.777992931,3.440649335,-4.981691564,-13.87019524,-6.758848012,0.728273663,1.203381975,-4.501622098,0.698675763,2.949397412,3.854592164,-2.181363285,28.60055311,44.03200519,90.23818016
30.32694558,24.26650516,5.559532439,-5.995526445,-2.430274489,2.235910783,-9.096063231,-16.70990062,-14.93708303,-16.18767199,-8.878909377,-8.796484522,-3.136820252,-1.161540084,-7.059425994,-9.590249268,17.06934352,32.32822838,76.42671016
18.09929411,12.86684352,-4.653187492,-13.82764896,-4.605230998,0.618303175,-12.56328686,-16.63550571,-18.11192943,-27.72632027,-15.26181494,-10.13527873,-5.146396333,-4.71088349,-14.28486446,-15.14189205,5.549533142,19.98480598,62.1647503
6.733363051,2.586273208,-12.1972957,-19.87216264,-6.230663283,-1.198935913,-13.12521928,-13.41455981,-14.13690463,-30.00437882,-15.48080789,-8.940724448,-4.262773858,-6.5412571,-15.78760876,-18.43656804,-4.293815666,8.738638761,49.29641379
-3.863365099,-7.215728583,-17.59985432,-23.7014032,-8.089226776,-3.170217448,-9.423690749,-8.031510596,-5.328832033,-25.15897357,-10.76522288,-6.550994804,-0.979560921,-6.613860682,-12.97193986,-20.35414652,-12.37213668,-1.381719777,37.81313415
-14.05364855,-17.95831569,-22.39840372,-25.54658511,-10.52498659,-5.178017428,-2.719986535,-2.474597104,3.042226052,-18.76681513,-5.102377454,-4.601844047,2.759812078,-5.815980171,-9.223198402,-22.10411742,-19.34690188,-11.17209708,26.87851164
-23.34910583,-30.05590173,-27.5947297,-25.81802975,-13.00058067,-6.870017435,3.215667197,1.133723854,6.265960385,-14.9980136,-2.551091498,-4.547014875,4.559840804,-5.310134608,-7.4639917,-24.35999234,-25.59201416,-20.93380275,16.25452778
-30.21868849,-42.02595009,-32.71110751,-24.74961636,-14.30614426,-7.748924702,4.406961507,1.642412811,3.104682372,-13.69153749,-4.726041147,-7.187233498,2.916444664,-5.841269491,-8.525855859,-26.97218157,-30.7181463,-29.77523929,6.976074061
-32.98217558,-51.19293682,-36.10879445,-22.43048106,-13.32129148,-7.455093952,-0.446486195,-0.500951636,-3.894152249,-11.65347923,-10.15194378,-12.19249865,-1.913690673,-7.37507716,-11.28361957,-29.23256014,-33.84459287,-35.99827814,0.820901975
-31.03075203,-55.39143613,-36.24539174,-19.08643131,-9.821078536,-6.010953026,-8.842948768,-3.588245053,-10.59283141,-6.659871661,-15.71083581,-17.94756938,-8.068612259,-9.203859847,-14.0478252,-30.32582453,-34.21647107,-38.15767966,-0.8940507
-25.36455279,-54.30144471,-32.85974021,-15.23919411,-4.759158472,-3.829933033,-16.15157708,-5.787020776,-14.05346351,-0.28728388,-18.88014208,-22.11683647,-13.15234109,-10.38728186,-15.8612338,-29.64869537,-31.62750803,-35.92919591,1.812373722
-18.01695555,-49.41936773,-27.18584494,-11.52149591,0.188911999,-1.488572462,-18.85253295,-6.304540754,-13.87419047,3.142053715,-19.06501708,-22.85910532,-15.51845058,-10.24301267,-16.70194072,-26.94146931,-26.42564613,-30.19076943,7.678644223
-10.83016204,-42.8147767,-21.08233483,-8.301585041,3.53014377,0.55689921,-16.80456306,-5.749520792,-11.48072197,0.607963422,-17.2690789,-19.9657649,-14.95666765,-8.627244329,-16.71667446,-22.34517091,-19.27820645,-22.39942368,15.0794101
-4.515643378,-35.75754003,-15.78808318,-5.493535365,4.714356823,2.108725489,-12.81106744,-5.438196149,-8.452145534,-6.266380805,-14.7418669,-15.01245331,-12.42644013,-5.904245164,-15.45940015,-16.43440639,-10.98923445,-13.8366682,22.93303295
1.364736318,-28.27416752,-11.25297994,-2.77070099,4.278674408,3.162572172,-10.00291203,-6.188169569,-5.447810566,-11.76835524,-11.92093448,-10.24124836,-9.155663308,-2.690400986,-11.98646926,-10.1274291,-2.459659765,-5.244410772,30.97855322
7.617824491,-19.81533641,-6.505161956,-0.007177189,3.343227539,3.74873661,-9.314740777,-7.544230742,-2.392719561,-10.34268156,-8.485755016,-6.921754055,-5.824986703,0.434784331,-5.761695405,-4.380473939,5.35923431,3.065566125,39.36038688
14.52755005,-10.30102946,-0.719077832,2.467309131,2.85176309,3.837734507,-9.120047541,-8.058459305,0.705086978,-1.052297446,-4.22858131,-4.494257582,-2.411002222,3.080441413,2.479714925,0.215956397,11.66682289,10.9206171,47.99913866
21.50030349,-0.621547319,5.842895671,4.05159121,3.066157496,3.374278242,-7.152660362,-6.437049195,3.370098532,11.49250383,0.245155129,-1.289228884,1.295093456,5.011403309,10.74505296,3.622054247,16.08191707,18.11238138,56.28398438
27.3729962,7.723974688,11.69655844,4.327802599,3.579961977,2.371592163,-2.896596081,-2.688943128,5.078815131,20.50333401,3.686481749,3.656123556,5.005491311,6.020426935,16.73255133,6.07937251,18.70648756,24.36911643,63.24342972
31.00884839,13.40243493,14.87701648,3.347605223,3.731821949,0.954389936,1.668347214,1.61238746,5.858706843,21.83893559,5.039064553,9.175854584,7.70833049,5.856291232,18.96780492,7.531443173,19.82635614,29.31530571,67.9450617
31.7257474,15.74983212,14.02893726,1.472330245,3.068343236,-0.687159026,3.555332166,4.196970234,6.21475546,16.34706271,4.114250847,12.27718856,8.13749915,4.304387234,17.28120875,7.244963609,19.44727321,32.3579862,69.79357302
29.40664503,14.74099328,9.154489699,-1.053994866,1.563911573,-2.366822808,1.149316135,3.517003031,6.310618443,8.094885748,1.502327071,10.17724605,5.630812316,1.386726535,12.43099503,4.109541126,17.1160502,32.68665244,68.62550552
24.45732364,10.74294427,1.630498132,-4.316450386,-0.452212966,-3.909328632,-4.534727021,-0.251234371,5.293162176,0.466987428,-2.077291958,2.626025791,0.758973196,-2.464186141,5.433133324,-2.417435564,12.31721709,29.62807682,64.72931575
17.79010418,4.497089581,-6.413251439,-8.427309273,-2.509223572,-5.094778551,-10.64414252,-5.282073442,1.729993645,-6.198827568,-6.221841177,-7.321337202,-4.743222362,-6.414792533,-2.696604223,-11.37592554,5.228934455,23.29916468,58.89575302
10.77138355,-2.650381236,-12.9513236,-12.95319824,-4.178906301,-5.638976184,-14.49762509,-9.168465083,-4.891210137,-13.44010547,-10.57657571,-14.84640674,-8.737639723,-9.476068593,-10.66113749,-20.21518704,-2.803293323,15.08574114,52.39020932
4.909943494,-8.740060677,-16.74995803,-16.69873278,-5.183073335,-5.304214682,-15.10254149,-10.27077156,-12.86254816,-21.4131977,-14.17418541,-16.24963452,-9.684112188,-10.88470855,-16.63438381,-25.87795393,-9.629073955,7.385963091,46.63502854
1.232685619,-11.85321693,-17.67384549,-18.27062104,-5.476338002,-4.109337612,-13.14633161,-8.529746321,-18.58522461,-27.04778656,-15.2743527,-11.16480363,-7.312662218,-10.42097705,-18.70886028,-26.49620856,-13.42642434,2.507986855,42.59241704
-0.323420721,-11.2482943,-16.59500128,-17.14677216,-5.326216559,-2.470400672,-9.882333852,-5.344616329,-18.73120561,-25.84559897,-12.26022828,-2.587873841,-2.643688376,-8.489246614,-16.02227771,-22.56481136,-13.85874834,1.318709706,40.19975652
-0.979013094,-8.149684634,-14.97978369,-14.37845706,-5.305353267,-1.098390785,-6.173304001,-2.703653294,-12.77287411,-16.07892266,-5.116587671,5.179289116,2.568333752,-5.919899114,-9.715092708,-16.70729137,-12.35558299,2.607329254,38.35075989
-2.394357126,-5.361988025,-14.27024002,-12.16070797,-6.078950896,-0.646865749,-2.491307894,-2.118069455,-3.805153314,-1.598313944,3.780790618,9.10652167,6.615361651,-3.604315653,-2.722113684,-12.10054776,-11.19294735,3.758056043,35.6064177
-5.527352774,-5.681757269,-15.2420792,-12.35018946,-8.002194101,-1.318927738,0.502475167,-3.89666768,3.277245941,9.752155406,10.56104461,8.77517672,8.46638539,-2.152099119,1.793679617,-10.5883872,-11.94843397,2.415985255,31.24604038
-9.860169309,-10.07189296,-17.5992049,-14.94851481,-10.75147237,-2.720633173,1.817263775,-7.031902843,5.107756423,11.49745312,12.16140846,5.844635457,8.041173318,-1.722850423,2.405101891,-11.74841235,-14.41973044,-1.93792941,25.91671992
-13.61695827,-16.89624887,-20.04469827,-17.78339367,-13.29835863,-4.095894728,0.907499165,-9.672270097,2.227534435,3.658179053,8.487227693,2.454155813,6.113619462,-2.072819935,0.326613358,-13.49008291,-16.78982097,-7.586479508,21.36292364
-14.88698931,-22.83049442,-20.87257186,-17.82459335,-14.36498364,-4.797096119,-1.319748831,-9.961358029,-1.332829054,-6.58086248,2.731465106,-0.03642293,3.940617796,-2.749179115,-1.516008139,-13.67207192,-16.91337787,-11.62752071,19.38845447
-12.86821778,-24.86356507,-18.82652858,-13.3194347,-13.15611785,-4.658723838,-2.492113906,-6.924205746,-1.010736605,-9.573251851,-0.604695559,-1.18383631,2.745011069,-3.320362258,-0.647279927,-11.55679295,-13.79044526,-11.74606608,20.7838971
-8.338905781,-22.02998406,-13.77410181,-5.213783629,-9.905928475,-4.009056443,-0.24166861,-1.040108725,4.986250194,-0.007636583,1.280479092,-0.84497385,3.203261294,-3.552134374,3.14927723,-8.146521913,-8.206837757,-7.529075006,24.95608287
-3.059640244,-15.77112777,-6.81840376,3.238376174,-5.83669882,-3.333728581,5.786689465,5.807067943,14.4419167,19.15869587,7.577272823,1.212935519,5.123083662,-3.48539948,7.710794903,-5.338529515,-2.191874627,-0.561859305,30.42077956
1.374289702,-8.868910493,0.204367689,8.466105523,-2.500751346,-2.873198349,13.10264215,11.08924525,22.72403234,38.43212631,14.42963067,4.924242413,7.486441154,-3.405327728,10.0952559,-4.670683926,2.189670049,6.556723445,35.66347702
4.340910337,-3.863889979,5.533133039,8.781241236,-0.907019317,-2.474787523,17.68967229,12.82395617,25.8468693,47.77939491,17.55800114,9.192623796,8.90857743,-3.70888766,8.624573609,-6.582361715,3.814313105,11.48504598,39.69306405
6.138037403,-2.026380681,8.143132397,5.255440159,-0.996537749,-1.797622094,16.71128482,10.58945456,22.72013427,42.5660761,15.04277442,11.79772064,8.34115381,-4.702010797,3.829406159,-10.55414777,2.693001999,12.93306668,42.02628918
7.307144785,-3.292145211,7.963584514,0.744577521,-1.794554926,-0.671828548,10.5782373,5.750989336,15.2011515,25.59540652,8.337496497,10.46037047,5.659291838,-6.39947957,-2.282955669,-15.74777484,-0.471098649,10.78018326,42.42265645
8.056775838,-6.772507835,5.667768602,-2.120908412,-2.101838373,0.708928121,2.723903077,0.693976728,6.389134926,4.584022042,0.967352265,4.486180692,1.777372465,-8.434081474,-7.858975982,-21.46693638,-4.77892954,5.839109389,40.8729806
8.306029411,-11.19926549,2.276758846,-2.500490707,-1.237766641,1.928686123,-2.789189995,-2.518204919,-1.216021375,-12.4374307,-3.941966009,-4.324082332,-1.816111899,-10.16000389,-12.32255013,-27.09094091,-9.266898607,-0.3653297,37.95822234
8.197118696,-15.07221382,-1.183040525,-1.461140517,0.638661537,2.695251627,-3.992142476,-3.23552532,-6.385466162,-20.54225331,-5.454593123,-12.43571864,-3.860283457,-10.94027523,-16.16212687,-31.73282301,-12.7808839,-5.789656572,35.1349354
8.424109099,-16.81469419,-3.889968186,-0.80356338,2.762616441,3.079523114,-2.004139554,-2.37154899,-8.677732483,-18.63747479,-4.80683455,-16.68722488,-3.988661946,-10.48368539,-19.77182916,-34.17451367,-14.04510252,-8.316670186,34.36836208
9.87578607,-15.30370255,-5.3622893,-1.645658918,4.29501429,3.426407043,0.311600893,-1.553777116,-7.832636927,-8.364532402,-3.919443551,-16.28188761,-2.858480848,-9.031997998,-22.53014057,-33.36705463,-12.19349524,-6.583876704,37.04436433
12.77418509,-10.64515658,-5.564384371,-3.797327376,4.747454458,4.002858891,0.769310694,-1.905306084,-3.909613471,7.0558414,-3.794587804,-13.16852249,-1.674149593,-7.260141723,-23.00937741,-29.20552949,-7.48999864,-0.84327327,42.83694318
16.07716605,-4.540415566,-4.921499638,-6.178832468,4.066403942,4.686277529,-0.633875529,-3.326610831,2.01829605,23.23659694,-4.003228873,-10.477644,-1.416078364,-5.921623054,-20.1407492,-22.92848562,-1.598012007,6.821528741,49.48424115
17.82610677,0.344404982,-4.135490256,-7.712472367,2.450697649,4.976882711,-2.176309917,-4.744992178,7.624369331,35.00652783,-3.423807352,-10.14720775,-2.256886664,-5.441942704,-14.2799714,-16.69062731,3.032896866,13.33689008,53.87811393
16.36770547,1.860851093,-3.808308233,-7.909323683,0.15632807,4.351144628,-2.163154592,-5.060050634,10.27867015,37.82888575,-1.389692378,-11.4911542,-3.501668981,-5.710738423,-7.195172912,-12.47200651,4.42803346,16.21470799,53.86761358
11.58342165,-0.238954661,-4.073835764,-6.832044517,-2.53245808,2.682074134,-0.313124811,-4.003224038,8.777653416,30.14664309,1.775146996,-11.74935631,-4.039585374,-6.20299054,-0.94177834,-11.01797682,2.185339127,14.89678598,49.53824521
5.130535008,-4.088201078,-4.517736658,-4.726760512,-5.211822854,0.383202189,2.353483617,-2.238912727,4.506700407,15.06807399,5.181881039,-8.175337103,-2.984354457,-6.346042825,3.445673118,-11.52104031,-2.372762734,10.94222395,43.03617308
-0.593129143,-6.944370075,-4.506489773,-1.818126394,-7.342351686,-1.851258676,4.806398604,-0.668629916,0.907614512,-0.360488464,8.255087981,-0.113889225,-0.109416513,-5.889894643,6.368803716,-12.24615053,-7.120369424,6.901509154,37.06883553
-4.04658151,-7.056057036,-3.736914111,1.557181719,-8.437645587,-3.51311712,7.123686891,0.449870018,1.401540606,-8.491885853,11.23309735,10.39565957,4.130823129,-5.045303039,8.893839477,-11.66257123,-10.46987598,4.655317018,33.19472704
-5.514833014,-4.809800441,-2.603303243,4.751220667,-8.369716754,-4.59040357,10.35486506,1.806474893,7.188313716,-5.164475578,14.86709416,19.81742897,8.91437031,-4.319763672,11.51252128,-9.347947843,-12.19565125,4.363935963,31.12575099
-6.717710774,-2.334362393,-2.062693415,6.915858767,-7.541408592,-5.484495492,15.28923654,4.470246194,16.505598,8.108431226,19.60576264,25.16840061,13.43435015,-4.183343641,13.52390003,-6.149424269,-13.22316059,4.68530331,29.42965084
-9.364178535,-1.908210225,-3.029879403,7.464721113,-6.728713293,-6.610794946,21.32062515,8.863423934,25.82711222,25.26329279,24.95323529,25.49311227,17.10880516,-4.791567308,13.55703541,-3.605051027,-14.64699791,3.971431741,26.9380464
-13.747947,-4.386429422,-5.693904102,6.509773708,-6.635129734,-8.003138175,26.49468945,14.08439531,32.02795765,39.25009344,29.50427635,21.91628309,19.55688351,-5.924483694,10.7679499,-3.053653844,-16.76312305,1.493024291,23.71467944
-18.40538338,-8.753223177,-9.232300182,4.840435726,-7.434042826,-9.224652163,28.73596942,18.15290197,33.93327443,45.61031368,31.62165045,16.51149815,20.4690431,-7.136651837,5.69263155,-4.942967018,-18.79306766,-2.148276606,20.93217525
-21.01142756,-12.95856418,-12.133465,3.401743871,-8.611056725,-9.63634446,27.21111516,19.0756226,32.32812047,43.95755727,30.2905737,10.96899099,19.55942508,-7.982425403,0.063584415,-8.626948209,-19.39234341,-5.544025144,19.95506219
-19.7773651,-15.23270379,-12.92250069,2.69672734,-9.223358638,-8.802560554,22.72402934,16.0302208,28.79247763,36.98397107,25.64891347,5.972302568,16.69345339,-8.172561141,-4.225269653,-12.6505714,-17.47674517,-7.370338864,21.49913606
-14.34852939,-14.86595969,-10.83623887,2.624108317,-8.416473382,-6.735039746,16.94938872,9.883798726,24.52385065,28.27273552,18.97105005,1.494375836,12.11657127,-7.613270395,-6.163052466,-15.34016706,-12.78398562,-6.948973062,25.49243671
-5.720940359,-12.07204299,-6.081198615,2.859321344,-5.884305653,-3.836649698,11.30508683,2.734109621,20.0298747,20.56447017,12.19386719,-2.485551847,6.596329174,-6.379618952,-5.925215273,-15.47057266,-5.915966803,-4.22744711,31.51278041
4.502188113,-7.383570844,0.368096516,3.364602649,-2.023248757,-0.649072322,6.437304058,-3.183392413,15.60848126,15.22853974,7.216581886,-5.545961191,1.310980804,-4.695202479,-4.376111419,-12.78506443,1.974655518,0.525895942,39.15984018
14.79249625,-1.310918804,7.189024543,4.478967658,2.257563199,2.370060197,2.559295946,-6.516512798,11.82866141,12.56526294,5.203643335,-7.01129705,-2.536695076,-2.927653293,-2.351976088,-8.15908864,9.538144791,6.868364886,47.90650097
23.86787712,5.457114783,13.07135835,6.446917689,5.915591603,4.898383686,0.015863289,-7.1851411,9.386233775,12.19124962,6.09972559,-6.549670396,-4.220108888,-1.542007655,-0.350743276,-3.278383797,15.47150458,14.05261739,56.6400745
30.51407736,11.71388752,16.92465417,8.829414537,8.135554133,6.674413279,-0.704927753,-6.062496928,8.481604968,13.20728418,8.567119641,-4.646936105,-3.838878538,-0.96058535,1.26286214,0.09589618,18.73264279,20.91600634,63.55832097
33.56463706,15.87392492,18.02707889,10.43712256,8.540324663,7.456321461,0.395038768,-4.311688941,8.436551868,14.39336783,10.48079997,-2.537529273,-2.297314973,-1.363334454,1.971552452,0.943270503,18.8287522,26.14127638,66.83712021
32.32051433,16.73163082,16.21181427,10.00308101,7.232018783,7.113126855,2.259224745,-2.84433973,8.065016221,14.66332594,9.877477904,-1.580757609,-0.875389346,-2.549257762,1.219581666,-0.575708964,16.08536089,28.86096089,65.72683436
27.13617817,14.27578535,12.01753681,7.118112652,4.702239805,5.783573925,3.075151843,-2.141406349,6.550710483,13.53847208,5.942541736,-2.46719537,-0.588342951,-3.978021201,-1.067611524,-3.343449327,11.63092798,29.13854203,61.17982111
19.57540245,9.771848616,6.592917034,2.625416674,1.651256991,3.932573313,1.450330456,-2.36009218,4.03175421,11.14310659,-0.517510293,-4.771804176,-1.675744606,-5.003520975,-4.067642151,-6.051922553,6.931658943,27.82764117,55.34346601
11.79444273,4.865093927,1.233223133,-1.942925675,-1.248720887,2.194478524,-2.440806277,-3.496270488,1.321469305,7.63157497,-7.442150692,-7.174076453,-3.516073372,-5.174825556,-6.289572583,-8.013506873,3.058176888,25.78899482,50.15266
5.451602643,0.328282312,-3.281589213,-5.496512071,-3.583980783,1.069752696,-6.793494581,-5.446663401,-0.984611802,2.673758927,-12.54729617,-8.262324755,-5.030604955,-4.424206062,-6.460872326,-9.474184197,0.158930647,23.04318661,46.06548687
0.904600577,-4.508118105,-7.126678219,-8.165902563,-5.327787882,0.679698589,-9.402083491,-7.989147145,-3.137623565,-4.19544007,-14.41548319,-7.456525326,-5.345026462,-3.036248548,-4.46109126,-11.24158965,-2.450238628,18.60287551,41.96561325
-2.695028965,-11.07610084,-11.27773583,-11.06187737,-6.789780112,0.756849051,-9.266786564,-10.79342378,-5.924330435,-12.34094436,-13.0203483,-5.451107133,-4.304762708,-1.441383814,-1.540294249,-13.9391992,-5.6030885,11.25044758,36.35440703
-6.477909278,-20.08985866,-16.76843056,-15.19703887,-8.399584511,0.873400742,-7.276678632,-13.52022345,-9.636367153,-19.03526462,-9.469631314,-3.815957414,-2.519163182,0.013180438,0.438784452,-17.4562462,-9.497045508,0.755492564,28.89766312
-10.82046024,-30.43100742,-23.81428033,-20.48008733,-10.44488694,0.731812776,-5.4085148,-15.94711689,-13.31035256,-20.15826813,-5.271581235,-3.91654433,-0.910795683,1.172012553,0.237410062,-20.97878781,-13.40063084,-11.40091833,21.06931815
-14.99341498,-39.35300342,-31.41425784,-25.64894138,-12.91820638,0.307129586,-5.124928035,-18.00576229,-15.11293548,-12.88325291,-1.661076153,-5.823543584,-0.078920001,2.027030769,-1.930425725,-23.51581579,-16.08126396,-22.42633863,15.34158214
-17.73216896,-43.95431112,-37.74617081,-29.20412605,-15.54861877,-0.23700108,-6.313231152,-19.68324689,-13.76096396,1.271826064,0.676092313,-8.008537958,0.08179384,2.602660384,-4.561188508,-24.4633715,-16.62254072,-29.55001806,13.53678909
-18.22782318,-42.87712715,-41.11670367,-30.52673096,-17.9608975,-0.753252857,-7.599399987,-20.86271632,-9.849792814,15.65551112,1.541258144,-8.185007853,0.242375349,2.88311519,-5.856433601,-23.77537456,-15.00599897,-31.39799286,15.62238333
-16.72463639,-37.00868638,-40.82572285,-30.19195356,-19.82402894,-1.248761634,-7.658656768,-21.24054647,-5.847979647,21.4721122,1.109765332,-4.863333654,1.08827231,2.829800098,-4.803216902,-21.68825447,-12.03829579,-28.49428559,19.85897705
-14.26154301,-28.73088828,-37.36992148,-29.19546513,-20.88959484,-1.846452926,-6.307282501,-20.40364037,-4.501910089,13.31260209,-0.066543837,1.417725812,2.766617051,2.447467566,-1.611660808,-18.33697898,-8.7314458,-22.63051909,24.12922743
-11.80262673,-20.35116849,-31.90112869,-27.79359674,-20.93924094,-2.619915007,-4.432394398,-18.03017686,-6.719724971,-6.369229038,-1.063237882,8.137083504,4.746578026,1.823536743,2.6654632,-13.66435576,-5.653810449,-15.65687321,27.37974098
-9.479268842,-12.89294396,-25.39740602,-25.04875464,-19.74897832,-3.455820131,-2.924116833,-14.09146029,-10.56645268,-27.3535333,-0.834202084,12.24293663,6.1972661,1.104898064,6.899288514,-7.720497077,-2.740251917,-8.584759955,30.10321042
-6.545203552,-6.040522429,-18.18693347,-19.59300476,-17.15487771,-4.064719552,-1.695863309,-8.942456052,-12.28228499,-37.01109575,1.259263993,12.10064916,6.590750322,0.439421909,10.41796325,-1.058948536,0.362663606,-1.538925976,33.61410305
-2.057743081,0.910211232,-10.15450546,-11.04567808,-13.19320167,-4.132116589,0.225058577,-3.26930968,-8.750705037,-27.8944653,4.95522936,8.560069172,6.058752681,-0.069205889,13.00101468,5.184781775,3.76960225,5.608728235,38.80340469
4.260661076,7.970969192,-1.408928052,-0.87617184,-8.195970283,-3.493173818,3.578666223,2.061677635,0.262745243,-2.683687741,9.063122618,4.301103228,5.21796172,-0.377820188,14.51851571,9.687170975,7.096505753,12.56953319,45.35211925
11.62395517,14.10283873,7.172410921,8.119514786,-2.742035041,-2.211789141,7.767421112,6.189331747,11.65653687,26.88848507,12.03810285,1.844083802,4.596456563,-0.516005803,14.64411358,11.54853114,9.638680103,18.49049858,51.88945022
18.49691786,17.77031424,14.00550493,13.43928019,2.518610828,-0.534240385,10.85947061,8.437727152,20.63566276,46.59544527,12.80817084,1.641247865,4.120078283,-0.612833352,12.91907658,10.67226707,10.78214101,22.38009458,56.80507343
23.34376631,17.88876075,17.4811193,14.37127176,7.041748104,1.219752021,10.8358795,8.47243552,23.3468193,47.64153683,11.25848036,1.685670462,3.090306868,-0.906673803,9.091615729,7.651318979,10.29684284,23.69430966,59.02794143
25.28420144,14.44075143,16.80768923,12.20104244,10.4474227,2.746687462,7.102639815,6.403323197,18.83320146,31.06899171,8.030496859,-0.995506001,0.713001749,-1.674645773,3.428956832,3.307353378,8.332719962,22.61043731,58.30779881
24.29999726,8.405176957,12.44068507,8.987446576,12.45866414,3.800974377,1.015310642,2.784622941,9.231868001,6.23810879,3.862089884,-7.991074651,-3.197363726,-3.062243369,-3.239872604,-1.709785187,5.229288586,19.84204022,55.05394064
21.01374464,1.194832438,5.828305632,5.916908398,12.83889113,4.21805044,-5.019445195,-1.521316534,-1.646004426,-15.16356495,-0.914032897,-17.99569494,-7.870694637,-4.897406793,-9.755895954,-6.962486893,1.375716781,16.22682848,50.07861869
16.31735856,-5.928563358,-1.320475038,2.570551631,11.44821043,3.950962923,-9.115105061,-5.587402396,-10.2775605,-25.54157495,-6.24889565,-27.25811113,-11.875039,-6.643745238,-14.96395052,-11.97413125,-2.773464374,12.42695066,44.45047344
11.09981768,-12.14092193,-7.749897475,-2.333037942,8.410201634,3.105220634,-10.87954186,-8.675381025,-14.77080387,-24.45211946,-11.75802241,-31.70557571,-13.8665604,-7.595020609,-17.98299974,-16.04043723,-6.645604764,8.880873884,39.34455778
6.121262239,-17.05706292,-12.94283617,-9.383090235,4.237634004,1.921008026,-11.10080361,-10.39058919,-15.06371219,-17.08255896,-16.24163122,-29.29031213,-13.28345118,-7.245327606,-18.36836365,-18.3946867,-9.647031331,5.87789155,35.69292745
1.936203381,-20.64398619,-16.92073082,-17.4416816,-0.248901154,0.677858227,-10.58841267,-10.69149342,-12.24297854,-9.883682928,-17.93733317,-21.01847334,-10.53208096,-5.608779453,-16.19727966,-18.66043062,-11.43094291,3.555166251,33.71207171
-1.197411633,-23.16019596,-19.83401924,-24.03019326,-4.226059207,-0.431717244,-9.29721254,-9.798698977,-7.646947952,-6.488635555,-15.49335627,-10.13138824,-6.604066423,-3.253479943,-12.07490944,-17.20239356,-12.12648856,1.784175341,32.70293403
-3.360703339,-25.05504802,-21.69554052,-26.88140659,-7.217315757,-1.36719644,-6.516118886,-8.093286296,-2.301749658,-6.31195873,-8.985170159,-0.196367499,-2.46935079,-0.994506464,-6.9969976,-15.0077403,-12.27539712,0.117649511,31.47064856
-4.864633576,-26.72869346,-22.41670504,-25.47017927,-9.240503731,-2.186487555,-1.882541314,-6.05857723,3.15309778,-6.164483344,-0.158648662,6.537165339,1.301298166,0.561759054,-2.039068866,-13.10202083,-12.44499088,-2.021760626,29.22570058
-6.001219783,-28.21961445,-22.03338337,-21.36859755,-10.64341687,-2.914145046,3.781767068,-4.240773169,8.235006248,-3.314055142,8.375852838,9.608450401,4.48386582,1.309560745,2.022218337,-11.91344645,-12.79014379,-4.945264721,26.31275989
-6.826690916,-29.06438579,-20.87404833,-17.19956377,-11.75670601,-3.447049734,8.655733672,-3.160521857,12.3895064,2.2381416,14.47892965,9.74735182,6.901733818,1.57542576,4.94283818,-11.08191387,-12.93297057,-8.368387895,24.09692886
-7.170231867,-28.53397265,-19.50439694,-15.00645651,-12.63484323,-3.592376064,11.05190243,-3.146261672,14.98575478,7.728133407,17.43301147,8.024410703,8.25021018,1.76508496,6.944869838,-9.872818324,-12.29766442,-11.44410896,23.94893039
-6.887752775,-26.16993841,-18.4804619,-15.19807308,-13.07449131,-3.223254448,10.58545162,-4.151776688,15.57805392,9.738556709,17.92273936,5.467757785,8.258924386,2.015297506,8.402964482,-7.868888669,-10.65578532,-13.20518412,26.05160406
-6.148617396,-22.25292565,-18.08507478,-16.67241731,-12.86052394,-2.42949548,8.432838982,-5.682461203,14.28137718,6.929920039,17.22217615,3.182109001,7.053390169,2.121291863,9.524961992,-5.382416231,-8.435081539,-13.13674794,29.0119613
-5.473421615,-17.81416189,-18.21330638,-17.80173287,-11.99969871,-1.530179631,6.497360469,-6.923884124,11.98098585,1.435765535,16.320132,2.435119118,5.344682195,1.772873422,10.25963513,-3.253442314,-6.513996886,-11.47516915,30.70420055
-5.42479148,-14.11166546,-18.44988479,-17.43338677,-10.72898788,-0.917842924,6.167603288,-7.054151862,10.12309513,-2.223551259,15.61808033,4.24510312,4.177106686,0.874085603,10.45698622,-2.196428829,-5.63733586,-9.019707539,29.78919062
-6.1549055,-11.90580198,-18.26252636,-15.27138122,-9.306805537,-0.838086218,7.594078574,-5.606679889,10.06236145,-0.198214543,15.22496649,8.608810196,4.325131474,-0.339387551,10.08525993,-2.221334145,-5.901689868,-6.603050666,26.75872867
-7.174821178,-11.04691192,-17.20414686,-11.64739905,-7.809437231,-1.261782459,9.883776468,-2.712628653,12.27902926,7.675745595,15.32733273,14.04191608,5.752635679,-1.483376716,9.27976567,-2.591838712,-6.707066038,-4.61074668,23.66687977
-7.575580069,-10.67476721,-15.06354599,-7.151479509,-6.158407189,-1.93470922,11.85218078,0.887940262,15.98212834,17.1852962,16.12402679,18.02594792,7.553039164,-2.335437284,8.189011255,-2.354659292,-7.198456517,-2.882176094,22.71616884
-6.589980848,-9.885049537,-11.95439372,-2.509484881,-4.379880025,-2.552614914,12.64718225,4.068787812,19.46079205,22.26631889,17.34777346,18.28166374,8.45718137,-2.982513452,6.807563028,-1.03335732,-6.842383914,-1.025324139,24.75574945
-4.107387451,-8.384744666,-8.332781937,1.350055396,-2.842189932,-2.922590778,11.87355913,5.688244371,21.05605983,19.32576271,17.92652983,14.08603179,7.582093299,-3.662753127,5.015761206,1.025843825,-5.709017207,1.124541316,28.79871118
-0.768968373,-6.683131697,-4.904131372,3.401021339,-2.178320548,-3.002521724,9.406328473,4.986508568,20.1332295,10.31646392,16.33355081,6.730913695,4.921304796,-4.442020838,2.838351806,2.880457101,-4.30185154,3.253894798,32.84675442
2.428469115,-5.710566746,-2.387624658,2.9977605,-2.846806056,-2.824756259,5.319474855,1.890900933,17.35802526,1.996999673,11.59098221,-1.190812669,1.275365494,-5.034165175,0.679776711,3.586980375,-3.143690778,4.704421779,35.30609264
4.738572706,-6.15212287,-1.187183504,0.462566113,-4.628736833,-2.40443611,0.083899926,-2.874163447,14.05626412,1.382384015,4.229072002,-7.162867108,-2.274244463,-4.967149922,-0.748920126,2.733000628,-2.477901076,4.889610505,35.90049164
6.062963781,-7.948452964,-1.126920916,-2.768640348,-6.497838158,-1.727799141,-5.254802086,-7.946057375,11.14329898,10.36238156,-3.625022898,-9.874103125,-4.949948048,-3.994407871,-0.853288514,0.587931097,-2.277009687,3.71422719,35.49599247
6.892038703,-10.26983149,-1.445007404,-4.766606423,-7.078008769,-0.824462447,-9.319650285,-11.7542658,8.476393865,23.52121108,-9.272776065,-9.482746062,-6.548555485,-2.411833003,0.361445744,-2.13158331,-2.44949492,1.735638557,35.16458484
7.872105373,-11.95252082,-1.133800746,-4.217214939,-5.460352722,0.160285253,-11.09516385,-13.10499582,5.166642287,31.21944447,-10.97441589,-7.095243737,-7.311978018,-0.983489612,2.154083008,-4.643758495,-2.98314564,-0.02610002,35.35184624
9.321338823,-12.12359752,0.497289577,-1.274676756,-1.83555375,0.980051149,-10.59638661,-11.68519756,0.600536906,26.17739859,-8.943039428,-4.033309,-7.607057099,-0.485049761,3.43247291,-6.385641752,-3.881114547,-0.531530797,35.77597922
11.0078361,-10.67087761,3.340562836,2.481742003,2.520894837,1.393599872,-8.924657496,-8.226828836,-4.696393673,8.948401478,-5.118498904,-1.398763821,-7.694288486,-1.1938532,3.426688333,-7.116611404,-4.994640451,0.793794944,35.96294875
12.28884188,-8.330617503,6.40243513,4.998384733,5.929470105,1.280036093,-7.558538104,-4.200792501,-9.130467464,-11.8643302,-1.906503079,0.01243344,-7.696467994,-2.715396363,2.173831327,-6.904432571,-5.979223862,3.755862652,35.79162115
12.47229504,-6.367325622,8.217998557,4.950788923,7.197806859,0.670165625,-7.359747377,-1.15067059,-11.06121134,-25.0999166,-0.77099288,-0.244980955,-7.660007594,-4.276783871,0.469924654,-6.064898955,-6.476731243,7.41645432,35.52700418
11.16210291,-6.005253612,7.572289122,2.3779222,6.129060706,-0.321652823,-8.035132888,0.008410358,-9.979370065,-24.43993515,-1.58230594,-2.035671178,-7.544713583,-5.247951248,-0.654107528,-5.047257805,-6.380173922,10.45967787,35.39433438
8.416746606,-7.877373147,4.124800584,-1.619692253,3.360236905,-1.589584492,-8.441977017,-0.642377842,-6.881071564,-12.38648618,-3.000083723,-4.400297533,-7.12063734,-5.478944286,-0.535603597,-4.231933721,-5.919986535,11.7599012,35.21245917
4.69597552,-11.75182619,-1.428542552,-5.783843681,-0.251097978,-3.058068251,-7.458886129,-2.183508007,-3.519390722,2.020417006,-3.448060467,-5.724674594,-5.930772008,-5.21072392,0.844055479,-3.696616168,-5.45036997,10.8911867,34.52430322
0.680061078,-16.66716334,-7.745080673,-9.479135955,-4.167196257,-4.61223129,-4.741355644,-3.438288928,-1.139661203,9.906619219,-1.967369718,-4.521521419,-3.491162884,-4.683751616,3.018967801,-3.117681111,-5.092056198,8.31440966,33.13811556
-2.927262294,-21.39357864,-13.52099254,-12.81664464,-8.237704939,-6.013727335,-0.860672956,-3.642643951,0.268287414,8.590144661,1.471396581,-0.45474782,0.301377963,-3.820768077,5.410073193,-1.951035814,-4.542412956,5.13009516,31.55017565
-5.533602425,-24.94531935,-18.03187254,-16.15401887,-12.32875916,-6.908160797,3.12159346,-2.839868116,1.608496495,2.525501737,6.118894725,5.157020924,4.83035287,-2.283243058,7.593310372,0.161495631,-3.238674318,2.53244156,30.79491924
-6.701223207,-26.83475938,-21.19416288,-19.46617481,-15.92390265,-6.958898174,6.183492574,-1.815416419,3.555746844,-1.175146792,10.73804358,9.899450342,8.815851238,0.137735274,9.330194093,3.039230304,-0.757201464,1.289182295,31.79639609
-6.117367516,-26.93898848,-23.15073135,-22.09646033,-18.11693676,-6.029729059,7.590483207,-1.64795857,5.662839463,1.198502348,13.8621164,11.66576505,10.85323477,3.143482161,10.46886713,5.972891391,2.875651002,1.556235505,34.77190064
-3.554030713,-25.14430552,-23.72803483,-23.02759246,-18.06419867,-4.285168598,6.881964802,-3.13744477,6.494164289,7.165247914,14.12258389,9.971933439,10.15319343,5.920177419,10.89473979,8.162247059,7.204094622,3.101440777,39.20240164
1.098612579,-21.12422905,-22.22124974,-21.41065004,-15.55391727,-2.13217506,3.902564747,-6.392009783,4.716773335,10.52666798,10.78455822,6.206778002,7.001551435,7.558463079,10.57725796,9.289830392,11.63829832,5.714176248,44.35670056
7.677469067,-14.51957926,-17.74528719,-16.97606774,-11.22972548,-0.045388803,-0.950342852,-10.738475,0.27905679,6.802967837,4.341587923,2.581647337,2.611232752,7.597960303,9.603318393,9.773995407,15.72582379,9.440979476,49.83089787
15.52713517,-5.457951628,-9.976634377,-10.14339551,-6.272827006,1.601048348,-6.485589593,-14.95933982,-5.268570978,-2.910115382,-3.284964814,0.535202833,-1.544891993,6.280720038,8.097699098,10.44503916,19.14402854,14.42811509,55.54884188
23.38549235,4.97944161,0.215461449,-1.904545185,-1.776207433,2.595106853,-10.90532154,-17.7365253,-9.570221788,-12.6849993,-9.334091781,-0.198495246,-4.466283253,4.324837686,6.097388806,11.83131244,21.45332256,20.4753768,61.20147833
29.56053717,14.78491536,10.74812556,6.364646588,1.72230226,2.843173807,-12.56422458,-18.12869715,-10.78219584,-16.27159639,-11.46724049,-1.134217138,-5.940726259,2.406829758,3.566095448,13.58126132,21.92260999,26.66609744,65.70004533
32.44350886,21.67968444,19.05600063,13.12502045,4.231416014,2.308454531,-10.89495594,-15.91273409,-8.484590916,-11.59201797,-9.009773003,-3.54697616,-6.297441851,0.756267296,0.628879207,14.49166517,19.71939601,31.42892688,67.30824837
31.16705828,24.07910678,23.2238389,17.0056991,5.905896531,1.014452617,-6.799398216,-11.66513118,-3.662974586,-1.736159397,-3.33789582,-7.143135713,-5.882886387,-0.850767085,-2.163690332,13.1797199,14.43954938,33.10292459,64.57234426
26.05508886,21.79729292,22.87536669,17.26693976,6.651678309,-0.888544922,-2.114054624,-6.543458764,2.033087985,7.949986438,2.919486219,-10.00280187,-4.730545771,-2.749908667,-3.888314069,8.955327333,6.60706987,30.72388519,57.43788759
18.57359476,16.07256267,19.29011922,14.21069305,6.104983023,-3.077455365,1.528593179,-1.843159532,7.111747817,13.95099275,7.381374614,-9.935974868,-2.691198398,-5.017303934,-3.777496879,2.297837395,-2.281539349,24.58227031,47.67422783
10.77330958,8.941120511,14.68592199,9.227710217,4.015264086,-5.112425326,3.609828384,1.488715168,10.64496997,16.48803493,9.135921448,-6.27078196,0.131071251,-7.371845321,-1.937435503,-5.363823815,-10.28542158,16.23327456,38.18867925
4.528989554,2.386671589,11.11276638,4.306919382,0.701641786,-6.590244455,4.738985244,3.166581098,12.245875,18.07992616,8.917971266,-0.687767097,3.077538964,-9.389487099,0.348579406,-12.36651894,-15.80867402,7.960177982,31.64059243
0.991881786,-2.244592442,9.611758386,1.183594095,-2.831515715,-7.298896595,5.840056173,3.566368436,11.93107184,20.51489357,8.250085744,3.633850433,5.116558866,-10.79989526,1.166382496,-17.50934805,-18.14803704,1.974967592,29.27894298
0.489432623,-4.36263884,10.06598109,0.594085325,-5.278063234,-7.266031939,7.254259712,3.43148195,10.09568239,23.10072104,8.276577022,4.053056613,5.454123953,-11.59454575,-0.822490956,-20.318613,-17.50160267,-0.283817123,30.71087498
2.769583721,-3.956973093,11.68027618,2.075072931,-5.687365334,-6.677028655,8.525723589,3.453233845,7.515258159,23.57872172,9.142923435,0.278951958,4.131828529,-11.88000151,-5.315391966,-20.86415975,-14.56445648,1.475796546,34.56805508
7.266226235,-1.442791201,13.62880795,4.387142395,-3.964827212,-5.74203155,8.987968503,3.941774322,5.140613853,20.53592793,10.24414475,-5.338879035,2.121611223,-11.65994512,-10.29880956,-19.44836662,-10.11666097,6.393066386,39.4060858
13.13685527,2.320267886,15.38053358,6.227201413,-0.906139223,-4.62274379,8.531386575,4.7249459,3.648180769,14.8807501,10.9546012,-9.284620654,0.773384188,-10.79210745,-13.18106478,-16.49704802,-4.917152187,12.73250481,44.15379217
19.12414282,5.978996686,16.54988645,6.747317595,2.213105811,-3.461063419,7.77643242,5.271685943,3.034382931,9.008901208,11.14063811,-9.126436528,0.956384315,-9.186884146,-12.43146547,-12.69010846,0.142000684,18.34672245,47.9730212
23.54952317,7.875730409,16.54510078,5.621583712,4.196717164,-2.447106427,7.449502353,4.933271282,2.619940935,4.56253403,11.05781486,-5.027099662,2.484635517,-7.062634806,-8.585283354,-9.070217474,3.953901794,21.24306367,49.96467247
24.71126589,6.577951111,14.46206873,2.79249312,4.315913958,-1.822106543,7.538057607,3.185923897,1.524189881,1.009508576,10.83560212,0.464244584,4.234525318,-4.986361766,-3.883622202,-6.84395443,5.466825185,20.15132404,49.24457286
21.62617021,1.535014318,9.460424665,-1.746915545,2.40384538,-1.774252179,7.066519173,-0.183936905,-0.748226526,-3.560358958,10.1164475,4.127421887,4.880120468,-3.59780896,-0.803188604,-6.866689276,4.232167849,14.93416707,45.4672698
14.68414948,-6.53549928,1.429594013,-7.890132539,-1.242090732,-2.297936201,4.81843389,-4.958905501,-4.074662238,-10.17682618,8.246452116,4.089920227,3.746043306,-3.198513451,-0.535240583,-9.129615925,0.823271538,6.669891082,39.34235284
5.70409962,-15.81253731,-8.551003388,-15.14872426,-5.982363072,-3.144791067,0.475609591,-10.44377364,-7.962761279,-17.44903191,4.89290824,0.825441692,1.215494097,-3.534512337,-2.466190818,-12.64593024,-3.281917872,-2.66797119,32.58151186
-2.794334424,-24.03498109,-18.38102199,-22.48378632,-10.92028993,-3.938345607,-4.785019628,-15.53679288,-11.93345119,-22.27980305,0.564025175,-3.411437961,-1.538438417,-3.973151473,-4.912535071,-15.87992767,-6.397562899,-10.83569376,27.14868299
-8.760934414,-29.31797864,-25.74979387,-28.48117407,-15.02411074,-4.394142075,-8.800067335,-18.96484628,-15.56899264,-22.25821564,-3.429087715,-6.178103841,-3.264484232,-3.967196612,-6.422218053,-17.47999859,-7.506929591,-16.0048137,24.27694029
-11.54256246,-30.72914139,-29.14817254,-31.82757154,-17.37183024,-4.492737985,-9.70176758,-19.65954633,-18.1502544,-17.55480624,-5.574762789,-6.310546465,-3.291787848,-3.465130913,-6.618190403,-16.87209592,-6.759587224,-17.2454895,23.93862979
-11.99783516,-28.42522321,-28.47872212,-31.79317568,-17.47380307,-4.477102023,-7.015389949,-17.14809493,-18.35832248,-10.57417429,-4.896241258,-4.336137079,-1.744163295,-2.958989243,-6.051817481,-14.39419412,-5.280615168,-14.66157641,25.11453045
-11.73885743,-23.40278423,-24.90621089,-28.42516106,-15.48692339,-4.672638731,-1.788878319,-11.78046834,-14.64176616,-3.710581522,-1.330829736,-1.734728878,0.725060019,-3.134062639,-5.391085198,-10.98111782,-4.447852766,-9.195642932,26.60282672
-11.99440905,-17.04848459,-20.06637164,-22.38651183,-12.13734231,-5.255843899,4.22353929,-4.671448814,-6.317151809,2.635347723,4.402463255,0.254913106,3.390216608,-4.378176273,-4.75716834,-7.671232615,-5.113981338,-2.232258871,27.75208982
-12.80450391,-10.65632298,-15.12920945,-14.62085099,-8.344773752,-6.125990626,9.576364648,2.62404529,5.318923084,9.816180794,11.19948987,1.377940602,5.752353807,-6.494731869,-3.768725893,-5.223377969,-7.211767,4.852422321,28.66291023
-13.00168958,-5.017294707,-10.25613868,-6.079421177,-4.759447972,-6.948095522,13.56226977,8.555736247,16.89201343,18.6126769,17.86657387,2.207251345,7.532235756,-8.792874454,-2.141624314,-3.955923369,-9.865838562,11.07617382,29.88696152
-10.91387594,-0.18189068,-4.708041547,2.399596258,-1.501732678,-7.312930268,15.90120553,11.9651607,24.30490134,27.07182044,23.18371213,3.357499507,8.483066634,-10.45401996,-0.186273631,-3.750917686,-11.82186106,16.07539121,32.00994261
-5.307057566,4.476143959,2.526788071,10.1409021,1.7391873,-6.900373628,16.22183122,12.30889258,24.8718388,30.86783631,25.92765096,4.766661176,8.272386662,-10.91319886,1.313171278,-4.147295455,-11.91514214,20.08605538,35.45059957
3.969088358,9.82152648,11.96369221,16.71192836,5.338372169,-5.570327634,13.98906533,9.712210537,18.82142585,26.40501765,25.12750861,5.603522502,6.580826846,-10.04523395,1.727916873,-4.531989636,-9.426072767,23.65052724,40.46502956
15.89086209,16.26956786,23.09442702,21.99904205,9.362403283,-3.386954339,9.011094401,4.89689181,9.077589829,14.29369768,20.57109289,4.824563025,3.349937511,-8.126827392,1.10458675,-4.462686522,-4.320234678,27.14321343,47.09709985
28.62275882,23.20911341,34.31474602,26.1312743,13.42711388,-0.622594892,2.018679811,-0.990461552,-0.560421066,0.125030812,13.22757588,1.919003658,-1.029032917,-5.686558831,0.050091362,-4.033438809,2.615023173,30.35062116,54.92066603
40.04526677,28.95545614,43.31821966,29.17482639,16.83750083,2.245645603,-5.332096814,-6.64982448,-7.549361086,-8.573924736,5.1522133,-2.699074157,-5.751930571,-3.355887652,-0.935977467,-4.031155519,9.824483624,32.38358966,62.76016541
48.22446684,31.40467426,47.82187402,30.75761839,18.87602592,4.592862287,-11.1866273,-10.97202461,-11.57351055,-7.23441413,-1.265710382,-7.865445075,-9.858567631,-1.740907701,-2.041128388,-5.638720862,15.35802193,32.05554782,68.77872635
51.77409695,29.11496435,46.39785865,29.96367611,19.05501405,5.808776365,-14.43122281,-13.35278261,-13.84257097,2.622337886,-4.364896487,-12.19778993,-12.55210498,-1.272250743,-4.020754822,-9.712520431,17.55028139,28.57734841,71.12702555
50.15280309,22.20139715,39.1230558,25.74192519,17.23908774,5.541474366,-15.11218301,-13.82625519,-15.51043802,14.39382233,-3.951434115,-14.59565553,-13.40698895,-2.031805541,-7.389955052,-16.03375293,15.74111337,22.17555094,68.87487309
43.87551222,12.47270004,27.7518143,17.70523132,13.66280938,3.898991256,-14.04466286,-12.92725784,-16.59943593,20.7797085,-1.245992189,-14.47212624,-12.40142602,-3.648861702,-11.60444044,-23.0826507,10.62836067,14.22691283,62.61494548
34.49867558,2.675538922,15.23682641,6.818177673,8.902656482,1.460313222,-12.01804189,-11.3472377,-16.23914539,18.27565392,1.920921529,-11.76439973,-9.83577516,-5.386291397,-15.00839468,-28.61458615,3.987188454,6.764439329,54.26465181
24.23250248,-4.739642318,4.692433234,-4.585887485,3.801532357,-0.957031241,-9.316284181,-9.59147854,-13.83078829,8.644415521,4.141051098,-6.90182884,-6.233880408,-6.437883671,-15.73015297,-30.76595847,-2.136383568,1.595799048,46.132034
15.2094289,-8.633532499,-1.79286601,-13.64599474,-0.715547382,-2.665878514,-5.921576413,-7.849840284,-9.973745819,-3.236298271,5.051903141,-0.794909521,-2.262102944,-6.297310582,-12.90320693,-28.99591029,-6.309632302,-0.474683373,39.83255868
8.69167082,-9.444980533,-3.934540243,-18.28558716,-3.955285706,-3.404684243,-2.095824633,-6.136091945,-6.278518797,-12.99581036,5.235820249,5.282963699,1.373994816,-4.97824779,-7.272802503,-24.2368037,-8.181768475,0.110355704,35.7276671
4.628267604,-8.666044012,-3.21701979,-18.24147345,-5.786323638,-3.388468693,1.326892999,-4.544093024,-4.233159041,-18.95991351,5.574770079,10.06466373,4.093438529,-2.949193289,-0.70728558,-18.17402392,-8.333189274,2.050828471,33.14815454
1.839180941,-7.934481642,-2.061517056,-15.17879155,-6.767255364,-3.104067292,3.314379352,-3.379151604,-4.135963641,-21.66842327,6.558198302,12.82423268,5.620266675,-0.840336784,5.004529133,-12.19968971,-7.704060375,3.934520087,31.11181297
-1.235579387,-8.286288649,-2.647002965,-11.80589356,-7.906383294,-3.000222074,3.389167523,-3.030178711,-5.016890942,-21.91268278,7.991740779,13.72935886,6.063020045,0.870576457,9.143554298,-6.794308172,-7.018203388,4.890330902,28.98253208
-5.616110488,-9.892593712,-5.998091946,-10.50080031,-10.10653493,-3.270029813,2.064550743,-3.671106182,-5.562748282,-19.52735936,9.227047856,13.66916697,5.804631165,2.000407126,12.13289718,-1.712956723,-6.517801965,4.828510485,26.7035643
-11.1898564,-12.24920714,-11.7398644,-12.21700441,-13.59004332,-3.830674742,0.515905839,-5.035488384,-5.179403751,-14.05556823,9.68641113,13.5774273,5.24775916,2.595065532,14.77018588,3.308183486,-6.034379398,4.250704413,24.64196284
-16.74929504,-14.55799845,-18.49106842,-16.21180452,-17.66895057,-4.456466004,-0.271800254,-6.464220256,-4.257959374,-6.341721103,9.311205717,13.72524457,4.591863148,2.780386611,17.36732491,8.011624887,-5.200502435,3.863934202,23.32990842
-20.60032093,-16.05119083,-24.53267316,-20.62569178,-21.03978417,-4.933426984,-0.146542959,-7.216265588,-3.489562168,0.907967844,8.66499691,13.58020749,3.818596654,2.681722744,19.54329638,11.74350167,-3.613044379,4.270417558,23.30891891
-21.38075195,-16.17421263,-28.36264486,-23.48841559,-22.45007976,-5.131874422,0.338197212,-6.829986684,-2.958158506,4.577121814,8.654921148,12.42650957,2.902899153,2.451783404,20.77463248,14.1247202,-0.926183807,5.847049733,25.0353154
-18.66139597,-14.68283465,-28.98632573,-23.59055731,-21.33706258,-4.992219513,0.680158631,-5.295091808,-1.918430813,3.554156808,10.0414149,10.27965255,2.064070854,2.312330283,21.10989238,15.62853905,3.024252647,8.736268793,28.69253474
-13.0753827,-11.72022372,-26.0461202,-20.84813426,-18.05826586,-4.492579674,1.081709592,-2.959091901,0.508192044,-0.078242365,12.99329687,8.271327299,1.800612815,2.494445401,21.31352148,17.45419492,8.019814777,12.8081824,33.90748933
-5.9948805,-7.854216274,-19.9356707,-16.11636169,-13.60837364,-3.655974653,2.339251606,-0.300233444,4.370587066,-2.384601101,16.90620552,8.008959737,2.601343072,3.076007333,22.23484081,20.66038419,13.30748363,17.55750446,39.61030248
1.0242859,-3.989609612,-11.86677656,-10.66564165,-9.04919032,-2.58574053,5.003293617,2.229826632,8.576938722,-0.570126196,20.57833325,10.25392277,4.499276801,3.851231349,23.9234623,25.17251976,17.7079884,22.05505607,44.31141085
6.768143546,-1.10438592,-3.680492631,-5.617309958,-5.035855011,-1.468473044,8.547801689,4.209682077,11.56227234,4.792988185,22.67838676,13.94695229,6.816220791,4.383662472,25.28987779,29.4577434,20.0615684,25.12250312,46.78738105
10.68495088,0.126921846,2.747265668,-1.574436903,-1.705243235,-0.506973935,11.35612761,5.202627428,12.36648905,10.20016452,22.30135642,16.50770961,8.36514765,4.255719232,24.68887225,31.20403304,19.81176203,25.77053957,46.78264697
12.94470695,-0.345594541,6.342901988,1.447340662,1.091732743,0.181315406,11.67331593,4.836466569,11.19173681,12.00578904,19.35099968,15.41579343,8.06282192,3.347946181,21.03798399,28.59750173,17.34616247,23.71754381,45.20923254
14.26287008,-1.864974422,7.434765755,3.820429398,3.464094605,0.616742014,8.845124551,3.054989788,9.006923577,9.281201977,14.56046188,10.01738917,5.582429145,1.925240351,14.62189693,21.34932885,13.81539551,19.66433321,43.62676596
15.55199906,-3.31529586,7.628418369,5.975920136,5.328801344,0.907536931,3.87917847,0.36906522,6.648762579,4.399285561,9.146874883,2.177135151,1.601077664,0.4430438,6.963939767,10.81853937,10.49712783,15.07599896,43.30452341
17.49868245,-3.635722504,8.873802295,8.127422657,6.515861957,1.132596098,-1.125867847,-2.164397316,4.296216739,0.939220909,4.293239186,-4.836589632,-2.549705236,-0.786732913,-0.126897191,-0.765567889,8.10396972,11.49770527,44.48635857
20.20802504,-2.39044311,12.20790986,10.18273491,6.989525126,1.258597247,-4.26147244,-3.36459656,1.766638592,0.751701512,0.733614764,-8.510886027,-5.613799657,-1.803155692,-5.600783788,-11.38356312,6.48586107,9.738901449,46.32860412
23.07788699,-0.116305576,16.96103183,11.84735473,6.958829249,1.172487131,-4.866371993,-2.576751698,-0.781821921,2.658961001,-1.374291741,-8.71550605,-7.042633642,-2.900405606,-9.546077381,-19.91793347,4.896754574,9.388859891,47.48129593
25.00342717,1.77132994,20.98310093,12.79045859,6.759380612,0.812879548,-3.671707784,-0.150337418,-2.602278389,3.777909859,-2.304935636,-7.572475156,-7.135609064,-4.297005165,-12.70935574,-26.1789657,2.59469239,8.970211479,46.84354917
24.85981587,1.543822579,21.79860026,12.71491176,6.59141907,0.290973416,-2.093337851,2.60535231,-2.98312304,2.177953733,-2.522235201,-7.679327049,-6.658703098,-5.840254631,-15.6346545,-30.50971863,-0.668828359,6.676387078,43.98688289
22.04198931,-2.029770094,17.98221916,11.28873156,6.329687241,-0.113803943,-1.327243683,4.024525231,-2.220190383,-1.500945284,-2.512387609,-10.08034369,-6.274426777,-7.003357735,-18.14158817,-33.41806287,-4.585394739,1.295236881,39.09180896
16.7756632,-9.032969191,9.908262347,8.069344411,5.576415945,-0.104867928,-1.889456586,2.920303678,-1.893859368,-4.83712949,-2.730709435,-13.57210926,-6.204730514,-7.206650052,-19.51826446,-35.46269322,-8.614114044,-7.185590445,32.64562404
10.02621661,-18.28787692,-0.534854185,2.620054662,3.947294319,0.431602764,-3.72544262,-0.825425522,-3.897216242,-6.02482222,-3.565896749,-15.85217377,-6.311489819,-6.231768808,-19.19802507,-37.25439153,-12.36510535,-17.59524337,25.25778454
3.071666309,-27.87118427,-10.98207303,-5.118810046,1.401932713,1.324017958,-6.52298593,-6.23257924,-8.812176082,-5.676775467,-5.221133715,-15.53030296,-6.425960771,-4.409611763,-17.32190569,-39.30047274,-15.70595531,-28.14387102,17.71501317
-2.984591857,-35.9697529,-19.65345587,-14.40509844,-1.612480816,2.192632177,-9.830268657,-11.72062141,-15.00864206,-6.392633026,-7.541412002,-13.33205514,-6.581684895,-2.424018414,-14.72832733,-41.63973468,-18.51748985,-37.15095086,11.08820278
-7.4630471,-41.55514927,-25.81034034,-23.58503004,-4.315067936,2.662405419,-12.95805268,-15.81425384,-19.44572821,-10.45250465,-9.947571363,-11.50325548,-6.938458039,-0.861174714,-12.39986897,-43.54921658,-20.33501905,-43.51148655,6.628008876
-10.01619672,-44.47429216,-29.49476727,-30.55055183,-5.959318077,2.573132574,-14.98829392,-17.68704528,-19.79152583,-17.65409735,-11.62243303,-11.91545715,-7.495995613,0.171264749,-10.81882152,-43.69087334,-20.2249314,-46.71100296,5.403802572
-10.36871645,-44.97334904,-30.95834494,-33.64226075,-6.199190107,2.054186287,-15.1409719,-17.34064514,-16.27007633,-25.18889487,-11.91389118,-14.44499919,-7.904679307,1.078004003,-9.719304939,-40.77091607,-17.08643697,-46.53852461,7.915119846
-8.205768487,-43.10099563,-30.32022893,-32.50414699,-5.248128724,1.425199211,-13.32879216,-15.44271969,-11.68536134,-29.68526576,-10.71592018,-16.96519118,-7.601697113,2.435009549,-8.387306972,-34.3402545,-10.26395313,-42.84149002,13.95057546
-3.405215693,-38.5355752,-27.69008826,-28.33007639,-3.759743989,0.993402383,-10.39910257,-12.97559244,-9.444259954,-29.69396479,-8.547717392,-16.9527895,-6.20342275,4.511506167,-6.245085837,-25.17177453,-0.126316728,-35.58250733,22.7404536
3.504354053,-31.03712322,-23.5396593,-23.27972694,-2.517842363,0.870419584,-7.707746676,-10.84700754,-11.02732029,-26.55115217,-6.236789406,-13.38726677,-3.833523626,6.985912222,-3.277382685,-14.91296141,11.74140872,-25.16678661,33.18647148
11.04828893,-21.17906315,-18.88308595,-19.3720298,-2.108154346,0.905107567,-6.220666777,-9.562385084,-14.87313982,-22.9787205,-4.394712139,-7.41427051,-1.090355203,9.050778361,-0.01220416,-5.240514612,22.89296643,-12.73774949,43.93892816
17.05416381,-10.69931479,-14.99466605,-17.51039495,-2.719140297,0.757782088,-5.808183619,-9.035940059,-17.56325027,-20.70129481,-3.032338492,-1.307115641,1.351890114,9.843614269,2.89525479,2.894030206,30.81138508,-0.101575274,53.3558982
19.49471548,-2.016145803,-12.79162807,-17.20270941,-4.124874855,0.07400425,-5.324191802,-8.623154158,-16.36715613,-19.12214935,-1.565236737,3.322818679,3.200760676,8.938229164,5.162729438,9.441399513,33.81737181,10.8183607,59.64243892
17.52872084,2.928980039,-12.30725097,-17.07896368,-5.812609035,-1.320006567,-3.458877482,-7.418614138,-11.13304527,-16.10559756,0.814396157,6.544008162,4.691510617,6.607191434,7.118927616,14.84121695,31.71521889,18.74481052,61.40781862
12.10249283,3.767948726,-12.64627277,-15.81577612,-7.180161948,-3.284129511,0.279807428,-4.74048193,-4.084766155,-10.0859079,4.659297047,9.563407093,6.301289932,3.715184743,9.515769759,19.44282329,25.88612854,23.56925407,58.4693686
5.651843444,1.945218842,-12.48972902,-12.88812354,-7.739949645,-5.360101724,5.20954916,-0.577482576,2.168227442,-1.654900951,9.966088243,13.21895231,8.268127139,1.31685202,13.01285162,23.22790274,18.75023208,26.27606797,52.32191352
0.965996003,-0.155761296,-10.85210667,-8.771248287,-7.288408841,-6.921290104,9.974878829,4.265803151,6.646850314,6.665199678,16.15976257,16.92119386,10.31253158,0.183047676,17.62467996,25.95017534,12.78777153,28.26658604,45.71693086
-0.188080373,-0.679612815,-7.644168469,-4.607125124,-6.001690685,-7.433546914,13.43853902,8.449641568,10.33720833,12.15289194,22.27131001,19.01981879,11.78758398,0.495182366,22.45769964,27.40809255,9.534908293,30.4612097,41.35858317
2.103781503,0.59777535,-3.734426527,-1.630174338,-4.4092443,-6.712729814,15.22339959,10.67830795,14.64068913,13.59691174,27.16123921,18.27321086,12.1255974,1.839739564,25.9342879,27.49347674,9.026417369,32.70958391,40.43687583
6.092992581,2.253275671,-0.504617889,-0.664789192,-3.213249785,-5.037840257,15.54485122,10.26261113,19.40209962,11.64577612,29.74282468,15.0945376,11.21244491,3.473480045,26.45861417,25.96611287,9.969729438,33.86111121,41.98450845
9.437742815,2.266640492,0.842405475,-1.847255745,-2.987634631,-3.03673651,14.64297081,7.370861913,22.38202221,7.776051011,29.2661554,11.4253819,9.404282676,4.69839239,23.22962401,22.27537864,10.55790209,32.45330466,43.56604566
10.48666575,-0.601154664,-0.128634723,-4.580182741,-3.880375214,-1.38960829,12.46631205,2.88655276,20.82176334,3.056971814,25.68455067,9.294331097,7.224075781,5.145448036,16.77989485,15.79428344,9.464244735,27.61072863,42.88437099
9.018728586,-6.019957039,-2.868433467,-7.699724471,-5.488570524,-0.516015243,8.964941282,-1.969487431,13.92500879,-2.098096293,19.94842319,9.289340965,5.046121378,4.833507292,8.911321132,6.458945064,6.448571058,19.63259322,39.21662455
6.068477054,-12.35361224,-6.083185235,-9.855558589,-7.017117967,-0.432257097,4.699782755,-6.008196941,4.186987219,-7.116079567,13.94247024,10.2679968,3.053874068,4.00714413,1.995200682,-4.661925757,2.24974631,9.941899063,33.71006159
3.06084206,-17.69882729,-8.317492962,-10.04311922,-7.675899199,-0.856896717,1.085353867,-8.294885883,-3.686410486,-10.45354516,9.891380938,10.55086621,1.465191262,2.887567523,-2.044148114,-15.44897541,-2.095123723,0.446376592,28.40753368
0.884373316,-20.94306093,-8.612538328,-8.076288737,-7.107136029,-1.472299156,-0.157624764,-8.259948946,-5.644348262,-9.936135402,9.403710945,9.532186859,0.733412574,1.51483593,-2.548186381,-23.61752724,-5.989735488,-7.305998365,24.79024976
-0.505413048,-22.16647148,-6.921020559,-4.699539334,-5.583945736,-2.144455298,1.942203372,-5.7992035,-0.879117519,-4.298377292,12.66172745,8.261463985,1.429546435,-0.214454146,-0.326553228,-27.89940383,-9.548007761,-12.69748319,22.91833886
-1.781238954,-22.23954212,-4.058514496,-1.179923024,-3.842394228,-2.946600012,6.85042155,-1.373794408,7.762134499,5.295024256,18.29494015,8.45509111,3.813458152,-2.356336369,2.83867072,-28.68253179,-13.23508224,-16.04506488,21.71681642
-3.557683788,-22.02404689,-1.209510509,1.430126694,-2.641317396,-3.994075726,12.72948297,4.014667223,15.81042877,15.21334477,24.09809317,10.80803988,7.443610566,-4.735585662,5.096168778,-27.59606796,-17.20632743,-18.10105661,20.04867613
-5.866442597,-21.7865079,0.723838976,2.86599917,-2.331964575,-5.250449968,17.52784095,9.103262194,20.11528168,21.19185069,28.19710865,14.1432574,11.22757884,-6.929360437,5.360063032,-26.30693915,-20.90790667,-19.41738911,17.66145287
-8.160253501,-21.19268621,1.519887944,3.609881,-2.721105847,-6.483020323,20.17117376,12.85437015,20.56538548,20.87189696,29.93581941,16.24051037,13.98983633,-8.455625719,3.688667825,-25.41434493,-23.30411113,-20.00840779,15.29352708
-9.790246771,-19.7958677,1.521030506,4.223111059,-3.309673346,-7.41254901,20.98303535,14.88322669,19.48638663,15.2052386,29.92572617,15.70169243,15.18176139,-9.0445774,1.091883321,-24.27224343,-23.60379675,-19.5269591,13.96218933
-10.54900337,-17.59778508,1.102121257,4.568189304,-3.719965197,-7.927621705,21.07666589,15.51531521,19.38886265,7.670395273,29.27755238,13.23128476,15.17672704,-8.79764284,-1.070783513,-21.84890766,-21.94298303,-17.79505633,14.09946508
-10.83842095,-15.25155684,0.151588112,3.608624531,-3.98604042,-8.167686837,21.26575359,15.38682084,20.88588062,1.8970298,28.60566082,11.13255979,14.87527718,-8.110919195,-1.788639167,-17.90648539,-19.46698215,-15.2517115,15.25176949
-11.31874691,-13.75133986,-1.978439025,0.080865255,-4.485582122,-8.383136279,21.37917631,14.8514024,22.30595301,-0.535886041,27.54029021,11.33379738,14.8951073,-7.407513427,-0.880899516,-13.51550731,-17.67027743,-12.90471535,16.5332506
-12.29714043,-13.80355737,-5.934253032,-6.372506729,-5.567864381,-8.67418629,20.48139424,13.64701994,21.13264649,-0.597216303,25.08905325,13.58275876,14.9900431,-6.86091792,0.948578977,-10.4365298,-17.3992565,-11.71609443,17.3984493
-13.32515681,-15.28031516,-11.59409533,-14.47567494,-7.173578833,-8.830358012,17.74716175,11.11848515,16.04265019,-0.463336926,20.55319422,15.41311123,14.20188048,-6.29672094,2.522784971,-9.802467072,-18.20011825,-11.7966594,18.08683322
-13.34015963,-17.11366579,-17.67803971,-21.65844985,-8.757677126,-8.430504359,13.24795527,6.871724899,7.993151757,-1.596982711,14.30032276,14.05724158,11.67846026,-5.332448907,2.89956696,-11.10993783,-18.4923995,-12.01076398,19.41438524
-11.30042118,-17.74151557,-22.12658806,-25.35187655,-9.595667427,-7.159475188,8.048982399,1.372647237,-0.344277096,-3.782811853,7.815337854,8.821945541,7.536963922,-3.654372456,2.01480001,-12.32470931,-16.50350346,-10.39531369,22.12622392
-6.902274749,-15.9022496,-23.09413763,-24.38353059,-9.251758587,-5.112745209,3.612616069,-4.002473474,-6.243527173,-5.69983402,2.987133844,1.96190647,3.070170232,-1.25235184,0.84726445,-11.08785237,-11.39048371,-5.265610255,26.32691118
-0.889569292,-11.36072387,-19.93039043,-19.49884005,-7.852666256,-2.847299575,1.025138822,-7.576659189,-8.412212223,-6.301629109,1.128062347,-2.76688972,0.072948903,1.517511277,0.89294717,-6.210444357,-3.849615226,3.632811531,31.37089383
5.269396644,-5.153128669,-13.49929297,-12.67570454,-5.956684977,-1.114009668,0.600033499,-8.265103461,-7.340327628,-5.716117879,2.373240262,-2.823089744,-0.260058576,4.05244624,3.157735725,1.538596686,4.154056347,14.68137672,36.20315545
10.13771699,0.820995721,-5.647299873,-5.807089239,-4.124226908,-0.439930717,2.006881147,-6.155126276,-4.49363318,-4.954853341,5.788575417,1.24367831,1.921791616,5.719330843,7.27615796,9.815790433,10.3531495,25.00147088,39.84278922
13.01188197,4.668418641,1.769430899,0.227280939,-2.532084735,-0.839148121,4.638640414,-2.397626477,-1.158496819,-4.840282222,10.00319258,6.228207813,5.260375059,6.065869687,11.41539135,15.91722992,13.25250197,31.79302495,41.70610434
14.13383658,5.363484206,7.619395349,5.45880631,-0.936131093,-1.836108889,7.839478769,1.477749468,2.149998236,-5.214125822,13.86719012,8.661647383,8.068188612,4.965276425,13.1866927,18.0064132,12.7113739,33.59195443,41.68464876
14.32383196,3.121274981,11.57080437,9.948479959,0.998781184,-2.763818361,10.88897823,4.332371447,5.399548963,-5.153003276,16.72539581,7.269171685,9.291746151,2.670790446,11.08715228,15.67893466,9.780754999,30.70826112,40.08085451
14.3363695,-0.90579385,13.64508359,13.03493325,3.287640491,-3.121778487,12.95897916,5.788103525,8.314480767,-3.955346956,18.27100277,3.597804755,8.902534268,-0.23803456,5.530575174,9.741897865,5.996123763,24.67470294,37.50735966
14.39940046,-5.376997365,13.7768715,13.48510048,5.490980607,-2.770748354,13.29858695,6.064970555,9.981792031,-1.962831657,18.27551196,0.426397587,7.554818852,-3.033361321,-1.296625809,1.583207583,2.595099932,17.19118805,34.74237251
14.21968588,-9.459421374,11.81582175,10.49763405,6.989555901,-1.88916055,11.63248607,5.551727472,9.236836563,-0.446411304,16.52698729,-0.655066227,5.912313914,-5.113893603,-6.743686291,-7.390534754,0.081529717,9.320217733,32.48383176
13.37228578,-13.04687845,7.932994228,4.69839224,7.455297796,-0.788611615,8.460078253,4.502315929,5.590737875,-0.636817702,13.05353756,-0.501871851,4.225909459,-6.267113953,-9.313047246,-16.02317735,-1.723763486,1.400220975,31.0449933
11.72024928,-16.44112337,2.971974912,-1.821894409,7.126166244,0.249314474,4.930003408,3.047233988,-0.043943905,-2.737736299,8.403862282,-1.525673031,2.436415614,-6.759395435,-9.464709869,-23.46758401,-3.30766197,-6.450909404,30.17714094
9.529661702,-19.81947654,-1.705608677,-6.632796075,6.633999686,1.02421095,2.277575579,1.387363745,-5.505599237,-5.76551771,3.665204227,-5.44714367,0.58345233,-7.153679773,-9.043230209,-29.20845046,-5.065468986,-13.79845732,29.2057114
7.220706598,-22.93343989,-4.889183446,-8.478593356,6.492593876,1.387858821,1.181843196,-0.110474773,-8.482744376,-8.333450097,0.093746285,-11.55345769,-0.941810834,-7.921868833,-9.764376918,-33.09676532,-7.106836839,-19.82345188,27.46323001
4.994492623,-25.2607873,-6.226126008,-8.020784833,6.641400243,1.226675666,1.492418331,-1.059910188,-7.909796271,-9.695732904,-1.452037301,-16.87426804,-1.567766104,-9.086556161,-11.89042431,-35.30359667,-9.3086917,-23.77708716,24.74686023
2.658197357,-26.45806384,-6.397622031,-7.206733498,6.420160426,0.503027225,2.501924057,-1.316402157,-4.705446805,-10.17912835,-0.906754455,-18.1373115,-0.977346499,-10.1514288,-14.06772604,-36.12977678,-11.49775905,-25.55170026,21.4578091
-0.215422572,-26.73182194,-6.598062077,-7.739233213,5.027220022,-0.685964587,3.526149595,-1.087863304,-1.266427605,-10.69076764,1.044403141,-13.99132006,0.613398142,-10.40738843,-14.41068669,-35.77369884,-13.60434224,-25.87130138,18.29409106
-3.942330875,-26.83134404,-7.717020851,-9.840939212,2.138759309,-2.111451977,4.343362643,-0.755583447,0.043446725,-11.7839465,3.411819795,-5.858118325,2.611614635,-9.433743892,-11.98000007,-34.26121004,-15.69599636,-25.92583961,15.71749849
-8.479540899,-27.66746357,-9.861180768,-12.26974305,-1.767015479,-3.505091557,5.195748563,-0.541514318,-1.559687435,-13.1036635,5.446858152,3.088665078,4.509603955,-7.448372707,-7.538909399,-31.62976103,-17.89678864,-26.71297901,13.61489227
-13.43965121,-29.82124172,-12.55115817,-13.52740601,-5.622635512,-4.678213625,6.421187203,-0.32211209,-4.760864074,-13.65966904,6.938479665,9.905726587,6.228250483,-5.239443732,-3.05871987,-28.20638183,-20.25271961,-28.54077876,11.44629043
-18.27821612,-33.22911038,-15.33980753,-13.23713596,-8.369513916,-5.569663469,8.05334505,0.220516205,-7.060693806,-12.65023538,8.1134949,13.33612427,8.01359217,-3.696989693,-0.394003385,-24.66947534,-22.60216118,-30.95743045,8.805797462
-22.4201155,-37.14825557,-18.23665069,-12.53692965,-9.520790414,-6.182889034,9.702890985,1.217239747,-6.533962916,-10.12214475,9.276009566,13.87145096,9.96919213,-3.252448922,-0.113417478,-21.71934232,-24.48924208,-33.01482754,5.999352983
-25.19695037,-40.31877441,-21.51306389,-13.14996989,-9.321019925,-6.475978924,10.77412901,2.331462185,-3.215310135,-6.949004393,10.47998447,12.73611091,11.66615702,-3.609826225,-1.258237874,-19.52720443,-25.15674574,-33.57348387,4.210639472
-25.72617778,-41.21311599,-25.05018903,-15.88347651,-8.450222376,-6.318498469,10.817242,2.853832312,0.882059726,-4.220368978,11.46362131,10.84800143,12.24557909,-3.950902901,-2.053201131,-17.39530756,-23.66834624,-31.47022454,5.097442492
-23.0145847,-38.3694523,-27.86220165,-19.78248358,-7.540664805,-5.57316807,9.759816829,2.143204999,3.150247103,-2.6010066,11.8564146,8.571721237,11.01429507,-3.465992563,-0.949185783,-13.98359239,-19.19296648,-25.64027584,10.02495736
-16.42752726,-30.86279508,-28.34882339,-22.64308732,-6.859789727,-4.242920202,7.901285394,0.088538229,2.19107472,-2.15712877,11.471276,6.20255539,8.080037155,-1.845943959,2.692555186,-8.060216077,-11.4032419,-15.40631085,19.34815829
-6.308649723,-18.84641659,-25.23593551,-22.5048722,-6.325112572,-2.550322687,5.73483369,-2.768829943,-1.259131864,-2.664010423,10.45405961,4.439338361,4.476489036,0.576421994,8.519710515,0.681982417,-0.825397394,-0.966166399,32.0989622
5.731303389,-3.88092514,-18.54168896,-18.97822149,-5.737021239,-0.859287149,3.736990716,-5.551881741,-4.941387732,-3.97851375,9.191070258,4.202832292,1.599695485,3.080574344,15.47134865,11.29033564,11.07984797,16.21091175,46.20255305
17.23165862,11.29542119,-9.797288705,-13.42349547,-4.977204603,0.520918219,2.219590155,-7.561512676,-6.739637495,-6.067945841,8.060381774,5.878948564,0.326517912,4.983857837,22.07803891,21.92104048,22.24293904,33.49614358,59.10681966
25.90888745,23.64686051,-1.282226132,-7.925789146,-4.016365398,1.502369954,1.262999129,-8.606176962,-6.141756185,-8.692535811,7.215983291,8.709262618,0.463646157,5.938834638,26.70190132,30.64473806,30.64035925,47.87573489,68.56680543
30.6976951,31.005407,5.208197132,-3.929912125,-2.791949764,2.221512711,0.723155868,-8.938876564,-4.423333465,-11.13389878,6.550571423,11.01150894,0.945297062,5.953331619,27.89902992,36.15066204,34.97864654,57.05043657,73.29198883
32.0990751,32.85264242,9.176273123,-1.581509527,-1.148679343,2.872398154,0.317841133,-8.920061586,-3.483993593,-12.36163563,5.840583734,11.21604398,0.634733606,5.215116103,25.00073769,37.95621709,35.04340043,60.20564002,73.21207725
31.55545282,30.206376,11.25877731,-0.161692474,1.034140271,3.503236636,-0.214667301,-8.726421643,-4.300148337,-11.62982285,4.948019325,8.965546074,-0.865770071,3.923642292,18.64227947,36.14587735,31.52344206,57.96237634,69.24666761
30.26232896,24.67959855,12.2968438,0.90855299,3.604200264,3.941789775,-0.951017704,-8.338822636,-6.215712069,-9.066544782,3.927504158,5.39916179,-2.978966597,2.262698684,10.73693893,30.99805215,25.44305856,51.58676098,62.6785924
28.26036611,17.37238478,12.43375509,1.421361892,6.005959495,3.911498715,-1.724993349,-7.760823613,-7.586614332,-5.763402157,2.970596556,2.355967541,-4.62070728,0.477117625,3.64929961,22.85246199,17.58932203,42.07343978,54.46099826
24.47532588,8.390487016,10.97176054,0.618175798,7.42893753,3.245989134,-2.244001758,-7.202622067,-7.207481504,-3.249378519,2.241557906,1.083627243,-4.978174439,-1.091689299,-1.048402921,12.27043368,8.315375819,29.7896013,44.87931143
17.6880464,-2.686101927,7.07182627,-1.981375422,7.195146357,2.032570973,-2.316044869,-7.00855607,-5.35342144,-2.714395763,1.730674622,1.427446532,-4.01383801,-2.108477717,-3.387316893,0.237210261,-2.178636559,14.89721644,33.81045467
7.726625516,-15.79738089,0.686904171,-5.961428377,5.146946015,0.577084554,-2.014579062,-7.366086026,-3.622578439,-4.515294184,1.229839314,2.091314883,-2.372792214,-2.431206548,-4.721799193,-11.88374212,-13.3448415,-1.869190466,21.42048289
-3.999249331,-29.70214683,-7.060012981,-10.18962002,1.772063533,-0.772906759,-1.63721374,-8.068865721,-3.746052678,-8.223709407,0.446773217,1.726064564,-0.844642895,-2.220834773,-6.500953627,-22.69660787,-23.99972069,-18.78813333,8.778470423
-15.02410666,-42.19667033,-14.38065992,-13.65091551,-2.024996735,-1.804921171,-1.478461846,-8.592746995,-6.329031971,-13.02855313,-0.814282633,-0.016234741,0.167021843,-1.853710659,-9.024895056,-31.19237115,-32.53499265,-33.53190766,-2.156283241
-23.0513522,-51.15489118,-19.82992569,-16.19899896,-5.359413445,-2.495238721,-1.60010482,-8.478879323,-10.47608612,-18.08956167,-2.511243032,-2.251881447,0.793799056,-1.676560443,-11.19985226,-36.95151343,-37.54799417,-44.13836834,-9.308517283
-27.04110817,-55.65057394,-23.06093086,-18.55122814,-7.73968555,-2.932008928,-1.792414095,-7.729877535,-14.49764603,-22.61841602,-4.337462691,-3.581337145,1.444069666,-1.784191187,-11.53170454,-40.03857784,-38.49813995,-49.89757143,-11.5783445
-27.47734415,-56.35494741,-24.80195664,-21.51311032,-9.174234161,-3.205496134,-1.755917994,-6.874844538,-17.05491981,-25.82416997,-5.821391119,-3.157859628,2.417337658,-1.99426734,-9.559847062,-40.75713365,-35.964661,-51.53752363,-9.498137627
-25.75598934,-54.95151132,-26.14988692,-25.10115658,-9.997877017,-3.367023443,-1.34092075,-6.610377826,-17.85506592,-27.02097933,-6.508023634,-1.297049114,3.703733714,-2.039461394,-6.505419955,-39.50875746,-31.34826317,-50.61708369,-4.947063447
-23.23497828,-53.0284084,-27.76653665,-28.34589008,-10.57476612,-3.467268062,-0.639383183,-7.277855944,-17.49085232,-25.98852272,-6.148955926,0.783310729,5.061931972,-1.819823834,-4.499771022,-36.82846683,-26.21872918,-48.58970027,-0.068483699
-20.62087063,-51.23860089,-29.55683725,-29.99468629,-11.07526509,-3.593364748,0.128050838,-8.592417938,-16.75007086,-23.30982223,-4.825403202,1.838243272,6.224573864,-1.505070526,-4.929112889,-33.43262884,-21.69967892,-46.1632501,3.887082059
-17.99301401,-49.23597344,-30.96098455,-29.56643565,-11.436939,-3.825141336,0.791660678,-9.851972817,-16.06387651,-20.28047887,-2.945811967,1.418030921,7.02207532,-1.394561876,-7.217722544,-30.06247209,-18.18804184,-43.27033312,7.022757252
-15.23878178,-46.27299299,-31.50970514,-27.88205142,-11.48856291,-4.125720422,1.2916453,-10.46721694,-15.48467562,-18.27525116,-1.098277596,0.083048432,7.358633969,-1.639055978,-9.090922258,-27.11097536,-15.44084888,-39.48176399,10.31788128
-12.42273757,-41.89673973,-31.15861658,-26.58688822,-11.12920364,-4.277516037,1.578227499,-10.3836294,-15.01591895,-17.94608012,0.200516906,-1.054594148,7.149005385,-2.046097728,-8.199711019,-24.29956394,-12.85061381,-34.44198984,14.66232626
-9.792392338,-36.22858185,-30.18962028,-26.97882056,-10.4451452,-3.968514102,1.51012221,-10.04427003,-14.81324008,-18.85407,0.752106954,-1.064359629,6.352872295,-2.136169316,-3.884004623,-20.74303051,-9.716168296,-28.03525438,20.16334857
-7.51534599,-29.74781467,-28.86157412,-29.01507861,-9.694981283,-3.012769743,0.938063869,-9.915028556,-14.99522356,-19.846063,0.783537626,0.306075691,5.107196878,-1.431608283,2.287811928,-15.49190348,-5.450934108,-20.31899342,26.18635751
-5.479906038,-22.91170493,-27.16426361,-31.24744414,-9.162517395,-1.551880976,-0.033660738,-9.962088381,-15.28384312,-19.88319586,0.830927803,2.625722621,3.806154221,0.213299819,7.612126278,-8.248599834,0.216619948,-11.46029657,31.95443416
-3.386037091,-15.99773271,-24.8706958,-31.73676667,-8.945765865,-0.059470132,-0.854892442,-9.531024539,-14.9370947,-18.64029602,1.438676534,5.144690756,2.979773205,2.465562037,10.11049351,0.248888498,7.027654575,-1.822403695,37.0980111
-1.042306482,-9.261056142,-21.78438105,-29.28010536,-8.800680729,0.89933471,-0.683309716,-7.770247241,-13.18458555,-16.3964159,2.840224209,7.19869123,2.99401551,4.647447214,9.726101908,8.491864824,14.07156477,7.895459878,41.66455573
1.422630371,-3.171955092,-17.92683363,-24.09417216,-8.160904816,1.00886411,1.102290284,-4.307309963,-9.867677432,-13.38578342,4.820222197,8.396147797,3.782802291,6.060000117,8.007277785,14.96668328,19.93208614,16.68661783,45.6356145
3.638946721,1.562319808,-13.52018675,-17.54778412,-6.380725305,0.402316297,4.368120978,0.330216292,-5.720000772,-9.30285051,6.852982792,8.565524369,4.842113392,6.290823218,6.653577453,18.89617457,23.15497849,23.5237299,48.46742131
5.286812397,4.253677897,-8.847734166,-11.23985998,-3.110526929,-0.433551303,8.121867754,4.883174947,-1.984486826,-3.550794748,8.424313712,7.627267485,5.527750933,5.33319493,6.157783875,20.44812487,22.84990038,27.73520228,49.15847223
6.320806151,4.552569982,-4.18103885,-6.133130579,1.409144237,-0.985348092,11.01035024,8.021948706,0.365509338,3.869818204,9.307886064,5.563085569,5.452438638,3.485028675,5.599587682,20.30966359,19.0811761,29.18413486,46.87201475
6.921848534,2.56526388,0.15245119,-2.303933935,6.351851907,-1.03320408,12.1136353,9.050506949,1.173735531,11.62040729,9.597969892,2.517481672,4.688194508,1.138013748,3.640636577,19.0055771,12.79445922,28.12111382,41.62939342
7.243691536,-1.286294043,3.689081007,0.663227391,10.664288,-0.733629013,11.46117826,8.192763091,0.985730052,17.24796007,9.491858034,-1.079151635,3.632695923,-1.386259153,-0.194784442,16.51169312,5.33123066,24.88055325,34.4950057
7.226185202,-6.469331863,5.926319663,3.073484372,13.59451544,-0.422412567,9.888358293,6.323393235,0.425237142,18.45246201,9.026250363,-4.510651694,2.67065767,-3.863379777,-5.014887524,12.45144239,-2.13207102,19.73943435,27.0783789
6.681404279,-12.3850367,6.622479748,4.810231075,15.0538958,-0.313115396,8.371301736,4.397665495,-0.339825391,14.5593844,8.025372893,-6.952292362,1.922562369,-6.084996156,-9.167680472,6.68360934,-8.856225302,13.0929644,20.72963153
5.57786055,-18.24599244,6.076236485,5.487900006,15.5556476,-0.340023825,7.390178282,2.997381203,-1.555003712,7.062908664,6.348818386,-7.747301358,1.284444548,-7.778484629,-11.37068979,-0.222699203,-14.42014007,5.756851947,16.0273104
4.221982208,-23.02320072,5.085694693,4.843207513,15.7551748,-0.265772596,6.816807284,2.244976122,-3.341248999,-1.246855089,4.252159928,-6.635651024,0.698988552,-8.626191084,-11.42630273,-7.034488316,-18.44150627,-0.993489079,12.87405971
3.095928117,-25.7051911,4.494389369,2.98878646,15.90941759,0.048924536,6.343286482,2.012526605,-5.238176051,-7.956697434,2.520015508,-3.824370804,0.38717206,-8.397303098,-10.04579794,-12.41928049,-20.486533,-5.869048772,10.9909398
2.425333432,-25.83368474,4.578706365,0.329050873,15.64823375,0.449551082,5.986233032,2.145730269,-6.355641116,-12.24840223,2.1547633,0.108669197,0.795782278,-7.10971813,-8.100120654,-15.62873454,-20.3134412,-8.291570722,10.29937633
1.840260239,-23.95540737,4.72267465,-2.751638905,14.23399743,0.539183778,6.150313202,2.489874825,-6.08863381,-14.79673268,3.744730086,4.397587249,2.261910765,-5.101817554,-6.03415119,-16.82560288,-18.24261975,-8.863019751,10.85065436
0.477525241,-21.57135911,3.674174728,-6.142641333,11.12682951,-0.053876448,7.167872114,2.756185313,-4.774602887,-16.59313551,6.939162899,8.263284799,4.654233869,-2.941225295,-3.904754305,-16.85635178,-15.26418514,-9.138186458,12.42976448
-2.466825397,-20.4737166,0.274392048,-9.995036983,6.444221933,-1.398651433,8.758830977,2.459072827,-3.639528176,-17.82648546,10.46337473,11.0394804,7.300970933,-1.199128841,-1.850035488,-16.66944728,-12.66358945,-10.74173788,14.28971787
-7.114379808,-21.81517512,-5.793168376,-14.46816235,0.985075657,-3.186364758,9.985067653,1.106666168,-3.958127304,-17.83469799,12.76649528,12.27382153,9.306902174,-0.208481304,-0.393759621,-16.79250867,-11.34588849,-14.37832626,15.36676262
-12.68873458,-25.48918989,-13.7081312,-19.4392078,-4.182459265,-4.907653498,9.860556679,-1.422044028,-6.052298016,-16.11134734,12.93319086,11.84110976,10.06175829,0.057217855,-0.18848286,-17.17691188,-11.33299966,-19.40112556,14.88677305
-17.89169921,-30.21147386,-21.83279572,-24.38157445,-8.251828514,-6.140154194,8.171891685,-4.605056133,-8.945433484,-13.32254594,11.25759589,10.05335301,9.590870116,-0.084272715,-1.384907621,-17.41554801,-11.82829308,-24.21891571,12.89842045
-21.60140693,-34.22171489,-28.40609378,-28.47513182,-10.95166008,-6.737437112,5.81043396,-7.387961725,-10.98288582,-11.21010192,9.072690089,7.682153475,8.514495465,-0.237138186,-3.221985807,-17.08887387,-11.82741616,-27.22789459,10.2964817
-23.38241379,-36.13178727,-32.18376017,-30.86196343,-12.42203735,-6.811106565,4.272232933,-8.687845436,-10.94179551,-11.2539027,7.932644765,5.797806262,7.666836689,-0.154815822,-4.284103345,-15.97013281,-10.82992897,-27.61254785,8.304572702
-23.46888558,-35.41717185,-32.72229876,-30.91077269,-12.87783084,-6.569079258,4.664143411,-7.987134428,-8.762335787,-13.18320181,8.694983336,5.413774102,7.652249981,0.152431742,-3.30798242,-13.99911124,-9.122328613,-25.52147441,7.814593036
-22.31418133,-32.3643116,-30.29453893,-28.39993236,-12.3849663,-6.167290382,6.978877846,-5.61362853,-5.372324792,-14.74439117,11.10772376,7.06291982,8.617175808,0.480678639,0.04691498,-11.1419575,-7.437613155,-21.63261436,9.064080318
-20.12795028,-27.6677043,-25.63004662,-23.59542937,-10.92648188,-5.680464226,10.19109929,-2.511683406,-1.846298038,-13.17324225,14.12927037,10.52156988,10.31542366,0.604745957,5.017319485,-7.325756526,-6.285122416,-16.5569256,11.81719047
-16.77946894,-22.0264524,-19.66531221,-17.22337533,-8.640644141,-5.163455562,13.05270455,0.326600014,1.33262011,-7.339930976,16.68267135,14.85370611,12.32334989,0.433288575,10.21496256,-2.537266362,-5.494268766,-10.56019496,15.79182917
-12.0916884,-15.95697046,-13.34650317,-10.32618592,-5.941872887,-4.689331157,14.90646086,2.365179067,4.301083929,1.174898148,18.26830857,18.77653365,14.19894904,0.045747689,14.3444803,2.990413904,-4.329233515,-3.732792275,20.91273497
-6.206121967,-9.797473567,-7.433578104,-4.000810672,-3.342931143,-4.291420981,15.87180423,3.632080735,7.209391053,9.055766232,19.02732292,21.15849853,15.50233452,-0.395253241,16.65010799,8.671082724,-2.067201349,3.662218737,27.18672809
0.338015646,-3.761653457,-2.304397032,0.924964035,-1.088869545,-3.858570101,16.34087135,4.419531635,9.635981723,13.59140942,19.30794949,21.38734334,15.76908985,-0.771323616,16.91319335,13.65887356,1.429854878,11.04224188,34.37072375
6.880941006,2.029309206,2.127312898,4.151719308,1.075289427,-3.111600609,16.32990065,4.868518043,10.63812013,14.50649073,19.16346734,19.44563116,14.58304555,-1.070363175,15.22376812,17.12189602,5.593954771,17.69912753,41.7897621
13.00833401,7.479406439,6.247978682,5.963214407,3.752345004,-1.738705999,15.32246697,4.782010073,9.443376546,13.77805426,18.21343343,15.73029629,11.78042846,-1.3403412,11.85050183,18.55017888,9.547626154,23.13052315,48.5062601
18.65772071,12.34995555,10.35196877,7.017315377,7.416267961,0.376176656,12.74852306,3.786660024,6.16649458,13.59959419,15.95421896,10.80036734,7.644704263,-1.584753645,7.293567827,17.92515347,12.67604527,27.17790205,53.70721301
23.86261031,16.0654023,14.25007028,7.953168196,11.96231378,3.005353689,8.628357683,1.665212505,1.873930941,14.24423292,12.21817789,5.227100104,2.89323254,-1.698831057,2.320613389,15.6610812,14.91999779,29.83531797,56.98118857
28.37858706,17.70083788,17.18225841,9.009595623,16.65025203,5.646533737,3.744211865,-1.436054134,-2.122584043,13.70518385,7.378423784,-0.419573797,-1.610938461,-1.512869243,-2.227094117,12.36465606,16.590679,30.9207149,58.27604902
31.56638344,16.30891542,18.17216002,9.866379364,20.51602147,7.781714719,-0.857445762,-5.072594211,-5.175469922,9.494468565,2.148180185,-5.550009913,-5.262109158,-0.921706509,-5.800535293,8.564478196,17.90318946,29.95793404,57.63795734
32.6978904,11.49567369,16.65170653,9.82169534,22.95894435,9.140511984,-4.58789453,-8.723851827,-7.641432565,1.105714397,-2.807274558,-9.610078267,-7.942340587,-0.00646598,-8.36795627,4.575234212,18.63640327,26.45522165,55.03512839
31.47986942,3.899359832,12.96424756,8.248598657,24.0665915,9.77035325,-7.577078848,-11.92758794,-10.34578337,-8.989578833,-7.075308241,-12.20928231,-9.891246858,0.948057096,-10.2472438,0.57147254,18.19978047,20.42022246,50.47464235
28.37808769,-4.800997243,8.397788194,5.107760384,24.43820419,9.86960955,-10.19752692,-14.20919333,-13.60531706,-16.75346363,-10.34704306,-13.20649844,-11.2983616,1.569112417,-11.65157253,-3.199334514,16.05066926,12.71606734,44.31717723
24.45590486,-12.45514622,4.681899384,1.213762284,24.65083809,9.536062645,-12.2834079,-14.95252631,-16.63204899,-19.31354623,-12.11663541,-12.65568551,-11.93773073,1.586205237,-12.36473726,-6.247187556,12.14004175,4.93731044,37.46710373
20.80806472,-17.31820651,3.202224456,-1.980275137,24.77451736,8.655640464,-12.83350108,-13.49406705,-17.8537961,-16.80284485,-11.62888472,-10.65875708,-11.16822088,0.990418209,-11.88925958,-7.892846493,7.066185118,-1.18876711,31.18052102
17.97288674,-18.75289453,4.335033216,-3.089163394,24.28470732,7.037986421,-10.62709645,-9.561592972,-15.9714275,-11.86064839,-8.294650866,-7.300431062,-8.367197698,0.076319449,-9.974838369,-7.583542589,1.850502565,-4.543418719,26.5440527
15.71092958,-17.38783791,7.216005991,-1.694613217,22.40707143,4.690487754,-5.374439213,-3.822036087,-11.00707508,-7.354437111,-2.359021987,-2.795493139,-3.52694694,-0.656564194,-7.03340557,-5.307896726,-2.48921447,-5.077065434,23.96626877
13.26491178,-14.70080845,10.03148547,1.084703875,18.6222134,1.991392196,1.538412659,1.940106133,-4.606017617,-4.378251151,4.715050238,2.239340436,2.422836921,-0.699810054,-3.989973278,-1.820018406,-5.296592044,-3.750755004,23.04428484
9.896762115,-12.30734916,10.70696115,2.824302968,12.98950794,-0.409458883,7.445576622,5.359538175,0.618563749,-2.240112669,10.59072738,6.682521411,7.857470767,0.251295216,-1.619043632,1.554401017,-6.394743643,-2.023638041,22.90466724
5.366364145,-11.32269273,7.744789793,0.909860455,6.136541601,-1.917452104,9.819644814,4.607350046,2.298249052,-0.262584472,13.08471103,9.235094479,11.18488448,2.154243131,0.065455438,3.51091792,-5.972297276,-1.169520359,22.78752888
0.120826505,-12.02992287,0.918034591,-5.944898197,-0.985538148,-2.315119859,7.770218994,-0.535812512,-0.593049821,0.519467021,11.30693567,9.123754695,11.63913814,4.608669835,1.772002799,3.456538856,-4.36112482,-1.738224428,22.49924642
-4.835991485,-13.88893577,-8.465091701,-16.6511351,-7.373944983,-1.844146138,2.564847747,-8.372875223,-7.269055189,-2.342621912,6.186628533,6.745836368,9.653737653,6.998128873,4.202256189,1.877859664,-1.836564385,-3.365806013,22.48363288
-8.29270197,-15.80685959,-17.91966724,-27.92259224,-12.1580478,-0.998709937,-3.186359486,-16.04192489,-15.42770267,-10.37447602,0.01914233,3.717283798,6.586296516,8.740356349,7.252865365,0.123142315,1.480291697,-4.980178767,23.52203238
-9.277096077,-16.57374766,-24.73050139,-35.76585535,-14.7318018,-0.20313958,-7.079628526,-20.9285293,-22.13783925,-21.82641518,-4.703054714,2.11722227,3.973145672,9.538086507,9.919188551,-0.315147774,5.585678344,-5.307880505,26.26753928
-7.486314747,-15.35657299,-27.12680579,-37.52154808,-14.90925345,0.378124538,-8.123470114,-21.88519494,-24.97896965,-31.68871992,-6.463611851,3.302771361,2.773040703,9.497257225,11.09695981,1.388167899,10.42688129,-3.47631618,30.84886373
-3.54728786,-12.08356154,-25.08993619,-33.23896355,-13.06495131,0.779889518,-6.874049754,-19.52934325,-23.02950938,-34.61716617,-5.230775572,7.056938437,3.031846376,9.029463842,10.63765238,4.959022298,15.67298837,0.558509535,36.69674319
1.083090999,-7.506274601,-20.28116128,-25.49115459,-10.09743503,1.026381915,-4.613741363,-15.52038401,-17.28571784,-28.74138936,-2.109258636,11.68515172,4.100721835,8.574562229,9.6708685,9.210219152,20.56751344,5.990625767,42.6522923
4.675667764,-2.822713571,-15.03647659,-17.70887349,-7.092224933,0.994908483,-2.33341404,-11.39526238,-10.22147006,-17.27594366,1.507239583,15.04430623,5.186322651,8.301849485,9.748724252,12.70266604,24.028033,11.59703907,47.34612066
6.075305365,0.99628015,-10.97808043,-12.10110543,-4.782820383,0.495869143,-0.264797898,-7.779198898,-4.563934999,-6.390115781,4.685407369,15.82257187,5.840886383,7.983942827,11.40245455,14.46449557,25.04289969,16.4000745,49.74750225
5.379702755,3.774784662,-8.115642131,-8.529496797,-3.136597842,-0.497261747,1.859243275,-4.430822695,-1.855114221,-0.787456625,7.194625801,14.20257056,6.105428321,7.141067546,13.3409629,14.35445257,23.1934006,20.14551106,49.65779727
3.955690518,6.171128331,-5.056990645,-5.055974347,-1.396872266,-1.688639839,4.230577979,-0.924997525,-1.648810235,-0.423229883,9.250939856,11.49711248,6.295734401,5.374268886,13.13582003,12.9121551,18.96155417,23.25469955,47.84961837
3.64581295,9.084299366,-0.217665163,0.286272492,1.37183173,-2.552116194,6.634744129,2.66931106,-1.929672968,-1.003228748,11.08739531,9.10503064,6.657556778,2.667032651,9.050893344,10.85931924,13.54567509,26.25348386,45.66697677
5.579755507,12.79591881,6.800093138,7.803605411,5.570240378,-2.647765338,8.580848296,5.672774951,-0.576377502,2.108995659,12.69083606,7.607627824,7.157270908,-0.554977473,1.642621032,8.596848981,8.218054084,29.08230364,44.22166875
9.368476161,16.48130022,14.6550901,15.74947037,10.68722872,-1.93379815,9.662778808,7.286033166,3.077670369,9.748803718,13.8200896,6.649470634,7.52068714,-3.651490398,-6.213343542,5.995915299,3.618485464,30.8376793,43.65854208
13.28688345,18.52561636,20.98174866,21.4686185,15.55229827,-0.82274612,9.770853675,7.226717073,7.687195004,17.97756041,14.18194838,5.57857404,7.429324993,-6.122688711,-11.05548438,2.573370417,-0.51071653,30.22577105,43.02575866
15.39127094,17.51353916,23.90216881,23.18629034,19.05184082,0.082870382,8.998556971,5.957615188,10.77129416,21.10624426,13.57579272,4.21442982,6.691101877,-7.839979955,-11.11903172,-2.080976357,-4.91802379,26.4806288,40.93622896
14.8255711,13.23168412,23.26710307,21.11219289,20.78766457,0.39085924,7.420618163,4.317645888,10.40425482,16.25658066,11.92928709,3.061455041,5.274154293,-8.995766202,-7.462527296,-7.877041074,-10.03012593,20.10268385,36.63407182
12.38392845,6.953613813,20.72870382,17.10161957,21.19324476,0.16005822,5.025293238,2.874894043,6.485259354,5.739368224,9.289794844,2.813294207,3.242890368,-9.828616454,-3.083550496,-14.03079841,-15.3391568,12.83627166,30.71429107
9.904016129,0.756675909,18.58268897,13.23626707,21.03833873,-0.194928361,1.887309613,1.546334793,0.682022064,-4.655718765,5.865204721,3.635153423,0.721959588,-10.34867274,-0.711671399,-19.21835117,-19.48696818,6.82107956,24.91918193
8.919182857,-3.688762466,18.20449983,10.47452142,20.72616024,-0.254581509,-1.609205078,-0.204141835,-4.817455016,-9.996887101,2.111141687,4.909820867,-2.039299,-10.28178322,-0.968887581,-22.03145729,-21.03557544,3.45332745,21.08349056
9.55686873,-6.0318746,19.18531037,8.373478972,19.94491274,0.071327259,-4.7627776,-2.764740386,-8.699587977,-9.610372268,-1.247086005,5.715768025,-4.568319146,-9.275951381,-2.247585789,-21.54555875,-19.38482995,2.719893142,19.95302679
10.49577382,-7.246961875,19.74572312,5.955133834,17.95019633,0.47699218,-6.830905472,-5.882349004,-10.98632619,-6.879843487,-3.368361401,5.636491545,-6.1920174,-7.208474213,-2.2661566,-17.74096301,-15.17010963,3.435102025,20.73734002
10.00346825,-8.781346451,18.07154488,2.852988244,14.25226364,0.500065956,-7.394541554,-8.700029487,-12.34295325,-5.868088005,-3.611659141,5.17001214,-6.276190446,-4.356635399,0.036026431,-11.56388576,-9.859151106,4.159263099,21.73384949
7.268699375,-11.49776333,13.57539283,-0.302122582,9.160624521,-0.125599034,-6.53760189,-10.31818707,-13.02211926,-7.810544568,-1.856679737,5.323111653,-4.59755367,-1.303529458,3.769949444,-4.578809161,-4.869657965,4.104589966,21.56113334
3.035481717,-15.16545188,7.19957982,-2.587538361,3.749840635,-1.269603664,-4.74179864,-10.45151387,-12.51242542,-10.48161074,1.365884499,6.683567773,-1.60817757,1.348201472,6.993042888,1.623753069,-0.869156817,3.396820048,20.08558966
-0.909213618,-18.80062229,0.622872683,-3.927163121,-0.739273653,-2.490374843,-2.637756508,-9.676877247,-10.26160143,-10.8153958,5.026088331,8.756375849,1.637179684,3.248309762,8.34164773,5.965080983,2.272169279,2.598942984,18.38030968
-2.975534977,-21.51374196,-4.965910058,-5.57998218,-3.618046745,-3.31809017,-0.825848617,-9.083534068,-6.786217321,-8.281088835,7.954866179,10.18078279,3.920705578,4.382061549,7.987625187,8.105217884,4.958712118,1.984797749,17.81549568
-2.799453333,-23.17831266,-9.600421473,-9.410272515,-5.065064688,-3.512870121,0.166287124,-9.585413366,-4.017627776,-5.873555491,9.233134149,9.725187088,4.440490009,4.948376761,7.192332593,8.308147987,7.310476751,1.21565954,19.03627607
-1.328996584,-24.42939944,-14.27774875,-16.41012434,-5.836582385,-3.123810179,-0.08926732,-11.38599906,-4.321210335,-7.718781354,8.44665868,7.280602116,3.178446744,5.165543187,6.980824596,7.122224768,9.075035122,-0.298981237,21.61591107
0.017896337,-26.04761742,-19.96908601,-25.64099998,-6.626406676,-2.348855253,-1.773581694,-13.93941034,-8.793271728,-15.32798666,5.746026805,4.024196236,0.825210375,5.160237632,7.181643054,5.133729678,10.04813525,-2.674510363,24.57556031
0.421875825,-28.24939122,-26.67230906,-34.51056507,-7.564771222,-1.347138775,-4.601238887,-16.3670179,-16.17662729,-25.80354841,1.751632677,1.574929827,-1.680362866,4.990920572,6.68032605,2.925258174,10.54446802,-5.112986261,27.24520417
0.143272281,-30.44369558,-33.192936,-40.27473808,-8.198364718,-0.167258106,-7.755918517,-17.97635961,-23.3623952,-33.67928654,-2.619346589,0.793806025,-3.681995512,4.728186601,4.612005885,1.148203086,11.37990429,-6.20546535,29.69762495
0.113080307,-31.62990461,-37.77323551,-41.67382713,-7.906648354,1.167294808,-10.16301253,-18.51371779,-27.22191644,-34.95581831,-6.348314722,1.199733188,-5.055424328,4.476311587,1.37741084,0.49769596,13.2493216,-4.839163123,32.40197151
1.031629233,-31.11867098,-39.09181695,-39.48108543,-6.397441398,2.517940726,-11.00527985,-18.04067571,-26.44267378,-29.97089325,-8.510223804,1.49249777,-6.039668314,4.297183836,-1.46316012,1.47404311,15.95679556,-1.065126992,35.44446905
2.715205053,-29.03108319,-36.9511867,-35.58705718,-3.914897417,3.583764187,-10.12873475,-16.62992191,-22.02712046,-22.7024868,-8.455071599,0.769596638,-6.823761755,4.110327039,-2.355401848,4.049252719,18.17671806,3.74200829,38.04929094
4.183619869,-26.21905837,-32.25375104,-31.39407335,-1.056936641,4.012296673,-8.015347715,-14.18880536,-16.17921464,-17.13671331,-5.952519098,-0.567786106,-7.238786718,3.682814023,-0.970909998,7.516393424,18.07353446,7.609115735,38.88029278
4.382034157,-23.68623725,-26.37890425,-26.82499352,1.599515017,3.599137345,-5.336533664,-10.57523026,-10.5691448,-13.84503625,-1.268855809,-1.003060679,-6.814571609,2.752292452,1.573167373,10.71861143,14.44114007,9.110211304,36.93674455
2.962728171,-21.94143311,-20.43492952,-20.72824046,3.764879786,2.432740433,-2.463968507,-5.905965168,-5.388063431,-9.742862795,4.848524436,0.90538315,-5.169723713,1.208859231,3.673781837,12.57531302,7.575479061,8.157196171,32.34158134
0.555354159,-20.740453,-14.85273782,-12.3081542,5.440248961,0.880518368,0.638823275,-0.785253755,0.143582995,-1.274456849,11.29343321,5.254079622,-2.431481237,-0.796956492,4.537564063,12.57371685,-0.759713597,5.908990418,26.38837751
-1.623865527,-19.37384624,-9.484133874,-2.360030966,6.74183951,-0.573410108,4.06251078,3.774628357,6.409394651,11.69825938,16.83414141,10.4746906,0.662960783,-2.900075822,4.694466285,10.89772166,-8.271219943,3.893440904,20.79851585
-2.492634774,-17.26914455,-4.022172047,6.766788609,7.752685005,-1.532696486,7.493958346,6.753092225,12.46682095,24.70738992,20.43674018,14.27617826,3.108220826,-4.68334052,5.31393563,8.138250364,-13.33179741,2.974304237,16.75232542
-1.64151184,-14.47179234,1.593124273,12.53093584,8.527975533,-1.81894769,10.14167399,7.624180931,16.41925216,31.39961112,21.60159955,15.17659846,4.208683585,-5.838996386,6.96115253,4.849586273,-15.63453559,2.869016674,14.40137271
0.611329367,-11.67674425,7.028805277,13.86205787,9.196945605,-1.47932473,11.20220725,6.656773117,16.79832149,28.1319967,20.57006445,13.48015037,3.993205915,-6.232605534,8.912487617,1.311993775,-15.94801049,2.499382461,13.1507496
3.568634527,-9.808633041,11.6986088,11.83766394,9.996008391,-0.706240742,10.50941827,4.809227488,13.78093532,16.8195965,18.24981764,10.96939722,3.163347004,-5.86690128,9.648598641,-2.351710821,-15.28192377,0.861571799,12.38724926
6.576072354,-9.457211939,15.03753248,8.847148722,11.13346066,0.260104068,8.778562969,3.244631153,9.197633041,3.773664486,15.81490774,9.558590682,2.595691745,-4.819736989,8.109897345,-5.890990091,-14.14765644,-2.234862111,12.0238305
9.229100031,-10.55672759,16.72453861,6.888605726,12.56184512,1.198550364,7.155594544,2.715390785,5.297801567,-4.567093708,14.13507321,9.930902072,2.738792874,-3.222562907,4.637293406,-8.812274063,-12.42120464,-6.064312586,12.45229437
11.31677919,-12.50756583,16.75186972,6.294411295,13.85669258,1.940770259,6.380247216,3.157872161,3.252684701,-5.739385145,13.34933326,11.16599252,3.32697107,-1.272057832,0.798111462,-10.60156377,-9.778649707,-9.531933173,14.02239414
12.67025289,-14.61839299,15.3576785,5.80740433,14.35245991,2.393036996,6.246339422,3.741768685,2.556862151,-2.206556702,12.87043401,11.5869437,3.61182689,0.789175413,-1.743457844,-11.11008591,-6.233820569,-11.91823885,16.54631228
13.11324382,-16.52556469,12.90854421,3.852603484,13.49764464,2.555468583,5.836621271,3.373058192,1.722522234,1.239371421,11.85423262,10.13336132,2.943196091,2.761357361,-2.351462791,-10.73179315,-2.30077037,-13.26445549,19.26827547
12.57161466,-18.27985859,9.813458115,-0.059951172,11.21195882,2.524873642,4.36626169,1.379397191,-0.375188969,1.314848402,9.840189045,7.2054175,1.279863837,4.596220769,-1.622865703,-10.15086564,1.315050516,-14.14825088,21.32720015
11.23543072,-20.05264548,6.497075597,-4.89835523,8.004681453,2.462677809,1.933616292,-2.027359174,-3.593274921,-1.678189788,7.114634324,4.370173357,-0.74015911,6.416544394,-0.583460496,-9.818851973,4.180328313,-15.06866199,22.33862529
9.616454226,-21.71212615,3.404102346,-8.904847741,4.767075853,2.530594288,-0.472544571,-5.810866062,-6.69652197,-4.836045231,4.520642718,3.199574732,-2.223240982,8.381983014,0.339775902,-9.594386906,6.338414106,-15.9369926,22.64920196
8.426771465,-22.63213827,0.984085701,-10.89941587,2.367024164,2.822912175,-1.741571126,-8.68025518,-8.346331407,-5.478118708,2.843795456,4.136501112,-2.635015295,10.46645346,1.625492611,-8.877930827,8.108492861,-16.06344167,23.09507797
8.33226071,-21.93159947,-0.374663353,-11.01288111,1.291966775,3.329698242,-1.549252401,-9.824341314,-8.046025853,-3.330131393,2.241039943,6.209608498,-2.166079671,12.31834584,3.977090545,-7.160261599,9.699699132,-14.63811301,24.46770017
9.704828567,-19.01816422,-0.449038576,-10.30951054,1.52917792,3.9447455,-0.631370757,-9.336792759,-6.347153836,-0.438753261,2.168395034,7.74573369,-1.587599395,13.34990094,7.293549694,-4.529989796,10.99899864,-11.33637089,27.06161283
12.47677731,-14.06688536,0.727966597,-9.707436939,2.697363165,4.505013272,-0.172455463,-8.051710375,-4.302302768,0.772914196,1.881225259,7.504120795,-1.701266419,13.04257944,10.26952392,-1.693849878,11.69977337,-6.605845947,30.55553263
16.13399835,-8.089618541,2.845779907,-9.167308189,4.28848768,4.837944573,-0.808043944,-6.911987563,-2.724101221,-0.528023296,1.114263999,5.416726489,-2.773433767,11.27856981,11.08024539,0.529151145,11.61245447,-1.452016665,34.2107844
19.83439661,-2.528415662,5.388668266,-7.845428471,5.851189605,4.803938363,-2.07156258,-6.3250618,-1.829067284,-3.170761058,0.378557867,2.489973716,-4.344284979,8.462723312,8.678727678,1.815742272,10.84277545,3.086262354,37.19042967
22.62366577,1.371945598,7.778438561,-5.052003731,7.045713329,4.336095243,-2.747113925,-5.96852449,-1.394802765,-5.186964262,0.600555134,0.064689236,-5.52628168,5.335997214,3.692854792,2.518989773,9.670970861,6.382592296,38.81635923
23.71350961,3.029963773,9.531113461,-1.149253628,7.626922559,3.478270004,-1.832494427,-5.168861886,-1.112378234,-5.369632899,2.362356159,-0.961688248,-5.561395583,2.603444297,-1.793867249,3.25593929,8.26666202,8.316962843,38.71303181
22.75663021,2.598498494,10.3719054,2.438645501,7.458176429,2.404927058,0.681695366,-3.538394869,-0.762608273,-3.852629526,5.348724116,-0.441196581,-4.246551256,0.632543615,-5.428197762,4.264266056,6.540513467,9.052692357,36.88050074
20.01048337,0.696017288,10.27818687,4.184795948,6.593718625,1.393572524,3.8333651,-1.358826659,-0.153435384,-1.457924633,8.465228972,1.249634025,-1.967321976,-0.587045799,-5.881107845,5.111738308,4.304774722,8.765773288,33.72030042
16.28024747,-1.952530471,9.4468514,3.636560406,5.357854418,0.735213451,6.44077862,0.592416056,0.943320738,1.311897494,10.55787328,3.620266903,0.614908223,-1.241849182,-3.393872488,5.042609456,1.606956208,7.570009698,29.96662892
12.61199203,-4.747853175,8.197416222,1.836020318,4.301394178,0.609646404,7.918237199,1.623193787,2.639568612,4.580434499,11.16921805,6.268611049,2.939390445,-1.454264141,0.63520268,3.670119596,-1.096645421,5.641966382,26.46738085
9.847918981,-7.289152109,6.834425317,0.5898839,3.98457953,0.991354016,8.486280653,1.631342852,4.647535116,8.469131682,10.72710107,8.775595805,4.708867353,-1.212432129,4.536149134,1.383912771,-3.149246433,3.33077627,23.8565368
8.269513195,-9.395621053,5.516185629,1.113862664,4.676670052,1.652449734,8.675512369,1.113871269,6.190311474,12.26673463,10.02701505,10.53058182,5.784817949,-0.506164328,7.048126451,-0.938887939,-4.163739099,1.049623252,22.28212288
7.545972992,-11.15102615,4.201892849,3.092892504,6.163036923,2.279695936,8.645940611,0.678706496,6.329651038,14.33767244,9.459239725,10.80169772,6.001563732,0.494010119,7.500376696,-2.713721636,-4.361843077,-1.016992471,21.37744701
7.047607092,-12.90175379,2.7381653,4.894441523,7.8178196,2.649891554,7.974149899,0.482855682,4.556612255,13.01502246,8.648844411,9.11830393,5.137954553,1.425125781,5.709316899,-4.235476914,-4.444731115,-3.117245679,20.53719111
6.355647745,-15.0741854,1.070321658,4.786367692,8.937612928,2.761301635,6.101131753,0.092859004,1.194713663,7.805654626,6.825798693,5.692597703,3.110267901,1.946755032,1.954233907,-6.491723101,-5.025797635,-5.779211834,19.36105508
5.647333611,-17.80964059,-0.547892181,2.241234922,9.146395255,2.835046639,3.010466657,-1.091130208,-2.743769896,-0.072283695,3.610208858,1.487781984,0.207813008,2.020930527,-2.906548638,-10.26045613,-6.04277435,-9.318136341,18.00000052
5.677175982,-20.64784024,-1.530284936,-1.647005813,8.611092271,3.175265821,-0.517628716,-3.197442584,-6.178379274,-8.259652443,-0.477680196,-2.229721773,-2.892865895,2.002671029,-7.483091571,-15.19645544,-6.637864477,-13.35619541,17.17953968
7.313638001,-22.57909815,-1.223653011,-4.92156847,7.915363307,3.965274055,-3.35718953,-5.590595344,-8.590604937,-14.50216784,-4.257567557,-4.606152812,-5.435473056,2.418902525,-10.35311985,-19.69610697,-5.663901373,-16.78354641,17.85781878
10.88907258,-22.57382516,0.639836127,-6.102440746,7.663135738,5.121715864,-4.837219168,-7.219448155,-10.18657514,-17.68240163,-6.714216213,-5.680001938,-7.026611548,3.572958506,-10.85520163,-21.74550761,-2.488356376,-18.29293009,20.68638861
15.78119627,-20.30140361,3.599865763,-5.114660209,8.069521943,6.298679203,-5.206350219,-7.368049099,-11.50666437,-18.02273588,-7.719758609,-6.246222867,-7.865562554,5.280307774,-9.570386035,-20.16498059,2.485938892,-17.16073278,25.55513684
20.53717505,-16.50314362,6.536516471,-3.1771166,8.809680241,7.044963067,-5.346506727,-6.213770724,-12.8468067,-16.52391296,-8.021058683,-7.16409181,-8.537789911,6.962587293,-7.947685738,-15.32491763,7.970734011,-13.70647837,31.46523034
23.51874216,-12.65533406,8.206002107,-1.83141278,9.220797852,7.02454778,-5.9608146,-4.724667548,-13.97876546,-14.19242059,-8.4723414,-8.595573053,-9.485378129,8.047692683,-7.172354079,-8.817329802,12.50263848,-9.071266052,36.81496241
23.69657906,-10.08156709,7.945477703,-1.901081147,8.710975102,6.171679946,-6.916340966,-3.949887552,-14.36441967,-11.58507539,-9.15606922,-9.746381778,-10.55130669,8.36660198,-7.099409653,-2.391690522,15.19215663,-4.47625253,39.98470301
21.09994666,-9.14694476,6.059659262,-3.136534338,7.094976873,4.693759839,-7.300791987,-4.248894235,-13.63055406,-8.82342601,-9.175041991,-9.34156454,-10.98018789,8.223236721,-6.200210931,2.98362247,15.98948334,-0.536721462,39.95949148
16.64122991,-9.168169276,3.569779388,-4.699229762,4.646385054,2.932274477,-6.159325744,-5.059556319,-11.88335498,-5.895099934,-7.366934528,-6.538427876,-9.929183334,8.071401973,-2.762672657,7.248340063,15.35027802,2.841443621,36.70065975
11.45800098,-9.13880098,1.456882018,-5.980855102,1.872332004,1.181873111,-3.316404256,-5.373642006,-9.63158923,-2.982454593,-3.409739825,-1.647288528,-7.141495533,8.063252001,3.463172978,10.61793249,13.66359762,5.949145222,31.09501069
6.253437805,-8.696976613,-0.058643223,-7.055858399,-0.78653464,-0.41038445,0.376658861,-4.525312273,-7.445556384,-0.649836984,1.593217678,3.858009512,-3.278994352,7.862176159,10.50393194,12.89841756,10.96747126,8.645379856,24.52683125
1.112330457,-8.517656794,-1.633188813,-8.443788132,-3.101069605,-1.807038043,3.55741954,-2.66529415,-5.669470488,0.210664881,5.596484584,8.077781694,0.3618561,6.916116042,15.08527466,13.45635508,7.19553177,10.22504475,18.32129226
-4.094885967,-9.744677272,-4.172750011,-10.46236836,-4.969477054,-2.951959355,5.21913078,-0.573543464,-4.383166459,-1.24898327,6.875688974,9.703522355,2.577415052,5.006226064,14.76978908,11.90419306,2.707551137,9.965520997,13.36709312
-9.076308698,-12.87824422,-7.911598861,-12.77728978,-6.234723931,-3.673912159,5.273893056,0.988334322,-3.537532756,-5.193401248,5.146639613,8.667930552,2.925597695,2.625398121,9.804981633,8.841855776,-1.430659575,7.907559447,10.08510977
-12.8201959,-17.04618746,-11.93101389,-14.55313777,-6.61585163,-3.725203879,4.440502084,1.827334638,-3.052693922,-10.52965355,1.703349778,6.045763533,1.879467955,0.827920685,3.236043821,5.856932533,-3.786306296,5.144629619,8.651461795
-13.97256917,-20.35084445,-14.57204956,-15.07754167,-5.854663115,-2.953022422,3.625658796,2.33622874,-2.786302294,-14.94290645,-1.5134753,3.325224658,0.392212694,0.582386829,-0.96326575,4.58238356,-3.385119799,3.236810244,9.196599149
-11.7027509,-21.14071717,-14.52529595,-14.32452091,-3.970232792,-1.482894903,3.314804365,3.017922238,-2.492119409,-15.880153,-3.19592256,1.551121181,-0.777752373,2.061906944,-0.518328969,5.451121937,-0.454097751,3.086037833,11.74489142
-6.441565512,-19.27328369,-11.82516421,-12.9768971,-1.388590509,0.243052047,3.395539257,3.97045542,-1.938066432,-12.14129952,-3.348655466,0.856347522,-1.492427163,4.399208365,3.59977394,7.145269641,3.499509005,4.119838724,15.91796367
0.10308436,-16.36850655,-7.986893374,-11.8841683,1.209090725,1.644095632,3.43652739,4.789248709,-1.161489773,-5.045433257,-2.941708688,0.581127827,-2.153302641,6.127683683,7.813205147,7.27546703,6.409359244,4.4801978,20.69614579
5.761528699,-14.79373927,-5.126256494,-11.40327247,3.250978302,2.308179151,3.100739449,4.952400733,-0.607819889,1.884092467,-2.930930503,-0.208249333,-3.25670677,6.040672785,8.312497553,3.890422881,6.736044739,2.18135547,24.57119712
9.049728102,-16.09685006,-4.651195611,-11.16401377,4.592433404,2.227260077,2.348791029,4.324006505,-0.907188442,4.868032906,-3.490735808,-2.174543356,-4.97409652,3.895806989,3.506725738,-3.237704532,4.218543734,-3.548584315,26.15484996
9.88439258,-20.03274718,-6.435436301,-10.44506828,5.538935511,1.78535073,1.346663811,3.315911975,-2.350487452,2.322953065,-4.040094422,-5.41315253,-7.060864098,0.500757516,-5.093745156,-12.44833368,-0.164759792,-11.69115371,24.91865509
9.394775533,-24.86094638,-9.024746991,-8.838560979,6.543661258,1.486669337,0.263788816,2.562473989,-4.469804169,-3.932261437,-3.925832581,-9.439896267,-9.085047665,-2.841590682,-14.01521869,-21.20336106,-4.919429238,-20.01331929,21.55252631
9.003870402,-28.6079943,-10.66558356,-6.641329365,7.805471208,1.600094848,-0.804598005,2.399472301,-6.151499988,-9.750518596,-3.08180709,-13.33861294,-10.70936955,-5.109884939,-20.00755097,-27.48423617,-8.884046788,-26.33799838,17.63399818
9.461881699,-30.2847687,-10.37389881,-4.636730691,9.078576859,1.968424866,-1.737336531,2.6105519,-6.316570166,-11.39166948,-2.059938534,-15.96414253,-11.76859846,-6.029601443,-21.70671542,-30.59544845,-11.63367041,-29.58964811,14.77695044
10.50583348,-30.17832448,-8.309802993,-3.438120986,9.843685454,2.122704345,-2.263536383,2.665127217,-4.694599647,-7.968444626,-1.432694643,-16.20893563,-12.12581727,-5.972099214,-19.79095681,-30.96371106,-13.27391,-29.9601664,13.81459834
11.30804247,-29.15756984,-5.321882747,-2.939725278,9.70608884,1.62431523,-2.001852337,2.236640309,-2.057477705,-1.787309711,-1.150631074,-13.37675547,-11.52769377,-5.470447472,-15.8719481,-29.33851497,-13.94704903,-28.28003122,14.54908971
11.27003988,-27.73497485,-2.171116038,-2.354039106,8.706283556,0.390391065,-0.687517358,1.543326662,0.333780762,3.629814319,-0.48788557,-7.590568062,-9.68589136,-4.788971015,-11.2269406,-26.18681825,-13.54954314,-25.26903853,16.16918753
10.49099732,-25.74702938,0.878341598,-0.852910586,7.298749426,-1.230551952,1.582052024,1.208725678,1.666078515,6.231378752,1.317691197,-8.37E-05,-6.580300987,-3.873098341,-6.364726623,-21.75754913,-11.90977712,-21.31138715,17.935957
9.554619036,-22.88770601,3.817156054,1.664213759,6.018158844,-2.681616684,4.295432646,1.756229568,2.135959353,6.677329856,4.261771729,7.458568682,-2.724435345,-2.647741914,-1.536106606,-16.60130065,-9.226319099,-16.82402542,19.57103543
8.864488607,-19.52372327,6.326507586,4.284038816,5.097053332,-3.549758807,6.737702077,3.166196207,2.65646812,7.215804859,7.328468996,12.77272889,0.899751142,-1.332749309,2.549354303,-11.89077678,-6.304861436,-12.69825938,21.08747103
8.134348964,-16.94446294,7.515469662,5.54429243,4.330227593,-3.791576101,8.33115926,4.866953368,3.944496911,9.276132377,9.084904444,14.71770862,3.286963608,-0.445596655,4.651769977,-9.071558973,-4.278914159,-10.21607184,22.31822483
6.507356895,-16.68658723,6.318152316,4.362102991,3.279678218,-3.685294466,8.884988677,6.159919484,5.771565362,11.93563907,8.694882866,13.38020492,3.958043699,-0.449634697,3.765909736,-8.998921854,-3.935257437,-10.33750167,22.67748932
3.255224616,-19.39468985,2.31782264,0.787181819,1.647946173,-3.574453543,8.614113511,6.719006677,7.050253938,12.63521233,6.557102126,10.00436787,3.213271044,-1.330257134,0.09365176,-11.22740546,-5.12903631,-12.88036895,21.48408005
-1.476185112,-24.12433504,-3.646652196,-3.942344182,-0.470091617,-3.6166944,7.954226954,6.759706131,6.723580808,9.532453532,4.04800919,6.249416403,1.887370758,-2.4677517,-4.66837579,-14.07132347,-6.759107941,-16.3096239,18.65001182
-6.467241485,-28.68361923,-9.624149489,-8.07388246,-2.63273642,-3.722211881,7.314709895,6.767069228,4.716014646,3.407749817,2.551697059,3.336290303,0.777763507,-2.952806289,-8.104981168,-15.48578461,-7.380260893,-18.43121989,15.14344707
-9.960562604,-30.81020818,-13.43247648,-10.28219804,-4.330565303,-3.695584487,6.906088008,7.038863891,2.112052095,-2.622057463,2.515123194,1.613991113,0.164671958,-2.142696708,-8.450488695,-14.19952237,-6.059438826,-17.58615384,12.73136971
-10.58508542,-29.35944814,-13.72826298,-10.27305237,-5.269670106,-3.430177271,6.694826275,7.428308937,0.35694378,-5.440132959,3.229818629,0.745867164,-0.240703867,-0.065742882,-5.594555284,-10.35544669,-2.903040991,-13.54153696,13.04549042
-8.062324267,-24.72721558,-10.59896025,-8.725611895,-5.46063018,-2.981554401,6.462747923,7.471230995,0.106136363,-4.367053197,3.45681773,0.25726037,-0.927598973,2.602725642,-1.039941671,-5.294638723,1.0732628,-7.500081933,16.56853764
-3.279968036,-18.36261565,-5.371899344,-6.720734203,-5.094962721,-2.474618525,5.926573024,6.751972459,0.676186637,-1.611458015,2.366200256,-0.041481577,-2.126786466,4.949210821,3.093998714,-0.723730982,4.58882276,-1.301936543,22.25196034
2.226823685,-11.88396414,0.136556105,-5.105926836,-4.356020873,-1.957566947,4.882266143,5.192890041,0.578915426,-0.326437391,0.070636974,-0.067451626,-3.632041808,6.306090834,5.271729931,2.136856798,6.777884652,3.559762844,28.04519111
6.988459843,-6.469675564,4.415550806,-4.192216495,-3.328865769,-1.360926566,3.336288209,3.069216234,-1.264027384,-1.921459323,-2.584276112,0.192611803,-5.010385689,6.490621574,5.155238721,2.939669133,7.468347672,6.461201938,31.97490075
10.08813696,-2.798011326,6.688854586,-3.860007749,-2.051043824,-0.612606236,1.567415825,0.815774194,-4.590308045,-4.92488395,-4.70064975,0.413106113,-5.975986663,5.707059722,3.382633207,2.06411865,6.975941178,7.516552348,33.05730869
11.26287244,-1.276826092,6.911189006,-3.850060113,-0.610402336,0.200433613,0.066403874,-1.152508497,-7.886935473,-6.354073501,-5.880339363,0.057592127,-6.581422793,4.2819525,0.896793363,0.219656652,5.693820716,7.118580606,31.51268921
10.74321233,-2.124157717,5.532232319,-3.956217141,0.82979224,0.796433537,-0.64545383,-2.468807096,-9.420388039,-4.385891354,-6.243673571,-1.156205592,-7.065614748,2.484946506,-1.574131012,-1.878812076,3.848761764,5.628940524,28.29672772
9.048134017,-5.148873789,3.248733232,-4.016927987,2.104523805,0.861423519,-0.239927873,-2.76745033,-8.399117848,-0.010491744,-6.017661105,-2.864614988,-7.518902625,0.546688301,-3.588801884,-3.650502135,1.574679647,3.414851921,24.41977423
6.840763927,-9.506596304,0.815176238,-3.825467631,3.135276565,0.300395728,1.269369141,-1.745923073,-5.407754015,3.745440394,-5.160832514,-4.143404993,-7.6970509,-1.228896816,-4.805221165,-4.699699928,-0.860357316,1.027631412,20.55644853
4.804004342,-13.82745256,-1.131034678,-3.139577181,3.932696113,-0.635024768,3.529452519,0.60180033,-1.875356179,4.324810926,-3.409569203,-4.092347758,-7.185519494,-2.448180492,-4.923882473,-4.892958775,-2.969237373,-0.817937091,17.093231
3.471980953,-16.79786439,-2.240821876,-1.835589641,4.504778346,-1.475998849,5.988086106,3.755416623,0.912116456,1.700371683,-0.700201609,-2.496230636,-5.795677701,-2.786010419,-3.915285507,-4.438448489,-4.246396595,-1.5694746,14.36677946
3.054612657,-17.82694115,-2.530743383,-0.07065384,4.766090189,-1.85087107,8.090307507,6.720066353,2.483107898,-1.746086198,2.460060129,-0.020509485,-3.845737057,-2.201124455,-2.278215406,-3.835807901,-4.51070525,-1.217803533,12.74592658
3.381205516,-17.27954608,-2.268530037,1.725330474,4.553635468,-1.749274026,9.449816092,8.46424767,3.142485594,-3.325558838,5.08865018,2.26334651,-2.047440866,-1.002418724,-0.927198349,-3.626938193,-4.087521802,-0.361631389,12.44755156
4.043252141,-16.07723112,-1.70874295,3.063936821,3.755784106,-1.523666301,9.957744512,8.515308066,3.456816099,-2.218320169,6.306192309,3.688895302,-1.038919269,0.329897546,-0.603759031,-4.060232856,-3.637335458,0.172333812,13.29217488
4.661153396,-14.98438483,-0.879679362,3.662967361,2.445765925,-1.616931354,9.820416363,7.283781201,3.810087279,0.164738549,5.973210103,4.508389368,-0.911445622,1.447567576,-1.200744067,-4.90113687,-3.726092996,-0.10672113,14.69451638
5.083331123,-14.150089,0.381872786,3.552623308,0.893784026,-2.223650631,9.507040667,5.829314427,4.358778023,1.839654807,4.860631302,5.678527907,-1.112376895,2.315556115,-1.612581199,-5.549756997,-4.451910839,-1.044937869,15.97263954
5.373115561,-13.23844885,2.158956972,2.957537078,-0.565295131,-3.148634576,9.578764848,5.186823479,5.242764384,2.306985899,4.169864524,8.052328669,-0.828771916,3.11396405,-0.407038287,-5.409054426,-5.40891296,-2.029558787,16.7548862
5.619629186,-11.96447408,4.194700485,2.098274293,-1.701370352,-3.969190249,10.41942982,5.722002221,6.665111924,3.063496066,4.727438245,11.59264407,0.417002599,3.941702374,3.045727179,-4.265311768,-6.010181945,-2.503255375,17.15414784
5.76179333,-10.5180859,5.925104572,1.126403574,-2.45367854,-4.363507282,11.98821581,6.982012341,8.661440507,6.066224367,6.444306126,15.23069083,2.399679707,4.586622344,7.818380244,-2.442143366,-5.920941701,-2.383276744,17.56656321
5.59707588,-9.493874858,6.843815594,0.257424928,-2.845364979,-4.336234092,13.77246433,8.133559316,10.80018894,11.54958657,8.434699026,17.50981858,4.323997195,4.588182198,11.7193235,-0.656019774,-5.284487729,-2.067271775,18.26791982
4.973221516,-9.409802686,6.919150344,-0.071377034,-2.842199356,-4.161639288,15.03824233,8.629431205,12.23421663,17.2405097,9.687574033,17.55504156,5.355716675,3.577229012,12.57466676,0.311395931,-4.5983828,-2.068172435,19.14680239
3.992739867,-10.26352755,6.685462912,0.723333236,-2.298878987,-4.10053039,15.26966173,8.580580171,12.24031867,19.81905252,9.770483819,15.65999595,5.157407819,1.630465201,9.66833062,-0.063008695,-4.363060772,-2.612893941,19.79062918
3.051704572,-11.51662085,6.87825385,2.990289262,-1.046408788,-4.134482893,14.50640898,8.566010779,10.87731481,17.49336439,9.040185882,13.07319811,4.047431653,-0.66334033,4.308437155,-1.854534866,-4.769042981,-3.521908649,19.84560167
2.687961905,-12.48949772,7.88426255,6.41165626,0.969577493,-3.945972436,13.30898409,9.074454959,9.157428875,11.54724175,8.23136522,11.16030404,2.694526993,-2.516587739,-0.942533931,-4.67299826,-5.619561533,-4.406829803,19.35895208
3.375798698,-12.78589945,9.474030564,9.935120398,3.643927947,-3.169405042,12.33639313,10.05990775,8.440451358,5.556927462,7.77836554,10.55735912,1.603158817,-3.427007526,-3.889797758,-7.804447351,-6.487872364,-4.955223042,18.84590189
5.416542681,-12.38211093,11.06824208,12.28030938,6.807838315,-1.714065961,11.83522932,10.9768834,9.408287601,2.910666889,7.421359703,10.89243991,0.779252678,-3.478426363,-4.072096042,-10.48483901,-6.954714685,-5.05184756,19.04752317
8.932941133,-11.37922813,12.31749436,12.76429426,10.35260325,0.101747455,11.44788746,11.24843609,11.40617114,4.612381373,6.414852657,11.20190215,-0.193175147,-3.232680087,-2.932955576,-12.23355324,-6.767504895,-4.697599877,20.5558806
13.83750694,-9.760493703,13.45958045,11.83867303,14.20945111,1.718015903,10.52583383,10.76035769,12.7387129,8.990429408,4.180942105,10.67277124,-1.748813156,-3.291311429,-2.704450563,-13.09098126,-5.873284428,-3.897773147,23.52348046
19.6754906,-7.474994414,15.06900431,10.83649619,18.13938067,2.6788712,8.729932057,9.964346402,11.79676129,13.27116088,0.898671042,9.172371009,-3.92545405,-3.847387648,-4.810071616,-13.5723397,-4.380504124,-2.687127885,27.56242827
25.43673785,-4.796412308,17.34338455,10.98969193,21.50377485,2.899975168,6.439827168,9.509344228,8.22710882,15.52217545,-2.441464598,7.262279174,-6.23752198,-4.543900436,-8.895182234,-14.27405835,-2.515564906,-1.258774777,31.81532127
29.59504843,-2.549184971,19.53753366,12.3929505,23.28939354,2.668138613,4.613766152,9.714414151,3.288088807,15.44279853,-4.593251519,5.800776893,-7.916853417,-4.719973015,-13.10202143,-15.32669217,-0.581338041,0.006496605,35.15007998
30.56248834,-1.831455902,20.12666989,13.74263617,22.51610151,2.391005886,4.168323256,10.32066721,-0.870987645,13.74567973,-4.838810644,5.485874127,-8.342276842,-3.849922396,-15.31147412,-16.08915468,1.114330479,0.75114202,36.46454377
27.43279717,-3.309260675,17.72368233,13.17037561,18.84064035,2.294014632,5.343445142,10.71977919,-2.479860265,11.15063964,-3.438646897,6.627219647,-7.369830278,-1.86963521,-14.43834567,-15.40562139,2.359082153,0.97269107,35.0742991
20.57254693,-6.619198122,12.12326266,9.651101057,12.93784355,2.280881015,7.547437968,10.46132145,-1.075964373,8.114863936,-1.416506842,9.17971677,-5.368997558,0.798984338,-10.92329346,-12.37091861,3.099712348,1.156770073,31.05603663
11.60037761,-10.44497734,4.652579874,3.942798536,6.316058339,2.034785713,9.799853776,9.61890935,2.478695519,5.370783348,0.174137865,12.87503164,-2.978468636,3.487705625,-6.212722089,-7.120784429,3.395403137,1.985189756,25.32649037
2.659379056,-13.33761507,-2.52002284,-1.72789045,0.597239014,1.261923124,11.41155593,8.720566286,6.751695434,4.291165191,0.974732006,17.29817668,-0.765942959,5.592044677,-1.73745979,-1.040874106,3.271609834,3.748401249,19.30333934
-4.605312429,-14.71867512,-7.672527621,-5.110175285,-3.301060727,-0.100079058,12.35902288,8.307219387,10.60345443,6.187462529,1.505616338,21.90884845,0.993434241,6.769631406,1.831783245,3.860720466,2.595029365,5.907719409,14.24830453
-9.701554678,-15.28897671,-10.48300636,-5.485925254,-5.530153322,-1.829471879,13.07809908,8.478095449,13.54712671,10.85036406,2.661513203,26.11302686,2.313127175,6.973555669,4.599885902,6.062580325,1.109119594,7.21944919,10.6645909
-13.1525102,-16.48600835,-11.95266937,-4.158214922,-6.966869526,-3.520525939,13.89384241,8.782047255,15.50270424,15.75684744,4.876058672,29.43473507,3.315627612,6.383422546,6.889713938,5.364443122,-1.347823159,6.42646894,8.162401521
-15.71371919,-19.37455615,-13.38666946,-3.443941462,-8.415351648,-4.747881177,14.60059659,8.53456441,16.34667704,17.15639808,7.5766935,31.68871597,4.029243983,5.314660806,8.672760521,2.848814258,-4.590060003,3.058071466,5.919285015
-17.56729262,-23.81027423,-15.24287213,-4.877394524,-9.942820252,-5.207524566,14.56037802,7.314286373,15.74813054,12.68459284,9.371620937,32.98715412,4.307041953,4.129966785,9.472163702,0.008718429,-8.015435546,-2.246133507,3.426154573
-18.11705681,-28.50304396,-16.74414898,-7.97580532,-10.83827806,-4.800433894,13.23090612,5.272495209,13.43832643,3.570537326,8.898461253,33.52750709,3.917295095,3.134327647,8.777978448,-2.2869716,-10.82510786,-8.127406865,0.967798123
-16.52839335,-31.89819576,-16.53400126,-10.53890702,-10.2140915,-3.66366027,10.66502965,3.048704662,9.628661218,-5.55879533,5.776486292,33.31788723,2.736059409,2.460533116,6.585260492,-4.203176994,-12.41499811,-13.30675785,-0.537896606
-12.56915583,-33.17182939,-13.83272143,-10.3020513,-7.785730518,-2.148057329,7.556413137,1.380895689,5.153528986,-9.531845918,0.995750643,32.0990988,0.904828497,2.009693675,3.582299152,-6.447338456,-12.67227844,-17.18638712,-0.231175235
-7.072978278,-32.60081505,-9.172569228,-6.707510232,-4.232812998,-0.72360394,4.802425564,0.699595918,1.16277653,-6.198957486,-3.55879807,29.59120844,-1.161783043,1.51823977,0.813076228,-9.337225842,-11.96702926,-19.84644406,2.000265092
-1.640914876,-31.11754749,-4.140475723,-1.429519607,-0.862202323,0.188425419,2.960454158,0.967380328,-1.423164961,1.999035906,-6.15889529,25.91000722,-2.937276541,0.743084474,-0.944257602,-12.24651626,-10.85615656,-21.54965606,5.376517448
2.219648972,-29.51067559,-0.338526165,2.785311986,1.185170767,0.397207675,2.036862809,1.820285201,-2.296302075,9.738016304,-6.173101659,21.80401973,-4.022542779,-0.350550581,-1.628815829,-13.92592093,-9.729573148,-22.26124009,8.744663099
3.906282869,-27.94699361,1.637553531,4.112676597,1.612677723,0.031330084,1.728295116,2.856925275,-1.737906881,12.53493553,-4.29287075,18.44679791,-4.319332315,-1.54315794,-1.85966562,-13.45595592,-8.651521942,-21.62865069,11.35848295
3.932254372,-26.12924863,2.448850384,2.972995485,1.060794899,-0.543466105,1.831692598,3.85353855,-0.27898543,9.670939642,-1.948234697,16.84651395,-4.034793851,-2.504423302,-2.447117781,-11.04047763,-7.46912474,-19.41524051,13.3146125
3.446368242,-23.82647501,3.352557355,1.665876538,0.580895223,-0.948659822,2.415486299,4.78050736,1.645339773,4.202974849,-0.373542721,17.25378883,-3.524067337,-3.019207289,-3.794402989,-7.959385402,-6.037691079,-15.95174055,15.32377437
3.456072617,-21.2310699,5.168256675,2.575571803,0.892945041,-1.018474408,3.600717481,5.659924836,3.794320109,0.314448239,0.015926661,18.99298521,-3.083644606,-3.110989543,-5.581077684,-5.681548319,-4.342010365,-12.14322044,18.02792521
4.29802207,-18.82617277,7.640387648,6.289914582,1.949313348,-0.866234799,5.19052726,6.408730679,5.968308907,0.279588052,-0.43448517,20.85640149,-2.834919434,-2.95610095,-6.912473959,-4.830723828,-2.427243966,-8.967048752,21.42221066
5.647137407,-16.93780019,9.618684361,11.04018073,3.068066209,-0.737057696,6.545485086,6.797733552,7.809104576,3.360693144,-1.190160829,21.79689742,-2.764306218,-2.661558628,-6.823813875,-4.821876886,-0.256772041,-6.860570813,24.83063761
6.939837328,-15.43385669,9.865279049,13.87515519,3.48068676,-0.753172587,6.883303213,6.555944146,8.768676231,7.123603214,-2.076812142,21.44610332,-2.865723637,-2.107180795,-4.836776657,-4.438151327,2.310038228,-5.509459414,27.42265759
7.83520343,-13.86639057,7.890363562,12.69835126,2.873461571,-0.749632857,5.787171624,5.544486857,8.29826753,9.637561029,-3.355607756,20.1343068,-3.252678851,-1.009978867,-1.269248084,-2.855077956,5.354154443,-4.207049911,28.83083145
8.398335706,-11.91381639,4.276379129,7.694975174,1.55798731,-0.341791167,3.501844203,3.882509123,6.135295018,10.56352967,-5.309677917,18.47291938,-4.130718802,0.819037773,2.847481405,-0.271820662,8.688784197,-2.464673457,29.37642752
8.951935833,-9.691769938,0.358519885,1.17909367,0.204817445,0.803134327,0.77152654,1.943920848,2.511939672,10.48395814,-7.749525497,16.87567949,-5.630287434,3.231635259,6.194421067,2.339469976,11.82849166,-0.349974114,29.7484484
9.770261092,-7.634516697,-2.455397442,-3.927596638,-0.624067351,2.674207153,-1.630301072,0.225213687,-1.820599677,9.595680524,-9.903676656,15.39803354,-7.613604372,5.726567381,7.737633898,4.108702439,14.21444096,1.706368289,30.41515297
10.83465726,-6.070626997,-3.296817903,-5.832676966,-0.809770734,4.813333487,-3.274554838,-0.841140579,-5.757631191,7.378593235,-10.82211837,13.97755003,-9.602569153,7.697658759,7.194533219,4.995777988,15.52778009,3.405098298,31.22715053
11.7640821,-4.922172212,-2.099738012,-4.648386551,-0.681768703,6.484093078,-4.06862982,-1.027275412,-8.146294665,3.652269012,-9.981425658,12.81096138,-10.90401647,8.76407319,5.176376255,5.742585559,15.80757158,4.871957324,31.48352673
11.91327364,-3.850041079,0.504867507,-1.854712612,-0.739371994,7.015793646,-3.960719309,-0.338346202,-8.162392978,-0.217204751,-7.614562809,12.48595203,-10.88563299,8.928756914,2.913445498,7.09009364,15.23973128,6.444960728,30.36628602
10.58599674,-2.73953661,3.51138306,0.928152772,-1.303610646,6.118875544,-2.730011131,1.064815309,-5.658048119,-1.592397617,-4.525696732,13.68709192,-9.264642612,8.451441376,1.655583141,8.932419532,13.79117287,8.141521639,27.40892363
7.316894142,-2.06649795,5.906112189,2.865402129,-2.318097069,4.001837545,-0.145785197,2.977391063,-1.328042014,1.419823653,-1.57407374,16.65051233,-6.26532735,7.560728109,2.021235912,10.14687502,11.05367522,9.330553976,22.7118983
2.157445672,-2.743608552,6.967879761,3.972327377,-3.390986591,1.25471923,3.609342383,5.212181319,3.457327951,7.855013981,0.747837434,20.77105905,-2.571413462,6.26334246,3.639755295,9.292325462,6.53311238,8.998087437,16.85680738
-4.156210034,-5.487079937,6.446736139,4.546424933,-4.018338548,-1.404618984,7.679912717,7.57753764,7.18021579,13.85914468,2.354235838,24.69321525,0.906342628,4.42100496,5.316746127,5.662374945,0.240495499,6.47936062,10.67279969
-10.29771571,-10.18425366,4.588907701,4.654288772,-3.843183084,-3.380325847,10.80419377,9.81681988,8.868497786,15.33942296,3.306930129,26.89811716,3.356472343,2.028145008,5.675335921,-0.111604136,-6.879635111,2.079570222,5.02525527
-14.75545748,-15.79020718,2.00626287,4.156679415,-2.812416855,-4.349336451,12.0336544,11.59766497,8.584871557,11.43502983,3.594379979,26.46406594,4.365686587,-0.561559302,3.934148304,-6.366991513,-13.11365244,-2.97219181,0.673833408
-16.40532865,-20.88141688,-0.555321133,3.146065598,-1.167546867,-4.295082269,11.3921803,12.6042156,7.380203158,5.818854358,3.190440618,23.555403,4.072953363,-2.684650712,0.36754187,-11.39601747,-16.75644381,-7.28371848,-1.854195828
-14.96169355,-24.47904393,-2.448556579,2.241091476,0.702923089,-3.453255201,9.918670856,12.69172976,6.661281251,4.289193884,2.290775067,19.35360695,3.097974041,-3.696873073,-3.841883934,-14.39808759,-17.03779125,-10.23782423,-2.405786318
-11.05447526,-26.55143161,-3.274060621,2.316609367,2.454021161,-2.202855442,8.97007302,11.98631942,7.292645694,10.14362139,1.379574235,15.46756844,2.240827986,-3.352344974,-7.283098873,-15.76286,-14.56509326,-12.39564881,-1.290610254
-5.90391463,-27.87025763,-2.93508232,3.805917139,3.906376766,-0.927943014,9.242753794,10.82662182,8.960873363,20.9305444,0.901013301,13.14356651,2.061147884,-1.952291029,-9.114986419,-16.58245414,-10.95746801,-15.04482894,0.792285729
-0.813074274,-29.38876506,-1.645086515,6.172072419,5.033555126,0.11454711,10.2257631,9.554172686,10.21694355,29.42461246,0.722378188,12.68621237,2.542043249,-0.154335332,-9.486902016,-17.8354163,-7.910980586,-19.2211764,3.010381057
3.223429041,-31.62336749,0.084912099,8.075871086,5.836288956,0.866434293,10.50851742,8.286018999,9.228380349,28.47074053,-0.101491695,13.37348522,3.049050943,1.414129881,-9.324691983,-19.83360473,-6.325441288,-24.91996675,4.714479326
5.643745106,-34.42695124,1.529389779,8.209152128,6.207000393,1.433527854,8.744596847,6.840431543,4.849394014,16.20735343,-2.871066285,13.8897662,2.66237519,2.464640383,-9.635031842,-22.22156669,-6.041007317,-31.03972491,5.639228975
6.260681907,-37.17737602,1.981105783,6.189409806,5.905280451,1.954838631,4.600695781,4.89003885,-2.588364793,-2.296155502,-8.242231196,13.04542747,0.738313016,3.090650375,-10.78919296,-24.36434602,-6.253235165,-36.02618342,5.90403622
5.216167864,-39.11015959,1.115431726,2.822741485,4.692730029,2.459210913,-0.952807095,2.249314106,-11.22910081,-18.29039975,-15.37723762,10.41624987,-2.621104713,3.573235248,-12.2501218,-25.7255452,-6.185189525,-38.67903318,5.88809035
3.037238033,-39.5309449,-0.704373099,-0.474148489,2.55311539,2.819061244,-6.17118487,-0.906902889,-18.46162801,-25.0734144,-21.99355146,6.5789122,-6.502870712,4.140157007,-12.907743,-25.96441291,-5.475940451,-38.5392368,6.120611498
0.676689419,-37.87898308,-2.450497159,-2.641919039,-0.16105991,2.851294999,-9.492043235,-4.058768992,-22.13604522,-21.97239369,-25.48751176,2.8230886,-9.610514372,4.855595934,-11.7922246,-24.80000363,-4.063883198,-35.68719823,7.240655934
-0.664330474,-33.80287091,-2.902279073,-3.592353791,-2.788216271,2.501151711,-10.29882396,-6.591045951,-21.60493623,-13.85085825,-24.50007232,0.493973115,-10.95854733,5.66648977,-8.70531294,-21.90365757,-1.810046798,-30.28180272,9.935991932
0.013206984,-27.35779069,-1.360790574,-4.030911817,-4.623369698,1.963367434,-9.080576583,-8.109430525,-18.02707351,-6.926269861,-19.87068183,0.321470303,-10.41538888,6.492388248,-4.385215581,-17.02163226,1.677350494,-22.34322673,14.73467657
2.996866075,-19.2099146,1.855253875,-4.693373373,-5.240611253,1.621852005,-7.007531775,-8.611539589,-13.73457057,-4.362596615,-14.26309482,2.102296982,-8.75215057,7.24092824,-0.132208001,-10.28157971,6.763496394,-12.0101686,21.66274415
7.649091784,-10.59641309,5.531545524,-5.648632112,-4.671287904,1.818494365,-5.262731667,-8.40946098,-10.96467867,-4.895321173,-10.6379298,4.895911621,-7.16392371,7.747234075,2.84651319,-2.431990697,13.24138424,-0.039270004,29.97918982
12.69337286,-2.919978212,8.295352824,-6.221619557,-3.328423583,2.601065749,-4.506350662,-7.875930683,-10.63847847,-5.034296473,-10.54615974,7.587210178,-6.5682219,7.745630279,3.97359189,5.22549395,20.0011395,11.94279201,38.24959771
16.85138954,2.83194207,9.494841564,-5.558668049,-1.740616832,3.637656125,-4.671968962,-7.196358088,-11.89568476,-2.542231742,-13.33567738,9.452693202,-7.119930849,6.969796825,3.438723769,11.24417252,25.28295597,21.76781365,44.8268479
19.40911723,6.447759064,9.585740734,-3.348490311,-0.284747996,4.380398314,-5.093652579,-6.283202343,-12.6974487,1.801816115,-16.72165633,10.39047528,-8.222969288,5.348835785,1.928177631,14.58051963,27.44842187,27.53367057,48.49937866
20.33554426,8.356046322,9.70856523,-0.131057853,0.908024971,4.384506907,-4.860080273,-4.884514922,-11.17209558,5.333890704,-18.25641416,10.72542875,-8.983330448,3.145167473,0.177547662,14.99027456,25.7970778,28.4234802,48.90489242
19.92416781,9.093922995,10.73367522,3.000815332,1.840799466,3.571465844,-3.266184661,-2.796613464,-6.8829474,6.149159528,-16.70743302,10.80044052,-8.773688728,0.891154642,-1.359857048,13.07417736,20.89696978,25.04411518,46.45444197
18.30082399,8.802498069,12.47422551,5.022796152,2.460455584,2.259396587,-0.208269061,-0.050417598,-1.195877509,4.772917873,-12.54339415,10.69358406,-7.548565435,-0.868029666,-2.565503895,9.97126868,14.23187494,19.10509461,41.87423787
15.23596098,7.156571726,13.67556788,5.450350059,2.568188006,0.94760977,3.660271174,3.016831351,3.521906179,3.505155897,-7.416101014,10.26590837,-5.759937492,-1.852260209,-3.475779223,6.869588034,7.432028311,12.66219076,35.75822023
10.43549672,3.781057937,12.83035405,4.400593662,1.921629801,0.014770032,7.148385982,5.823781425,5.362349132,4.256241196,-3.159712911,9.45650895,-4.004903515,-2.140085199,-4.061825981,4.571056418,1.60258948,7.363155468,28.48841821
4.077600082,-1.19493547,9.257206388,2.358368903,0.459012206,-0.457673633,9.078945807,7.713943485,4.02089421,6.923053239,-0.981055643,8.532644615,-2.686135214,-2.012877445,-4.155097122,3.299454581,-2.86676978,4.04832257,20.54292957
-2.855766543,-6.909422465,3.681603585,-0.056079659,-1.531651121,-0.629999214,8.897644628,8.182855835,0.855289221,9.665317859,-1.188351028,8.041637664,-1.897325252,-1.68383412,-3.568921253,2.813024832,-6.006517393,2.787166091,12.85377375
-8.762046385,-12.06501512,-2.082225829,-2.159793606,-3.45011466,-0.68880046,6.965212357,7.093528895,-2.146538643,10.62222574,-3.358561365,8.465426209,-1.542297156,-1.137045447,-2.305856738,2.72940863,-7.811619898,3.182289278,6.805815697
-12.04656852,-15.54227676,-6.112411051,-3.236809962,-4.641551689,-0.658789931,4.321407305,4.785396491,-3.717706349,9.385818194,-6.641491908,9.838205585,-1.527419885,-0.204659437,-0.669193249,2.855092337,-8.007006847,4.689158045,3.752579829
-11.81438616,-16.89829736,-7.354701821,-2.740350754,-4.734770404,-0.393996352,2.057990752,1.989845728,-4.004172773,6.969459968,-10.01542988,11.63714443,-1.851868751,1.194621627,0.837126602,3.302035566,-6.19710487,6.784854344,4.333199294
-8.225756872,-16.44909041,-5.994358304,-0.681283315,-3.857481695,0.252864639,0.718064888,-0.457135094,-4.148374479,4.548948052,-12.52208208,13.05269504,-2.544819183,2.871634866,1.779763656,4.30283219,-2.261161317,8.97201889,8.068953806
-2.369144289,-14.97028947,-3.101455637,2.092609429,-2.589270338,1.233006448,0.118873684,-1.988062349,-5.177445987,2.387378416,-13.55864596,13.45398121,-3.543030962,4.408758826,2.061999019,5.849634484,3.311725734,10.71785634,13.53870077
4.196790738,-13.29551775,0.087958622,4.102838708,-1.662367425,2.253021254,-0.32604251,-2.557392712,-7.12676257,0.029185714,-13.15449497,12.72217134,-4.646989843,5.408615602,1.991899184,7.442933287,9.400484468,11.45256683,19.02882571
9.95889608,-12.06440087,2.746371651,4.005880012,-1.565437445,2.935194969,-1.080627587,-2.609332149,-9.093699846,-2.552095158,-12.01117349,11.24079777,-5.61302918,5.754816164,2.083405805,8.204757292,14.5916566,10.69614316,23.24761715
13.83670853,-11.65343724,4.612525394,1.509251213,-2.265743894,3.077605656,-2.17318319,-2.764254431,-10.12165757,-4.227756977,-11.15476571,9.601797926,-6.310748788,5.676526285,2.705379713,7.367638268,17.72020319,8.286053395,25.70803702
15.40480268,-12.15374377,5.820407015,-2.221185168,-3.208969489,2.816169409,-3.294761203,-3.419203665,-10.11441373,-3.42653648,-11.33428627,8.282868082,-6.809858333,5.566164605,3.810551092,4.848012485,18.34742144,4.588121264,26.66439262
14.96903775,-13.29930073,6.666464572,-5.069341816,-3.61178494,2.553924406,-4.146248038,-4.523161368,-9.958154086,0.171421311,-12.55393628,7.521479449,-7.31109962,5.695000038,4.936656163,1.484960336,16.94332502,0.537511301,26.78145903
13.46333217,-14.42673796,7.484784011,-5.175619991,-2.901968666,2.69287009,-4.682628109,-5.664934834,-10.70869291,4.588152997,-14.09173003,7.400487849,-7.960164333,6.044286898,5.493480115,-1.294152688,14.6743929,-2.588185367,26.79674395
12.103051,-14.64315616,8.590264635,-2.090131258,-1.068882586,3.352962811,-5.041411423,-6.386536538,-12.52096364,6.441622901,-15.01454845,7.969432352,-8.682680568,6.366319422,5.152104094,-2.228195453,12.87557144,-3.62357295,27.30288037
11.83669222,-13.2512175,10.16376068,2.899657024,1.279272677,4.278002409,-5.266794351,-6.480725383,-14.26430997,3.402176399,-14.81569827,9.226285562,-9.174402334,6.403533896,4.077356616,-0.92342584,12.44136878,-2.005776415,28.61135012
12.83378294,-10.22147699,12.06830525,7.499668015,3.201029924,4.996098972,-5.145237568,-6.067140358,-14.23723012,-3.707233823,-13.70183196,10.96693301,-9.073801446,6.079900332,2.849514247,1.966603835,13.43270142,1.953690218,30.63497152
14.34472903,-6.360016459,13.7583872,9.719683783,3.903266724,5.120679244,-4.359955458,-5.431280459,-11.4884998,-11.04522243,-12.3378188,12.69241717,-8.210365188,5.522983503,2.133929644,5.199870684,15.11031187,7.178192737,32.83854719
15.11204994,-2.968294265,14.46369746,8.920150999,3.149796837,4.58114638,-2.851048924,-4.793119885,-6.712862921,-14.27347381,-11.29203021,13.75928314,-6.757612824,4.927014224,2.323259685,7.716415788,16.38598421,12.27221584,34.38784407
14.15376709,-1.151312205,13.6323641,5.982287575,1.364273345,3.63060546,-1.037060091,-4.199076245,-1.9748769,-11.62056122,-10.64867306,13.74825817,-5.174523424,4.392588655,3.376082426,9.187865338,16.43814554,16.06859502,34.53442233
11.43567951,-1.215274585,11.36530728,2.611476208,-0.622195849,2.6449372,0.359372485,-3.593957418,0.589710308,-5.099506812,-10.08556206,12.79027159,-3.960044316,3.877049522,4.915500778,9.999194191,15.12673878,17.99608921,33.05465294
7.963033047,-2.559729935,8.503083425,0.325904498,-2.012455571,1.875747001,0.795157948,-2.962227942,0.15261602,1.074708001,-9.30785963,11.55157521,-3.377777809,3.27654425,6.46257911,10.74394376,12.96073283,18.11921778,30.42664183
5.190482132,-4.121927052,6.237085082,-0.223120027,-2.403229472,1.338947235,0.316210852,-2.382173617,-2.35020491,3.579539144,-8.432448301,10.80962872,-3.337024694,2.544348675,7.611649073,11.6526469,10.66389558,16.91206768,27.55293684
4.123593694,-5.041327667,5.461814822,0.699500567,-1.871063843,0.901534858,-0.4634701,-1.943992473,-4.973647613,2.133522828,-7.977842137,10.88357767,-3.513459236,1.731166013,8.053270288,12.37595017,8.655534906,14.96196035,25.16866616
4.711677046,-5.084587566,6.28940488,2.328660666,-0.791526027,0.469089074,-0.821826637,-1.630253167,-6.11271825,-0.883785523,-8.462829716,11.34396441,-3.621838936,0.919014627,7.518843771,12.236056,6.813609965,12.77350568,23.35039631
5.931248397,-4.593761054,8.041001249,3.887214725,0.429460161,0.103015501,-0.461729111,-1.297321779,-5.436547327,-2.777203714,-9.945719882,11.26054656,-3.63500121,0.125477678,5.800846046,10.70576031,4.672155206,10.70658102,21.50555729
6.475506882,-4.097792028,9.6913156,4.861371767,1.513592912,-0.033889671,0.321754029,-0.790671908,-3.796497948,-2.709172401,-11.87371726,9.857817464,-3.773137698,-0.717309314,2.914564879,7.746250028,1.880062431,8.963920196,18.86784695
5.555683316,-3.95279727,10.43550556,5.040747638,2.291199244,0.148285489,0.97387418,-0.083681674,-2.325830555,-1.881002439,-13.35198821,7.127089051,-4.258879323,-1.676483532,-0.713867996,3.798232084,-1.439658624,7.54248646,15.12312958
3.27954143,-4.287464997,10.00098492,4.458768729,2.60142099,0.533494853,1.218159938,0.701898706,-1.530998602,-1.777076693,-13.62620387,3.945179682,-5.029216013,-2.695887881,-4.24954405,-0.494972889,-4.698922992,6.160722727,10.67791506
0.409857625,-5.228600551,8.555840901,3.327726227,2.26109919,0.841189984,1.321282095,1.415001076,-1.079493448,-2.281996643,-12.45959408,1.584882609,-5.66042293,-3.548750438,-6.758834582,-4.587962868,-7.195578236,4.264112224,6.366834049
-2.247476173,-7.131601879,6.373902953,1.943336425,1.158861037,0.830203672,1.832048238,2.000104069,-0.353157765,-1.567283834,-10.22637004,0.929041328,-5.623827804,-3.920073288,-7.69841247,-8.167749566,-8.518831267,1.19914397,2.85236601
-4.348026359,-10.53929159,3.567547728,0.515922213,-0.613240278,0.508251298,2.994834935,2.471834636,0.788302057,2.010731878,-7.7637597,1.907755175,-4.729034786,-3.568969873,-7.257451999,-11.11076566,-8.699464104,-3.467404532,0.221646185
-6.05979079,-15.82223156,0.101814562,-0.994756993,-2.733052193,0.168919699,4.338651936,2.73961962,1.708567025,7.694777481,-6.117884089,3.523916029,-3.421261076,-2.459142629,-6.267423252,-13.374615,-8.019997111,-9.628691036,-1.88234006
-7.675188732,-22.71988459,-3.938594439,-2.856221811,-4.778850868,0.205085852,4.834010018,2.478163967,1.405678666,11.9716664,-6.247903393,4.439385444,-2.648379201,-0.774646823,-5.678751573,-14.91986317,-6.679813698,-16.49521518,-3.70983363
-9.113235851,-30.10556448,-8.052346094,-5.246350357,-6.41733812,0.825730875,3.569990245,1.265224815,-0.70737299,10.80053827,-8.668776596,3.745622631,-3.301183243,1.172459095,-5.932134129,-15.66767252,-4.615830216,-22.7295605,-4.910845474
-9.700853712,-36.18232187,-11.23954086,-7.80117336,-7.484521361,1.888051279,0.48251176,-1.009484923,-4.258746893,2.923110904,-13.07164839,1.463743355,-5.564488694,3.063973532,-6.662568086,-15.46306735,-1.632421175,-26.83052984,-4.548142327
-8.418076,-39.07888549,-12.24432267,-9.412015911,-7.891129774,2.975441728,-3.405465173,-3.759035906,-7.996349971,-8.365786964,-18.13297693,-1.475212005,-8.639920619,4.649020291,-6.957388855,-14.06940673,2.273956582,-27.63714816,-1.6677076
-4.484563264,-37.60348485,-10.04578714,-8.592035377,-7.462523531,3.664992159,-6.437633748,-5.730639112,-10.39988439,-16.6332829,-21.79732679,-3.703588768,-11.09057317,5.752354767,-5.99345948,-11.27622456,6.675883866,-24.78029396,3.968025967
2.049813891,-31.82493123,-4.387436326,-4.343307825,-5.913752124,3.784132751,-7.197824804,-5.596244891,-10.40047575,-16.19496721,-22.11260921,-4.062591057,-11.63759101,6.260007259,-3.60347301,-7.14638393,10.77632916,-18.91330332,11.51860038
10.06075276,-23.20199036,3.902096176,2.989807594,-3.058463215,3.470991174,-5.255555767,-2.796965899,-7.801072048,-5.852271601,-18.28117491,-2.117318196,-9.907617681,6.129525973,-0.383369495,-2.267633927,13.75087549,-11.59333089,19.34366016
17.6271302,-14.14845234,12.98606083,11.51934158,0.875333611,3.013882398,-1.34606843,1.948621707,-3.268361261,10.11345458,-11.28868114,1.642404343,-6.640960053,5.425388428,2.69489483,2.237981884,15.14188697,-4.783595261,25.73657464
22.7395066,-7.160046176,20.54060802,18.53861326,5.100425023,2.619089635,3.069627458,6.906407589,1.967779995,24.36323637,-3.600969389,5.954665383,-3.230417485,4.333381253,4.837593631,5.096594668,15.04689706,-0.116266092,29.63770969
24.11563174,-3.863431344,24.56591894,21.81556643,8.493218821,2.299557757,6.548457451,10.26213811,6.502944929,30.66961691,2.019329557,9.227910157,-0.913494469,3.110073682,5.735452081,5.515779472,13.99745699,1.763559084,30.91471791
21.71279819,-4.451648609,24.15123156,20.66427805,10.10474992,1.957523339,8.27307853,11.12040846,9.123609634,27.11167225,3.90481321,10.13920666,-0.155529865,1.976121062,5.455033921,3.664857007,12.62754345,1.398759081,30.12608589
16.65198893,-7.828047318,19.81196707,16.12223708,9.628769167,1.557812579,8.240610152,9.880225109,9.126006034,16.46216864,2.218067669,8.189946561,-0.587464064,1.018053992,4.114444564,0.620334099,11.33715793,0.080744636,28.01155273
10.575304,-12.39985829,13.19240257,10.16900329,7.493009657,1.210969428,7.034210869,7.750584291,6.54570178,3.948545087,-1.411716361,3.984926569,-1.445186451,0.170582541,1.712651683,-2.251368543,10.12228526,-1.028884523,25.06134603
4.797238504,-17.04247023,6.271276144,4.574621017,4.513602287,1.076260195,5.397750071,5.812286376,2.18746952,-5.81437193,-5.03481257,-0.939092485,-2.121938262,-0.700165554,-1.688201215,-4.063384234,8.630666513,-1.668508464,21.38704744
-0.233350515,-21.59678042,0.516020911,0.173477336,1.391350395,1.174143969,3.879575196,4.35916637,-2.634809684,-10.75219128,-7.473660131,-4.721365859,-2.435282726,-1.663172628,-5.588515533,-4.762967463,6.402901061,-2.57561322,16.89630988
-4.815231688,-26.54251702,-3.527790457,-3.027043559,-1.553033838,1.302278225,2.70512864,2.995823004,-6.584625652,-11.30164725,-8.639324877,-5.966272809,-2.500280197,-2.625317256,-8.878036342,-4.801038599,3.203949935,-4.763135504,11.61885415
-9.312214253,-32.0772403,-6.020523812,-5.16071776,-4.223232177,1.173967737,1.874642159,1.333524949,-8.778696205,-9.044859387,-8.997216189,-4.320586274,-2.429546595,-3.332443662,-10.14433293,-4.396314873,-0.68160911,-8.427331071,5.993783753
-13.42084352,-37.31682339,-7.238899115,-5.919116496,-6.368888997,0.695981175,1.356691891,-0.369532473,-8.992938896,-5.311453824,-8.768605834,-0.535707159,-2.177516762,-3.46799475,-8.362686918,-3.035549937,-4.341364927,-12.30058388,0.965040044
-15.98973224,-40.32147922,-7.12749352,-4.607222653,-7.399732681,0.148144048,1.215731174,-1.22214687,-7.520316932,-0.679453487,-7.603842066,3.998052749,-1.654540431,-2.793896808,-3.528590252,0.29760395,-6.443547114,-14.04927829,-2.203509932
-15.62570698,-39.08512127,-5.367845666,-0.800985829,-6.657631893,0.069140025,1.578437799,-0.401635089,-4.850022585,4.613748152,-5.000066591,7.950126659,-0.951335803,-1.264299378,3.215693116,6.250775966,-5.770952024,-11.61016555,-2.384322794
-11.72688463,-32.88542,-1.893516885,4.961149299,-3.997627866,0.879847703,2.471172859,2.032151601,-1.439829728,10.02023587,-1.06031548,10.57294478,-0.401197116,0.933039335,10.07026648,14.2327057,-1.884099716,-4.639054253,0.839761489
-5.195599686,-23.03946106,2.625447056,11.08206654,-0.195392455,2.510278291,3.673043419,4.927235238,2.280691746,14.47321411,3.13227619,11.79991522,-0.36574738,3.416130484,15.37027976,22.26677658,4.446747757,4.938195601,6.774498496
1.768166061,-12.45385757,6.825080291,15.58352223,3.248608812,4.335919878,4.743456943,6.695133243,5.786370959,16.8036344,5.955656062,11.97494256,-0.90855614,5.710160829,18.19350703,27.79404614,11.36551693,13.74080752,13.68368945
6.768457481,-4.184075868,9.306467865,17.13671605,4.899819867,5.518257205,5.267893089,6.398951965,8.452403866,16.43439033,6.266105583,11.49446845,-1.656818429,7.37832591,18.48241376,28.95085586,16.65212381,18.6653608,19.41779725
8.524256721,0.07664747,9.480374834,15.74830228,4.273934753,5.533497839,5.184719432,4.469706198,9.79422014,13.82893311,4.254655358,10.62844923,-2.009666213,8.141632387,16.75324477,25.48396516,18.7021563,18.44807546,22.34289548
7.507535462,0.607120029,7.961369634,12.65270834,2.171241837,4.509437595,4.945843634,2.499503254,9.812127955,10.38565839,1.479906455,9.572877216,-1.550934222,7.944605538,13.70950246,18.72363694,17.21210834,14.08380466,22.05878591
5.470680031,-0.957288546,6.174477438,9.525589688,0.172059538,3.115776863,5.33554701,2.239705396,9.136009984,7.839244689,-0.000972873,8.569100886,-0.333458779,6.937069792,10.02129203,10.7066666,13.16254394,7.917976681,19.46249732
4.20194637,-2.930560173,5.423902626,7.575770782,-0.391083101,2.083633003,7.004867672,4.506579764,8.767464973,7.493354193,1.158424126,7.888991597,1.200189775,5.378545497,6.28077047,3.106128543,8.130562131,2.117327863,16.11021036
4.384319601,-4.608847868,6.08679083,7.082091768,0.725980541,1.711825107,10.0103972,8.732306838,9.522503973,9.654648778,4.825532021,7.649255465,2.586380408,3.517462235,2.964628678,-3.33180997,3.399539877,-2.425148371,13.29825543
5.331236631,-6.364290777,7.503110085,7.559381449,2.6100486,1.727108446,13.68551862,13.39795798,11.53597211,13.51043796,9.512496059,7.624881887,3.6745355,1.519044557,0.297026692,-8.607877248,-0.550726719,-6.107928832,11.47159686
5.715567202,-8.889524587,8.604502147,8.294354472,3.917517649,1.590649088,16.96164507,16.96092407,14.17621611,17.49189662,13.24261671,7.284942103,4.638099774,-0.513084381,-1.877892873,-12.87890676,-3.889046694,-9.743073043,10.31562223
4.696186809,-12.29550858,8.776813895,8.819464424,3.85031645,0.997168813,18.94060414,18.61602892,16.43417355,19.97024432,14.58152738,6.111484853,5.669520157,-2.446118542,-3.993088073,-16.01730913,-6.822909904,-13.57021338,9.373938094
2.606009695,-15.78673332,8.308708055,9.065769028,2.67922809,0.167846617,19.34051956,18.46554709,17.51824916,19.99620391,13.2539977,4.013026666,6.661376625,-4.044505965,-6.362019105,-17.64242649,-9.064286238,-16.91544531,8.655649382
0.746339422,-18.11004742,8.135134639,9.24784022,1.478148099,-0.293657659,18.54105297,17.16748569,17.26317834,17.76015799,10.11221785,1.52188854,7.200447272,-5.000436673,-8.739893836,-17.49647933,-9.812607761,-18.66619027,8.744862501
0.510215592,-18.35881823,9.135210964,9.702899454,1.323303965,0.133783751,17.25733845,15.46628409,16.12735659,14.55300882,6.615736103,-0.412823135,6.921150019,-5.081486492,-10.25538626,-15.77190359,-8.27627594,-18.09861151,10.35344041
2.507773348,-16.49642283,11.54816319,10.82231632,2.575138817,1.468439495,16.12815796,13.9558942,14.85615602,12.22197323,4.174271613,-0.938962246,5.92062084,-4.308196026,-9.912777679,-13.10185698,-4.332535217,-15.39018703,13.70947719
6.280046364,-13.26257982,14.91177463,13.0118529,4.740985732,3.17481845,15.50938906,13.10411046,14.08581321,12.3482427,3.650353167,0.205769146,4.84120984,-3.025781795,-7.389554041,-10.25349506,1.177816455,-11.47753306,18.28191457
10.68941917,-9.641216105,18.47386433,16.53057853,6.939494822,4.514172743,15.53444217,13.30655548,14.12582067,15.50755656,5.150851473,2.542917533,4.482671644,-1.786142578,-3.512010422,-7.799144253,6.746240518,-7.45891742,23.0347883
14.58887099,-6.363186636,21.66971402,21.19065551,8.541686988,5.020246535,16.25855343,14.76643487,14.96350846,20.94295712,8.099877435,5.126424672,5.210936725,-1.08365878,0.069700083,-5.996235415,10.87850481,-4.04732949,26.96106777
17.26205311,-3.788221646,24.27540836,26.12523789,9.484110988,4.741871387,17.66713746,17.25001308,16.3705606,26.80199049,11.52159365,7.034494246,6.635402138,-1.102179809,1.897380383,-4.872539416,12.70790477,-1.447501951,29.44915271
18.41831473,-2.126260894,26.18464571,29.90951588,10.06452561,4.092672124,19.52321511,19.9775254,17.98224729,30.85278388,14.42649329,7.755117083,7.841425485,-1.641547778,1.707393263,-4.339539419,12.18289837,0.373185551,30.24049892
17.92802819,-1.674949159,27.09952093,31.12310295,10.46103987,3.459603082,21.25566162,21.85805826,19.33105151,31.38975872,16.15783858,7.26490068,8.027919855,-2.280083145,0.62983619,-4.201818716,9.811221381,1.361878096,29.14181149
15.65385351,-2.792269926,26.48162991,29.09093883,10.41622013,2.896952666,22.11237278,21.99989391,19.91006712,27.94323118,16.55163699,5.852588286,7.070668696,-2.666799357,0.355398992,-4.115531684,6.242278901,1.326381678,25.88337706
11.5665531,-5.611984628,23.85273383,24.32117788,9.359898062,2.141086439,21.57448299,20.17391972,19.32123194,21.46412245,15.84592503,3.908101367,5.586799617,-2.740857594,1.848762085,-3.654634023,2.011863265,0.178338764,20.35426865
6.016696596,-9.765653377,19.20638647,18.28736566,6.868491482,0.9103572,19.74961234,16.90955623,17.4594847,13.87374515,14.42383247,1.856632107,4.471681732,-2.722399013,4.590536034,-2.541098744,-2.435892343,-1.785276739,13.04006304
-0.141248898,-14.38056673,13.1791736,12.62757668,3.085238164,-0.772020711,17.40381662,13.16700743,14.61058675,7.18389521,12.58291696,0.219540938,4.287899341,-2.883033824,6.961396195,-0.884300311,-6.593731697,-3.860283022,5.215884908
-5.765224989,-18.39820977,6.817827356,8.25443726,-1.237397368,-2.500553631,15.54021527,9.834551103,11.37633947,2.647820121,10.48691098,-0.383352599,4.971873418,-3.27049354,7.494184648,0.813280687,-9.842007873,-5.250463986,-1.420396671
-9.889701254,-21.01308734,1.095114452,4.962025094,-5.112832989,-3.717681632,14.79464704,7.393860942,8.454898014,0.414611359,8.287656319,0.548752641,6.029484577,-3.605560229,6.014368845,1.965257997,-11.61539487,-5.517309756,-5.536143107
-12.13352416,-21.96358342,-3.491358815,1.7871886,-7.837974,-4.069886339,15.08264276,5.917906824,6.392987473,-0.140458789,6.245476674,3.011158205,6.981729402,-3.449707041,3.755805507,2.318606141,-11.67715273,-4.849101793,-6.839606459
-12.77860979,-21.53702662,-6.988844627,-2.140365095,-9.287955643,-3.619531821,15.74389552,5.286312851,5.42142695,0.306382737,4.676324243,6.215058984,7.648026052,-2.538614653,2.353157056,2.131722652,-10.27566805,-3.960132525,-6.129084295
-12.48154517,-20.34237837,-9.736910636,-6.862924573,-9.808329501,-2.767419692,16.04138137,5.365787816,5.411316687,1.568258571,3.727616683,8.72542826,8.053699012,-1.038153966,2.527441847,1.937026547,-8.03634956,-3.680478378,-4.651541622
-11.82656946,-19.0071571,-12.0151201,-11.48333321,-9.82741953,-1.966741114,15.61184507,6.007819487,5.927796381,3.868713656,3.178613179,9.089103388,8.124057222,0.484514659,3.542310378,2.07115017,-5.643048531,-4.485427557,-3.237036778
-11.00888738,-17.93668002,-13.83285312,-14.73028029,-9.498728397,-1.453100967,14.54926843,6.939609731,6.357080441,7.213770382,2.485732851,6.663710359,7.532291111,1.385365687,3.881471202,2.382171406,-3.52135546,-6.232292395,-1.853058399
-9.819907358,-17.20623471,-14.95412782,-15.77406868,-8.628977201,-1.174780409,13.14369374,7.745900948,6.104225445,10.78809385,1.102317187,2.130909976,5.913449251,1.353048612,2.583064405,2.388096014,-1.730750526,-8.241318563,0.105721957
-7.900832113,-16.6115755,-15.07889061,-14.71131152,-6.913409326,-0.932969881,11.58163941,8.045152208,4.836684109,13.00812882,-1.147010302,-2.713597372,3.283103912,0.612532523,0.10435295,1.756818912,-0.116443215,-9.673917183,3.054366402
-5.081998288,-15.87272976,-14.0339268,-12.40540745,-4.272294252,-0.583582266,9.892078761,7.748421312,2.675445644,12.36901066,-3.935182995,-5.878546092,0.254571057,-0.237252753,-2.03611297,0.662165255,1.411883542,-10.01642982,6.609958204
-1.605104219,-14.92080786,-11.87261681,-9.847279263,-1.024501856,-0.132251963,8.135589989,7.164995003,0.192153178,8.53108103,-6.658300904,-6.30911958,-2.22428643,-0.652538684,-2.570431391,-0.349030022,2.686504785,-9.419296526,9.635750031
1.887973072,-14.10370036,-8.866062694,-7.529492069,2.22800019,0.328549712,6.573462503,6.816039943,-1.853545088,2.787356796,-8.831871552,-4.530102317,-3.481646168,-0.539099851,-1.651623006,-0.904520773,3.314338738,-8.689093624,10.91660484
4.590284649,-14.1200593,-5.417705637,-5.27576976,4.912359028,0.748022083,5.57807776,7.062969762,-2.920435274,-2.551191989,-10.32275831,-2.341949716,-3.604270194,-0.320285177,-0.856845285,-1.275820949,2.91599616,-8.885659927,9.958442887
5.872802338,-15.62577697,-1.943877203,-2.598697327,6.764879725,1.171694931,5.333344744,7.835272482,-2.971922958,-5.485413354,-11.23053617,-1.692372392,-3.361818775,-0.614552339,-1.938677971,-2.277006165,1.412690783,-10.69697294,7.32434183
5.566378585,-18.71303778,1.232754339,0.736060249,7.887220842,1.664279943,5.634293395,8.686549289,-2.418218093,-5.412942163,-11.55877422,-3.403220586,-3.572582485,-1.745402275,-5.294337875,-4.571845742,-0.827904005,-13.94139087,4.288101489
4.035929647,-22.64313707,3.922406215,4.387024419,8.560660071,2.175571338,6.047344296,9.150237144,-1.733726595,-3.178440106,-11.028135,-6.584305905,-4.384471146,-3.441378332,-9.417443839,-7.92743504,-3.086921283,-17.54182621,2.093891715
2.002053092,-26.11942585,6.008296353,7.587099647,8.97852934,2.490770224,6.348739642,9.117483927,-1.03969307,-0.132455785,-9.271136023,-9.170398732,-5.061826483,-4.957925882,-11.86090916,-11.09675343,-4.583179436,-20.06999427,1.3621938
0.209714427,-28.01513324,7.330829727,9.625287821,9.109935248,2.347199106,6.835951126,8.929111352,-0.004548956,2.946785607,-6.290203158,-9.294577961,-4.504021963,-5.549222245,-11.0412263,-12.55977475,-4.792600234,-20.58393586,2.009421703
-0.855732186,-28.08155416,7.640054288,10.28063907,8.798807031,1.659373751,8.143151217,9.094390245,1.819948228,6.132644854,-2.76941971,-6.624899574,-2.146459326,-4.957149703,-7.511102467,-11.63641593,-3.620581324,-19.23161669,3.623891252
-1.034282994,-27.09277898,6.732817023,9.895461096,8.012180483,0.686086405,10.61199335,9.847916185,4.475866172,9.642476523,0.114173169,-2.753199895,1.436137077,-3.563388115,-3.692290649,-9.10293583,-1.345365794,-17.18638153,5.914025875
-0.331850235,-26.25460881,4.749226814,9.071656971,7.022819084,-0.013134237,13.72364381,10.89408532,7.335088124,12.89736112,1.343312585,-0.302951163,4.716782117,-2.09201928,-2.218522683,-6.75648556,1.60248158,-15.90630494,8.854783828
1.284708952,-26.27259088,2.412144788,8.256847974,6.346138282,0.149800947,16.15487162,11.55584916,9.375231518,14.38927418,0.72978793,-1.266201159,6.11243009,-1.079517853,-4.087873121,-6.173374662,4.856945977,-16.19039281,12.45860693
3.908567467,-26.78632505,0.929831256,7.539053461,6.434407805,1.436295193,16.56403394,11.2423759,9.853239759,12.71274945,-0.920425167,-5.628588085,4.982782579,-0.501619022,-7.957614716,-7.562739887,8.178280376,-17.67765636,16.42108552
7.456581059,-26.6441758,1.460476444,6.767580289,7.331955616,3.564781373,14.58559473,9.908221904,8.885060132,8.011519612,-2.312753871,-11.20440722,2.044375037,0.168549002,-11.05302451,-9.583896743,11.33813969,-19.14006361,19.98281523
11.3583309,-24.8542812,4.375388084,5.841059949,8.5574998,5.786719752,11.25143254,8.172311864,7.461561255,2.536785862,-2.497151991,-14.8410326,-1.071785787,1.515170265,-10.99145952,-10.27590953,13.95902738,-19.35294519,22.15935649
14.48967898,-21.49683305,8.798949015,4.878383732,9.339831844,7.234174844,8.43045274,6.995703276,6.831729815,-0.423359256,-1.4338123,-14.25903972,-2.798924391,3.675909108,-7.231546595,-8.406114565,15.49268702,-17.91069523,22.19474653
15.53644491,-17.87518425,12.81556434,4.108815964,9.078503278,7.349642236,7.624757468,7.113774431,7.662421937,1.314302253,0.089876347,-9.374062255,-2.494215215,6.148058813,-1.236701007,-4.249131469,15.42111282,-15.41551523,19.92795845
13.64045472,-15.75266131,14.3230182,3.57567553,7.718687597,6.153968672,8.98477388,8.578203636,9.565831347,7.148211331,1.070713256,-2.289431986,-0.661484862,8.043683065,4.5769058,0.716950468,13.57397171,-12.95840904,15.83846476
8.909669951,-16.22805075,12.05843706,2.926977158,5.76809167,4.203134884,11.26797216,10.69129632,11.32787053,13.80338538,0.931673005,3.978741382,1.513590526,8.610555126,8.238909931,4.866677517,10.32805909,-11.34571701,10.77448273
2.41268514,-19.07998096,6.178384414,1.517788766,3.933122839,2.270168362,12.7598882,12.37188214,11.67368739,17.27407135,-0.258667078,7.180056791,2.928822015,7.660115544,9.039846091,7.379088743,6.506702929,-10.67764386,5.574739438
-4.367386225,-23.03374251,-1.929475676,-1.190599329,2.634213228,0.948178774,12.46079077,12.73812803,10.04861451,15.26668019,-2.042822945,6.85747559,3.12802764,5.633651464,7.435420951,8.41949185,3.009390877,-10.54699102,0.827315021
-10.24079,-26.68115182,-10.40353529,-5.191643692,1.758596197,0.405171148,10.67923674,11.57604175,6.925104063,8.45496919,-3.969674983,4.190428151,2.383750017,3.308056438,4.411216236,8.58410802,0.413766827,-10.59182278,-3.13176274
-14.68351362,-29.30390204,-17.68679652,-9.767151734,0.835440346,0.412324133,8.669625735,9.436915964,3.506618518,-0.208992649,-5.744563473,0.947521686,1.372804951,1.380215872,0.925973151,8.230151895,-1.17513089,-10.85875032,-6.066874626
-17.65893195,-30.99458764,-22.86590571,-13.73262694,-0.504599714,0.589108448,7.679784928,7.318223383,1.090056252,-7.437280422,-7.064040419,-1.620727408,0.731798295,0.205389201,-2.246194185,7.30700519,-1.943230933,-11.64258711,-7.720234481
-19.13396395,-32.09547475,-25.53189076,-15.96219557,-2.14802094,0.679313795,8.153195307,6.111034721,0.492870648,-11.31120973,-7.42592084,-3.223740298,0.756142238,-0.199453274,-4.427888412,5.754038603,-2.036108606,-12.97225307,-7.845213093
-18.7860704,-32.54490318,-25.50903458,-15.88856778,-3.503490903,0.674853506,9.60240208,6.122220811,1.804926357,-11.68308735,-6.260535477,-4.185138612,1.334808464,0.012174505,-5.055298705,3.963740188,-1.382558081,-14.26462165,-6.373902577
-16.21455575,-31.75949415,-22.82221502,-13.71126499,-3.902892412,0.730175793,11.09031912,6.935660016,4.468580201,-9.395064772,-3.410477931,-4.78908844,2.059902984,0.659952148,-3.938280102,2.74649218,0.161289993,-14.54956857,-3.574051847
-11.49744452,-29.17384699,-17.94113758,-10.24553597,-3.096740443,0.964751258,11.8332706,7.684205718,7.538193013,-5.325247084,0.419163865,-4.943564511,2.408203372,1.551818097,-1.54447545,2.72739172,2.475930715,-13.17066873,-0.044337361
-5.579715564,-24.95765919,-11.97915346,-6.549709994,-1.465312707,1.322329599,11.48541293,7.566669467,9.986114742,-0.148623712,3.71874424,-4.410032686,1.930730067,2.422734269,1.037357651,3.695552104,4.977590005,-10.41380056,3.488625273
-0.063340149,-20.25264334,-6.48711771,-3.546467516,0.213163411,1.595732572,10.05169177,6.299874015,11.00239183,5.207408604,4.875125718,-3.30535212,0.420724422,2.929610102,2.562553948,4.554951913,6.795764151,-7.510995398,6.457152773
3.553278818,-16.66362348,-2.823438265,-1.786140156,1.254677592,1.586673307,7.70322609,4.239090452,10.25205583,9.21153372,3.119367602,-2.333090129,-1.980012045,2.771865912,2.256074681,4.043901987,7.256173347,-5.93666979,8.634500162
4.663567524,-15.35659307,-1.498039775,-1.376934799,1.45002185,1.262590041,4.749166301,2.112886274,7.999041597,10.18539113,-0.945193965,-2.443441579,-4.794198841,1.869081718,0.169089461,1.703049911,6.308683429,-6.480455006,10.0881546
3.783487879,-16.43508437,-1.988488548,-2.03168066,1.071560045,0.780440884,1.733689979,0.566943865,4.989862552,7.412447654,-5.650516578,-4.134075349,-7.366668305,0.447846958,-2.958984884,-1.707741867,4.539868276,-8.776490394,10.94719836
2.060325241,-19.02873103,-3.188311645,-3.184226087,0.553497791,0.360935987,-0.588586064,-0.172809659,2.101872541,1.957166327,-9.221400003,-6.949205774,-9.107246255,-1.054304941,-6.175802419,-4.737059094,2.724083898,-11.62697851,11.17441516
0.456706858,-21.95597611,-4.14418496,-4.160480851,0.141860758,0.120496997,-1.549437073,-0.308227251,-0.057368557,-3.670658471,-10.71604828,-9.619120939,-9.691842424,-2.216845019,-8.749233083,-6.332074915,1.24786722,-13.85364991,10.54183669
-0.760561694,-24.40750238,-4.509973951,-4.385115795,-0.203006089,-0.000482974,-0.973549067,-0.185001798,-1.334102539,-6.943151839,-10.31139397,-10.79785524,-9.114685345,-2.840274026,-10.29481375,-6.619139763,-0.134264845,-15.03057607,8.851282221
-1.887212136,-26.1678878,-4.405540141,-3.559667347,-0.618093396,-0.160819784,0.664891582,0.036696786,-1.870921767,-6.805449499,-8.814468803,-9.892283458,-7.589849045,-2.993855205,-10.65059365,-6.731019069,-2.011970663,-15.58806228,6.226551761
-3.222810698,-27.3458574,-3.90054791,-1.720537342,-1.088640827,-0.470345243,2.541118032,0.495799029,-1.761743699,-4.087289483,-6.873452423,-7.398049287,-5.405645242,-2.901898956,-9.759663804,-7.812638849,-4.737805928,-16.29516014,3.205575396
-4.64882205,-27.99534265,-2.678458269,0.865363375,-1.402570772,-0.907997581,4.045411884,1.45558223,-0.850811573,-0.565890011,-4.552056725,-4.518956704,-2.848463022,-2.781482733,-7.734132197,-10.01822877,-8.044878349,-17.59289539,0.48490399
-5.739291609,-28.02623764,-0.263783378,3.897643511,-1.363250992,-1.381207737,5.159349686,3.006943072,1.10149421,2.475276053,-1.576428007,-2.358604617,-0.221792342,-2.755363578,-5.005233468,-12.32557691,-11.19759332,-19.29845661,-1.550651838
-6.279122041,-27.44839844,3.346358757,7.177675425,-1.05208043,-1.868297731,6.321542388,4.910907445,3.998973124,4.97184065,2.030239685,-1.25074935,2.12230548,-2.870515033,-2.303746827,-13.32133688,-13.5576574,-20.83504328,-3.157483965
-6.659915419,-26.62496341,7.237122553,10.5599043,-0.860842001,-2.498831345,7.904413226,6.715978644,7.126932943,7.558893736,5.546758509,-0.657077967,3.841055699,-3.150761909,-0.345638564,-12.3140565,-15.07945184,-21.70415826,-5.105200632
-7.706198771,-26.18643642,9.823444808,13.74631464,-1.209553645,-3.468654603,9.777124637,8.047283424,9.347324943,10.41194621,7.809436628,0.35261009,4.753873597,-3.597322946,0.591563422,-9.872825039,-16.28765236,-21.77626095,-8.093197965
-9.995907029,-26.59759754,9.732949148,16.10847591,-2.161081783,-4.829852327,11.35832078,8.816930772,9.734271261,12.61581275,7.980984936,2.394319103,4.972027311,-4.130563128,0.834382538,-7.37817933,-17.72195665,-21.21417629,-12.09319069
-13.23050093,-27.74765548,6.694852979,16.74945407,-3.271520614,-6.322386273,12.1143619,9.177222196,8.20850762,12.71881759,6.228567008,5.285928217,4.860435308,-4.553803698,1.012348426,-5.989190668,-19.30529799,-20.20778517,-16.13160867
-16.23476095,-28.97762173,1.731200096,14.86758972,-3.845419081,-7.410744704,12.03973131,9.270711135,5.659877423,10.01601977,3.735973004,8.043432521,4.804641315,-4.621003432,1.477785895,-5.888801453,-20.19828244,-18.84524053,-18.76109091
-17.67444809,-29.59857943,-3.532218892,10.2502663,-3.428210441,-7.545496721,11.66135767,9.021595728,3.410180928,5.399088046,1.979723646,9.3253243,4.930743485,-4.194578415,1.920582833,-6.395234898,-19.33245751,-17.25540557,-18.96561929
-16.97560804,-29.49916628,-7.916689948,3.583884466,-2.151588652,-6.493404493,11.54851159,8.18834251,2.388649936,0.954563616,1.77763847,8.089121959,5.002878402,-3.375985307,1.545466443,-6.771830824,-16.25683277,-15.83085247,-16.87502723
-14.72935075,-29.30684329,-11.29023882,-3.662358601,-0.647003724,-4.511165262,11.78462981,6.666560495,2.635262283,-1.418468469,2.808936431,4.166995106,4.613543082,-2.485658894,-0.270667434,-6.983199711,-11.64419207,-15.20892877,-13.74279213
-12.25471255,-29.90420199,-14.27414208,-9.769751361,0.413011197,-2.236311272,11.91620562,4.786377823,3.492033671,-1.241221177,3.954650422,-1.489375397,3.553249971,-1.881331948,-3.351511221,-7.724974546,-7.034636463,-15.89544985,-11.14994002
-10.65658011,-31.64400393,-17.35059317,-13.44906241,0.781807365,-0.362646466,11.45926787,3.308027017,4.285908891,0.455112376,4.189892101,-7.048148675,2.078274369,-1.743405413,-6.663463948,-9.714587288,-3.970143781,-17.78349311,-9.9747682
-10.10704483,-33.89487819,-20.15485515,-14.30204179,0.745163653,0.689302379,10.50283413,3.038630487,4.911303193,2.176303277,3.3534052,-10.5140824,0.838490448,-1.996581621,-8.941843772,-12.89243995,-3.137602799,-20.00286748,-9.867250768
-9.877478303,-35.32365962,-21.56806198,-12.83981648,0.801272798,0.908195989,9.810768146,4.307349535,5.823208234,3.180174774,2.230704351,-10.68192261,0.470267927,-2.432119526,-9.568306024,-16.27348881,-4.120392532,-21.3344599,-9.612315126
-9.032650937,-34.74936446,-20.54565623,-10.09819067,1.203585037,0.584183229,10.24797151,6.687027974,7.470183512,3.819626686,1.917212801,-7.866562005,1.125209568,-2.926910276,-9.044044662,-18.63157283,-5.881816162,-20.97569012,-8.108645374
-7.185107836,-31.94938257,-16.99464631,-7.103554206,1.762469513,0.072796337,11.98418153,9.199442399,9.689085881,4.826706705,2.964217541,-3.929888643,2.284361536,-3.568476848,-8.695440601,-19.47275116,-7.556138947,-19.11942413,-5.22844854
-4.713039664,-27.82922723,-11.96950595,-4.479048012,2.068937436,-0.394444985,14.18722108,10.8905785,11.62509377,6.328193454,4.95121688,-1.431971089,3.024049908,-4.569651894,-9.824359038,-19.48186104,-8.936396936,-16.89762237,-1.918833989
-2.335241334,-23.85369157,-7.019913804,-2.346585289,1.932502039,-0.751180728,15.54218385,11.38166087,12.29087385,7.588562119,6.78578213,-2.26808808,2.579495809,-6.035343536,-12.91433545,-20.04239068,-10.34679463,-15.69609223,0.51139937
-0.475864779,-21.18348121,-3.214201277,-0.490826971,1.636210792,-1.017014981,15.22500172,11.01421372,11.32129251,7.738638002,7.483758425,-6.570555382,0.831957496,-7.775747242,-17.41972506,-22.18457308,-12.10099037,-16.31450768,1.355604403
1.014921585,-20.13842924,-0.60507168,1.370242701,1.769122328,-1.202305309,13.5376142,10.50879391,9.295088206,6.77116518,6.844060374,-12.59899579,-1.609135747,-9.330964867,-22.19135546,-25.78003285,-14.05062766,-18.55510457,0.983002243
2.576289899,-20.3029377,1.487656403,3.368432862,2.764844137,-1.276758599,11.66660471,10.41500755,7.344726675,5.790894573,5.540175019,-17.75545328,-3.777287139,-10.20325149,-26.13079138,-29.59546936,-15.59639489,-21.49057169,0.478474202
4.391106874,-21.07733378,3.681296466,5.407704123,4.535015226,-1.200036359,10.75685083,10.76811577,6.363281173,6.182896381,4.598320695,-20.10112979,-4.91260406,-10.12649061,-28.57975955,-32.12761701,-16.11326978,-24.15608318,0.755194942
6.095397742,-22.17759064,5.91830135,7.225520382,6.511241487,-0.958015783,11.06773041,11.18288713,6.442051798,8.388831144,4.67145724,-19.37673123,-4.843446475,-9.177412488,-29.26916496,-32.54522291,-15.40339664,-26.12898688,1.839771678
7.006214444,-23.70727148,7.531563415,8.538505214,8.060347583,-0.564615302,11.89643877,11.26071092,6.962279448,11.39889197,5.631369293,-16.8625436,-3.965779738,-7.666764346,-28.06308102,-31.03859409,-13.80513799,-27.60357447,2.869900674
6.659841613,-25.82364862,7.883060689,9.196857963,8.916724838,-0.044429017,12.28162156,10.9448046,7.20716805,13.46709798,6.731776679,-14.25190975,-2.895506692,-5.922841977,-24.87262567,-28.40783962,-11.90729718,-28.99215071,2.779588247
5.189028939,-28.34366906,7.000394155,9.273495899,9.262422987,0.561995401,11.83168789,10.51911572,6.9386563,13.4669489,7.170285595,-12.43011499,-2.081681383,-4.145764354,-19.87989428,-25.33472006,-10.14265053,-30.4330491,1.132816075
3.234573678,-30.63563471,5.67500421,9.038586089,9.396423673,1.162286719,10.94488879,10.25480015,6.453178629,11.71600976,6.616532837,-11.08335216,-1.649729803,-2.419896634,-13.83864937,-21.96919229,-8.588603991,-31.59751332,-1.505899923
1.511813312,-31.8645823,4.967753577,8.823853889,9.302986641,1.594308014,10.26411876,10.01296911,6.116626456,9.561968217,5.350092248,-9.36723635,-1.528820383,-0.815538212,-8.061677951,-18.10315529,-7.070241506,-31.89245888,-3.885037396
0.440450892,-31.37127494,5.554940599,8.847718551,8.532859314,1.684453601,9.91570109,9.167174242,5.846553463,8.132613198,3.974424924,-6.989367178,-1.688175625,0.563844524,-3.924226852,-13.65423556,-5.381595705,-30.83064746,-4.771920064
0.140538856,-28.90575758,7.429105947,9.107203157,6.550394711,1.376397367,9.278624103,6.966495261,5.049533109,7.402758932,2.97953963,-4.721231715,-2.243788571,1.658248941,-2.133363766,-8.936461143,-3.376095111,-28.25362822,-3.529589997
0.711640353,-24.61778668,10.10983504,9.406139641,3.287615536,0.837493489,7.538078757,3.107942296,3.104713035,6.431237709,2.491308213,-3.846497043,-3.338061346,2.571275895,-2.275202291,-4.450735065,-0.870500945,-24.28526269,-0.237858061
2.418983485,-18.92924998,13.06961451,9.493499831,-0.566160182,0.428599928,4.538928018,-1.899815222,-0.01697031,4.532100678,2.348233692,-4.984127207,-4.912542535,3.57661592,-3.017812432,-0.425801539,2.447858857,-19.16087748,4.563150483
5.496419235,-12.46842396,15.94400115,9.201611483,-3.83144431,0.508819876,1.143716687,-6.872176546,-3.551636196,2.255652585,2.367968161,-7.316801432,-6.602102967,4.935763749,-2.900433652,3.392672048,6.879756302,-13.16834092,10.1719581
9.674116439,-6.102362267,18.37371043,8.478054797,-5.517615724,1.184279378,-1.288892783,-10.52488699,-6.370680297,1.190787462,2.533900752,-8.982214983,-7.884942736,6.631702247,-1.215764447,7.426492832,12.33329961,-6.77941444,15.81589433
13.88188514,-0.924172925,19.73720083,7.3057416,-5.427176237,2.184159408,-1.910084146,-12.11936787,-7.717444776,2.662243632,2.93989821,-8.432392264,-8.402625068,8.239970562,1.588106288,11.65694516,17.99110368,-0.803888639,20.58172242
16.52815188,1.971333217,19.1796874,5.620963597,-4.234785763,2.980345216,-1.022157466,-11.75999117,-7.666795625,6.437449844,3.5717319,-5.708165549,-8.20127469,9.092031454,4.238537281,15.29377147,22.38695307,3.691458861,23.44722089
16.31184202,1.916755451,16.07987543,3.358385249,-2.983229904,3.094910087,0.2081201,-10.17643105,-6.948079665,10.62706643,4.165580214,-2.549159644,-7.681635817,8.669466772,5.469116815,17.12041583,23.99849095,5.788613736,23.59075877
13.04792448,-0.922474148,10.65263743,0.637869837,-2.377451734,2.39255102,0.739899417,-8.181481804,-6.291157238,12.96878105,4.327441358,-1.139736654,-7.265301617,6.970227827,4.808694499,16.3537783,22.05707503,5.242754915,20.85524196
7.891426953,-5.461624882,4.170574044,-2.053471718,-2.39698796,1.154592667,0.523910778,-6.198276366,-5.82892112,12.48777236,3.867349598,-2.397753845,-7.018755843,4.577237017,2.848299315,13.37574293,17.05012826,2.752344124,16.01021347
2.741543094,-10.0590522,-1.484010337,-3.890579362,-2.483121335,-0.113658951,0.520998288,-4.162574518,-5.01715713,10.18406203,3.090583419,-5.142931785,-6.53557561,2.358371811,0.86475425,9.719217039,10.54970701,-0.276646867,10.52561304
-0.799276611,-13.17490584,-4.72165991,-4.034182896,-2.107391034,-0.996919483,1.872953337,-1.807226014,-3.097982719,8.212707148,2.776017157,-6.850692762,-5.200228132,0.98900462,0.078325347,7.233579868,4.444672226,-2.388961126,5.913377763
-2.212764655,-13.98377994,-5.021559502,-2.098641686,-1.250065123,-1.379552861,4.933334746,0.941275365,0.285858239,8.280837641,3.782571175,-5.475398858,-2.668962278,0.613160328,1.008804841,6.986726858,0.053094828,-2.781149556,3.034263974
-2.100232129,-12.63470775,-3.074548988,1.543059049,-0.419731772,-1.4193413,8.953912748,3.776847242,4.786227207,10.5867131,6.502811979,-0.97865298,0.776661219,0.852934248,3.28395161,8.671465198,-2.350665963,-1.634083482,1.819362439
-1.527667636,-10.07252373,-0.244745458,5.855381577,-0.229074158,-1.343250688,12.63552767,6.165387759,9.51625822,14.06767712,10.51624195,4.591958564,4.275076953,1.124378979,5.950326073,10.90224569,-3.373459439,0.082316497,1.562839909
-1.222429346,-7.57401399,2.226532496,9.60822263,-0.89134655,-1.252403628,15.02235908,7.682673169,13.47659119,17.53932947,14.68113789,8.5167767,6.819844845,1.015543877,8.040533287,12.12553576,-3.918640886,1.150599946,1.530276096
-1.204929187,-6.258133832,3.727975087,11.9204435,-2.044360394,-1.091248784,15.98126857,8.248903694,15.89918189,20.57394298,17.62632447,9.218802,7.794363565,0.474075773,9.03224714,11.45496481,-4.623672421,0.632684616,1.418395931
-1.043869908,-6.770009829,4.242534207,12.53170331,-3.027640227,-0.777601276,15.94061373,8.07516071,16.34731547,23.32615898,18.36208966,7.123341155,7.246052166,-0.275671937,8.944208296,8.890966765,-5.652172744,-1.887810586,1.354417465
-0.431293481,-9.197572217,3.95517534,11.67062566,-3.373513326,-0.346219639,15.24541659,7.392043138,14.68271369,25.60304695,16.68215279,4.003679845,5.734756073,-0.962521169,8.071737974,4.934925295,-6.849733468,-6.36122723,1.505564453
0.43064681,-13.16669876,2.91932198,9.698928207,-3.116946023,0.046480828,13.79516687,6.221692566,11.09671148,26.26098658,13.18312505,1.452485658,3.901077378,-1.444423639,6.606551448,0.080331364,-8.014886558,-12.43486709,1.674314375
0.929177114,-18.02411048,1.060562221,6.863216774,-2.693733548,0.272763349,11.30594987,4.419083436,6.233706102,23.74207152,8.952960458,-0.246154633,2.090325244,-1.718586729,4.457085067,-5.329055674,-9.029162457,-19.53063873,1.248217296
0.507817891,-23.03252831,-1.547489283,3.352361607,-2.534895449,0.399382059,7.904613173,1.969898976,1.210208799,17.46250758,5.123569594,-1.983277408,0.295425678,-1.813387829,1.429955173,-10.81355747,-9.792553306,-26.81306323,-0.426139078
-0.895431942,-27.52489054,-4.441414521,-0.444369027,-2.700708828,0.695141893,4.418967802,-0.714476297,-2.683113345,8.843988898,2.486568435,-4.657710303,-1.588325266,-1.699881401,-2.356873855,-15.44469357,-10.11665831,-33.19108081,-3.5214439
-2.77368605,-30.98010453,-6.815411486,-3.78809191,-2.849876235,1.432112972,1.996142586,-2.806349272,-4.552863847,0.919284705,1.287911951,-8.05456688,-3.454103629,-1.316558953,-6.180617369,-17.97334685,-9.755285011,-37.50624857,-7.459591202
-4.363843913,-33.01006044,-7.845503573,-5.778636304,-2.558902047,2.617152596,1.313866433,-3.458981346,-4.394552877,-3.409868987,1.233785127,-10.77426622,-4.909055469,-0.677609218,-8.861144077,-17.47075497,-8.594223219,-38.89916068,-11.10772266
-5.079364136,-33.29625557,-7.044779175,-5.802529032,-1.72444323,3.876573845,2.061326209,-2.355424874,-3.097452435,-3.203143208,1.690848317,-11.3015319,-5.515466409,0.051306932,-9.368685107,-14.03798683,-6.836780863,-37.15662407,-13.31627429
-4.747968908,-31.55707452,-4.400258241,-3.897517496,-0.718422656,4.621840134,3.170460041,-0.007154817,-1.865951682,0.031049479,2.019317214,-9.323203353,-5.153353106,0.601000194,-7.531406802,-8.970034319,-4.985292829,-32.79674131,-13.44266704
-3.5362182,-27.6182081,-0.247248793,-0.712584672,-0.163033682,4.412808785,3.639241524,2.459640053,-1.415886505,3.592895174,1.910476637,-6.170555036,-4.194029132,0.753216531,-4.318487199,-4.121430651,-3.57142024,-26.80435864,-11.54152827
-1.697542348,-21.58453746,4.94759494,2.943498628,-0.488935041,3.271152616,3.272584426,3.932154857,-1.52526377,5.607285838,1.549232005,-3.961631175,-3.314177672,0.489204393,-1.397702599,-0.843687515,-2.803914621,-20.1746401,-8.160733536
0.613250644,-14.01579456,10.68682092,6.621478039,-1.604989563,1.712977121,2.73318264,3.94246309,-1.290701444,6.22642905,1.469519232,-4.072441113,-3.065243429,0.017801455,-0.164680926,0.756865478,-2.39914109,-13.56485991,-3.955136635
3.318527684,-5.964959597,16.37640957,10.39414502,-2.921754866,0.461328967,2.885617318,2.872157865,0.08620315,7.142507669,2.14619197,-6.116323847,-3.514021329,-0.342378194,-0.862501748,1.688164311,-1.749188588,-7.273142673,0.582761519
6.249665972,1.207932954,21.23697128,14.51662868,-3.708206639,0.025632013,4.013006874,1.602341251,2.574690133,9.912934629,3.576472111,-8.223493762,-4.224350373,-0.346324503,-2.415867975,3.1573541,-0.341480276,-1.510463043,5.118970299
9.019140595,6.209111144,24.3815162,18.86187207,-3.52470207,0.428267635,5.570784806,0.882246301,5.211980595,14.51160086,5.171309583,-8.411163372,-4.591897733,0.049856189,-3.142579484,5.55439034,1.848125946,3.299302248,9.288509099
11.08025258,8.217842065,25.10464347,22.62229676,-2.437600342,1.251552184,6.657623861,0.882941239,6.712794493,19.2418787,6.095374453,-6.017230668,-4.278190312,0.691290538,-1.887036226,8.09606742,4.265256391,6.482118461,12.55729273
11.96241652,7.140086899,23.21973467,24.58006114,-0.898021655,1.953221826,6.765728413,1.238420803,6.340797015,21.97638389,5.854573812,-2.160493687,-3.424576572,1.338576731,1.196116026,9.388985428,6.068152203,7.419245603,14.31706479
11.52260888,3.591443141,19.19342926,23.79649687,0.58502622,2.220336561,6.157483728,1.485019739,4.396965802,21.63842648,4.690037685,1.045087518,-2.507857364,1.808528396,4.742517643,8.472120318,6.620102841,5.984059519,14.18644458
10.02905121,-1.380103447,13.94386472,20.22160915,1.716443547,2.123667911,5.568331015,1.502256075,1.976771913,18.7560553,3.42581574,1.881290069,-1.977391474,2.053445592,7.069032463,5.544490879,5.863574568,2.757512222,12.29796641
8.005347895,-6.702561535,8.405883025,14.76760157,2.447337274,1.991531433,5.525177254,1.578871028,0.197168604,14.78583729,2.819636857,0.013436829,-1.967315925,2.142806257,7.210248502,1.837636434,4.331440905,-1.195931288,9.328690636
5.930307637,-11.63511321,3.140628497,8.79700339,2.795054192,2.121624299,5.87916532,2.057862149,-0.528477293,10.92094944,2.891173589,-3.532447119,-2.292586656,2.175580518,5.3924483,-1.250100926,2.791418069,-4.884786027,6.205127338
3.994964584,-15.91399635,-1.755912799,3.417154337,2.653249052,2.54920602,5.936186715,2.88278584,-0.657616474,7.415960714,2.791658391,-7.221415256,-2.693800852,2.189058754,2.692427202,-3.09042721,1.765558602,-7.900732471,3.655332994
2.089243977,-19.63396301,-6.397662296,-0.907902835,1.794524801,3.029638098,5.047824229,3.469067928,-1.053570561,3.892392539,1.407771397,-9.962260246,-3.096532475,2.125971224,0.232734701,-4.137481988,1.250966396,-10.50713718,1.906902562
0.03773702,-22.94662675,-10.70333327,-4.207154757,0.094998507,3.229702216,3.161036372,3.067574528,-2.270433822,0.205315953,-1.688884727,-11.501408,-3.655003286,1.88346489,-1.451593474,-5.417197781,0.82877002,-13.22975191,0.734549701
-2.079200289,-25.76730874,-14.1503264,-6.54097381,-2.19697225,2.97796384,0.904427392,1.375008428,-4.113888842,-2.977204522,-5.669666632,-12.13834798,-4.545493555,1.415364663,-2.468765862,-7.622157,0.074105641,-16.25591799,-0.194469757
-3.771463441,-27.69621862,-15.89829591,-7.685745798,-4.396932797,2.396418381,-0.803906814,-1.088117835,-5.762622486,-4.402007446,-8.761661739,-12.17145126,-5.695310544,0.81859422,-3.156063032,-10.51823991,-1.042295233,-19.11832163,-0.955793146
-4.320056792,-28.24206676,-15.24681905,-7.253683411,-5.642561447,1.830773388,-1.284486878,-3.167983853,-6.321526069,-3.06836776,-9.310333931,-11.59728843,-6.696606531,0.331084937,-3.660367939,-13.10191162,-2.076791334,-20.94505274,-1.2823102
-3.233332387,-27.23126472,-12.15492104,-5.128413117,-5.348237241,1.637804186,-0.392392458,-3.753574715,-5.402079804,0.990845136,-6.869679586,-10.26697525,-7.010526647,0.214858453,-3.898158899,-14.35864628,-2.445422742,-21.12459598,-0.838964986
-0.692067944,-25.12041422,-7.476295948,-1.806704355,-3.561541648,1.976055725,1.525684684,-2.483743135,-3.3572192,6.534317857,-2.535862418,-8.273728371,-6.332999061,0.577590584,-3.869372515,-14.02075653,-1.936982412,-19.88626079,0.356430945
2.357324002,-22.93939447,-2.708727342,1.689466993,-0.970448709,2.728775127,3.854971884,0.005682427,-1.067746229,11.59690777,1.723384721,-6.167765063,-4.854858502,1.249485245,-3.941855602,-12.74171111,-1.008810735,-18.31416581,1.724433005
4.60744416,-21.8110702,0.658039314,4.301874007,1.455879571,3.5894323,5.917877919,2.459605211,0.534807313,14.28042271,4.26015812,-4.773829713,-3.212844211,1.824231821,-4.737563356,-11.56048745,-0.590958271,-17.70862671,2.34892494
5.097575011,-22.29653141,1.855165337,5.463559147,2.954988456,4.235195654,7.114739556,3.734482238,0.906654843,13.45689922,4.615972513,-4.728863786,-2.143479603,1.877618148,-6.620398095,-11.06434619,-1.475618795,-18.69930232,1.528640216
3.779641341,-23.98325479,1.204635842,5.284257222,3.267647064,4.471812089,7.07999974,3.390383507,0.077174211,9.195584432,3.513941389,-6.070754726,-2.057319804,1.247135739,-9.179123913,-10.8710997,-3.69945314,-20.7266016,-0.723956247
1.545237538,-25.61701647,-0.073087829,4.312426432,2.577994462,4.273421443,5.878168089,1.795172663,-1.447061369,2.871683979,2.108092669,-8.15141617,-2.801539138,0.185921393,-11.16901111,-9.801501342,-6.377304044,-22.26788909,-3.609250029
-0.334842882,-25.73001632,-0.504859617,3.134452943,1.205959329,3.724571372,4.102272342,-0.238964019,-2.943687947,-3.11770352,1.156629948,-9.910029404,-3.749982903,-0.737180016,-11.0555279,-6.608127369,-8.150668689,-21.66370952,-5.968280556
-0.990798327,-23.38048057,0.910034369,2.154022763,-0.661620519,2.935651824,2.689086729,-1.964677684,-3.753494674,-6.137005765,0.744492154,-10.33060812,-4.15309932,-0.955281852,-7.854822977,-0.752551617,-7.972774637,-17.98867247,-6.920163456
-0.415884441,-18.54937246,4.296083498,1.659734973,-2.974092608,2.004573939,2.445611841,-3.009486453,-3.485161524,-4.495122583,0.635969769,-8.855305203,-3.536877901,-0.243874728,-1.747572162,7.261159886,-5.695369421,-11.42070967,-6.266701173
0.701892416,-11.99896205,8.990078847,1.972433789,-5.57541296,1.04302802,3.554447502,-3.369728544,-2.126497334,1.474515388,0.778934145,-5.607835618,-1.939158639,1.141872338,5.891721212,16.13013742,-2.058934627,-2.97042428,-4.409945987
1.622472727,-4.787323522,13.97133651,3.377336419,-7.971445342,0.222228806,5.420067049,-3.230657943,-0.0764604,9.167818586,1.393507648,-1.388620511,0.111473319,2.62703111,13.01934305,24.30651619,1.872716309,6.096503747,-1.907288749
2.160556292,2.156110987,18.30106709,5.786779794,-9.378092501,-0.227982524,6.998812867,-2.833227662,1.89975471,14.72181079,2.524949215,2.53889769,1.826112311,3.663696436,17.66984451,30.45623079,5.386045878,14.65482486,0.947098482
2.788953445,8.120601713,21.31882683,8.427999595,-9.099349167,-0.094798618,7.383568862,-2.474934026,2.8155935,14.92487773,3.51346929,4.825170073,2.462567203,4.02880686,18.57216562,33.61369286,8.399163285,21.71195951,4.188060624
4.18327521,12.44645114,22.60054491,9.959346114,-6.994549719,0.705485781,6.21774506,-2.544367956,1.728537602,8.94909188,3.003937237,4.482552848,1.576736594,3.885452025,15.46693984,33.14916278,11.1935288,26.21409975,7.894667797
6.604533308,14.42874753,21.88703951,9.131475306,-3.677879284,2.057911013,3.680139462,-3.436106378,-1.904787379,-1.206417691,-0.298104657,1.247320632,-0.857068582,3.601834463,9.138159261,28.82169073,13.89630713,27.08937786,11.86576836
9.636783863,13.54086514,19.16575587,5.629127424,-0.260600202,3.679864019,0.166900149,-5.32292394,-7.898351442,-11.88573787,-6.588402045,-4.313963556,-4.465816589,3.492407796,1.208745759,21.03689504,16.20461575,23.72182674,15.58695487
12.48506177,9.873364134,14.8622917,0.467148505,2.220851662,5.241250552,-3.958262275,-7.945235427,-15.20749994,-19.80427109,-14.45597727,-11.02256748,-8.601304787,3.673236099,-6.298980767,11.10797502,17.60425783,16.57119105,18.53483374
14.55675356,4.380765405,9.89447514,-4.455088348,3.309130695,6.497328386,-8.302788449,-10.62746274,-22.14931074,-23.61363717,-21.41081496,-17.52140606,-12.51384197,4.098127863,-11.60986425,1.140371591,17.87018305,7.360559237,20.53075753
15.80965275,-1.417983892,5.380307163,-7.437819443,3.229527036,7.349217207,-12.2074308,-12.58010332,-26.97405074,-24.06954952,-25.19945353,-22.69001174,-15.52525077,4.68060471,-13.86117306,-6.661532415,17.35152525,-1.54079054,21.78352363
16.56386338,-6.222239803,2.079170313,-7.987366203,2.56250984,7.803865266,-14.71423931,-13.31217688,-28.5759564,-22.90458224,-25.04880706,-25.84429279,-17.16531225,5.350891152,-13.44513306,-11.01840272,16.70663691,-8.309117926,22.53360127
16.96308411,-9.702168397,-0.056267512,-7.028556053,1.773511905,7.883117094,-14.96825718,-12.86506598,-26.98404631,-21.38974603,-21.99973628,-26.70805173,-17.25495419,5.989697922,-11.75422737,-12.30990033,16.24615943,-12.67161836,22.59997444
16.60653326,-12.63015096,-1.824434731,-6.160519995,0.969601773,7.567590422,-12.83681082,-11.69661088,-23.32527759,-19.64820284,-18.13826652,-25.31917773,-15.93382253,6.329122808,-10.39291381,-12.4428775,15.44494515,-15.97390575,21.27888954
14.74727796,-16.21957064,-4.16525378,-6.496856692,0.03623165,6.82519585,-9.216259836,-10.30972344,-19.22565138,-17.07398381,-15.30400693,-22.04240931,-13.63252188,5.971227178,-10.3108632,-13.78906394,13.12392378,-20.17193126,17.78581105
10.95379825,-21.11708991,-7.402422214,-7.940413278,-1.024086636,5.695569584,-5.651881656,-8.91809517,-15.96554554,-13.32840343,-14.16669579,-17.68578504,-10.98424486,4.581885622,-11.42257696,-17.77616788,8.286304963,-26.39762303,11.95814382
5.684887428,-26.8078222,-10.92449245,-9.406867767,-1.898231041,4.34680459,-3.441692849,-7.406065136,-13.8928894,-9.022964071,-14.20689986,-13.51774576,-8.671851056,2.148168002,-12.95462957,-24.01916904,1.024819745,-34.09639448,4.651587864
0.237882211,-31.9110882,-13.59754307,-9.781817489,-2.125701695,3.038203317,-2.865546402,-5.593994672,-12.45690882,-5.55497655,-14.4336607,-10.96170945,-7.228905984,-0.904205633,-14.21355282,-30.56713151,-7.219337503,-41.34346416,-2.557848326
-3.978236171,-35.15579632,-14.62538235,-8.838519066,-1.504208073,2.000685121,-3.135905077,-3.563712484,-10.816088,-4.26478122,-14.18160903,-10.97046376,-6.852208373,-3.856901664,-15.13087621,-35.09618838,-14.31968629,-46.08584039,-8.220672691
-6.31739545,-36.27179495,-14.17647694,-7.392672088,-0.383819054,1.320376298,-3.103570265,-1.743677054,-8.572988412,-5.554315069,-13.39957216,-13.39906201,-7.311095467,-6.035340392,-16.1218781,-36.22907702,-18.62632771,-47.38139841,-11.80352331
-7.225819654,-36.07984594,-13.23800979,-6.585996146,0.445910694,0.916449746,-2.138774215,-0.651243384,-6.098347935,-8.551706855,-12.34890633,-16.83435787,-8.022559841,-7.110986344,-17.38095869,-34.09375773,-19.80973715,-45.74149089,-13.82373828
-7.745865664,-35.69782999,-12.76711854,-6.886021109,0.25040508,0.632858505,-0.482299605,-0.483259221,-4.216646411,-11.48340859,-11.11968946,-19.13946564,-8.292554771,-7.170081632,-18.2585815,-29.81426195,-18.80619549,-42.40253985,-15.22938982
-8.582943847,-35.50500765,-12.80992308,-7.617692639,-1.125260571,0.372302793,1.158534694,-0.89589688,-3.5163863,-12.50099155,-9.456727892,-18.52543753,-7.633730871,-6.533300554,-17.36656841,-24.42676072,-16.96933529,-38.18695962,-16.52216472
-9.494581862,-34.72558029,-12.34009952,-7.424674849,-3.11138499,0.166090213,2.330627246,-1.189669876,-3.843460881,-10.54553718,-7.045930929,-14.57119385,-6.012875098,-5.499687011,-13.49211478,-18.1222846,-15.11694421,-32.90341371,-17.32537658
-9.509085252,-32.00940317,-10.02203439,-5.323904676,-4.787454755,0.126540363,3.181824236,-0.803365697,-4.393656718,-5.88907576,-3.975111576,-8.567860409,-3.898986772,-4.223075943,-6.697742668,-10.41524687,-13.18162345,-25.75733906,-16.73414614
-7.799752382,-26.57804345,-5.344930377,-1.541660007,-5.518222792,0.3266489,4.128955307,0.23773694,-4.340711718,-0.12441904,-0.927096558,-2.927682799,-2.07329684,-2.785412708,1.275501373,-1.057942298,-10.63158123,-16.39105622,-14.1429541
-4.489767641,-19.02528548,0.773666754,2.526262915,-5.385633571,0.712820491,5.210041184,1.270400244,-3.498367825,4.466460691,1.104158738,0.049552983,-1.279746298,-1.341603545,7.747473173,9.115941597,-7.190002798,-5.644831353,-9.856259104
-0.707099905,-11.11382022,6.438522688,5.224033314,-5.094751359,1.128260648,5.807848652,1.41301088,-2.477602018,5.989661491,1.383576546,-0.630142707,-1.876974615,-0.147905119,10.59285793,18.21121839,-3.181999767,4.643318192,-4.974202792
2.17796391,-4.702369601,9.977267484,5.747755871,-5.422944582,1.429901507,5.094922325,0.180305768,-2.20453986,3.972346022,-0.128250368,-4.167580823,-3.658742964,0.591314242,9.504106232,24.2609779,0.772632111,12.68670816,-0.651675748
3.521302329,-0.631728381,10.97360717,4.638548797,-6.620011653,1.600455953,2.847624631,-2.14350101,-3.186588411,-0.297427882,-2.777742048,-8.448989487,-5.93569405,0.927597862,6.148902261,26.48241626,4.381498676,17.82478986,2.652042746
3.78960488,1.571932504,10.33187475,3.299112313,-8.197372254,1.758913051,-0.136003391,-4.653128768,-5.123231344,-4.502682746,-5.630142855,-11.20822689,-7.849999097,1.208792328,3.101646961,25.81701509,7.977006586,20.75864194,5.316974295
4.047113513,2.980443523,9.343467362,2.900640446,-9.251400268,2.056988662,-2.487445773,-6.403343731,-7.173871897,-6.789321345,-7.979091277,-11.22553056,-8.778409422,1.861426488,2.270561599,24.27636436,12.13935705,22.74874123,7.998809253
4.970302467,4.154186404,8.534221621,3.488016528,-9.078002717,2.544790123,-3.289653202,-7.018903316,-8.648058205,-7.042449244,-9.618508872,-8.918578403,-8.622965789,3.051399462,3.857953607,23.52468848,16.92447858,24.4123691,10.84991607
6.208191943,4.566030013,7.251038884,3.930998642,-7.641578654,3.115050829,-2.81035357,-6.90045327,-9.530050322,-6.940278721,-10.75395308,-6.02839981,-7.828842766,4.49671386,6.47330733,23.73256827,21.38764719,25.08460844,13.18989191
6.624557524,3.03273117,4.336804155,2.743876493,-5.590205836,3.569762921,-2.272444763,-6.877899645,-10.39199086,-8.585734267,-11.68935498,-4.593846319,-7.10261858,5.613257397,8.204779971,23.54705669,23.90699408,23.25960969,13.90652035
5.235280585,-1.208525941,-0.664105837,-0.823017587,-3.843187334,3.752033498,-2.798301648,-7.559336366,-11.77443232,-12.65148633,-12.54257335,-5.785340467,-6.974841986,5.910764368,7.846068216,21.17759285,23.15992141,17.77002276,12.25944533
2.084332302,-7.674971851,-6.785939901,-6.184891908,-3.060182093,3.635497924,-4.403421689,-8.845617577,-13.57728379,-17.5127592,-13.17080178,-9.239576314,-7.461257205,5.337665919,5.477285888,15.75471591,19.03392989,8.783542319,8.438752493
-1.65017465,-14.75774835,-12.04814899,-11.70409965,-3.338905359,3.305435614,-5.913531544,-9.963964662,-15.00764727,-20.21108575,-13.31565832,-13.26257874,-8.042631069,4.294211597,2.140932115,7.940129841,12.75649147,-2.145957781,3.455409123
-4.409388617,-20.71009773,-14.71855893,-15.6161838,-4.285575003,2.861691326,-5.90716463,-9.999261671,-15.15949156,-18.65954779,-12.83746983,-15.78529036,-7.997758876,3.292533821,-1.007195191,-0.615836186,6.125243815,-12.98146516,-1.499871454
-5.277290645,-24.72645364,-14.45994201,-16.95304639,-5.335781064,2.339075177,-3.899388386,-8.539846124,-13.74876015,-13.39582603,-11.87086414,-15.52226538,-6.889701178,2.534218177,-3.412242082,-8.462570726,0.426363364,-22.33611288,-5.682660407
-4.494880724,-27.2727455,-12.46782005,-15.88525713,-6.070126937,1.719010877,-0.759680241,-5.971230602,-11.37172048,-7.40304601,-10.79347567,-12.65610819,-4.881882478,1.754986063,-5.256545411,-15.20325932,-4.138752572,-29.98363199,-8.935671372
-3.120394364,-29.44941703,-10.50862142,-13.36202916,-6.338066504,1.017078466,1.992954429,-3.210235831,-9.042422387,-4.002638127,-10.01135034,-8.648845669,-2.655553091,0.475434805,-7.05637138,-21.36645384,-8.133383064,-36.44612415,-11.34384167
-2.176884867,-31.95651578,-9.636531402,-10.41117674,-6.184918802,0.354787225,3.408615133,-1.084188306,-7.380410859,-4.420965465,-9.679391904,-5.321375754,-0.971660822,-1.538950252,-9.124495283,-27.49346098,-12.02594955,-42.11987848,-12.83535002
-2.001973047,-34.53714552,-9.600501752,-7.628652809,-5.715024845,-0.069731582,3.789972699,0.181189991,-6.138806514,-6.984192794,-9.542218594,-3.808463184,-0.18371048,-3.989604254,-11.32108714,-33.29523365,-15.5720606,-46.740384,-13.17294493
-2.288901895,-36.35400899,-9.369479884,-5.15636416,-5.025081131,-0.110387565,4.264030946,0.991184399,-4.498612103,-8.618635014,-9.047565375,-4.068508581,-0.060363889,-6.182922085,-13.23152696,-37.6557132,-17.98129701,-49.64358259,-12.37171462
-2.696164884,-36.95478208,-8.287720166,-3.032313399,-4.235505029,0.194787395,5.637731407,1.927046787,-1.911162575,-7.427030975,-7.730918099,-5.230704927,-0.056093378,-7.505971449,-14.57185831,-39.51716558,-18.7142785,-50.55719767,-11.12517863
-3.423776082,-36.96398125,-6.867552482,-1.524811159,-3.542369146,0.602838065,7.554728307,3.177212153,1.217254293,-4.181375683,-5.660115832,-6.457002729,0.176049924,-7.869016751,-15.47068823,-38.89564782,-18.18743181,-50.16558496,-10.73847665
-5.197186002,-37.82993999,-6.531775488,-1.120968349,-3.196061241,0.793595686,8.702361419,4.311441113,3.614466322,-1.464936352,-3.608824706,-7.619295202,0.440473422,-7.756048693,-16.38696728,-37.10234803,-17.70427059,-49.84514985,-12.44765521
-8.61345082,-40.70915855,-8.470817243,-2.153683019,-3.386639935,0.569250976,7.901427762,4.584978914,4.005851867,-1.210154594,-2.73347127,-9.241543221,0.124619458,-7.827915635,-17.69333194,-35.85003169,-18.55534537,-50.64311883,-16.53365258
-13.3564137,-45.28865596,-12.49066054,-4.361249155,-4.106854681,-0.010042721,5.150277938,3.54144796,2.108396379,-2.80370219,-3.850505095,-11.74645954,-1.267481142,-8.377108542,-19.19952532,-35.83082563,-20.92589925,-52.22335297,-21.8695094
-17.93072773,-49.46167845,-16.74328413,-6.744158677,-5.094247207,-0.647661497,1.743080086,1.44215668,-1.028976534,-3.49458825,-6.749110269,-14.63891409,-3.577292567,-9.05534331,-19.96164117,-35.83766761,-23.45379856,-52.60501018,-26.26933118
-20.19429481,-50.1912391,-18.5687008,-7.876317872,-5.903782941,-0.971987729,-0.623171158,-0.823135117,-3.63326598,-0.854228754,-10.05487195,-16.37880744,-5.897441696,-9.087684096,-18.57973782,-33.17144303,-23.82673188,-48.98914005,-27.45150928
-18.3885225,-45.06339538,-15.87876144,-6.513109237,-6.077374752,-0.728710526,-1.003103825,-2.290446749,-4.327020092,4.814229641,-11.8566025,-15.2082849,-7.057770344,-7.815920144,-13.90321793,-25.17247296,-20.05771828,-39.21334133,-24.02638225
-12.02365678,-33.56764765,-8.185938366,-2.150768332,-5.322040234,0.112666129,0.293815471,-2.529852126,-2.938463636,10.29581032,-10.78691182,-10.44029486,-6.385476971,-5.171195997,-5.792565353,-10.91849913,-11.61100174,-22.95905932,-15.96495118
-2.106935092,-17.36173975,3.280487542,4.75087071,-3.61680485,1.381464231,2.156176913,-1.861295532,-0.444314265,11.84427597,-6.880535336,-3.268854532,-4.199487151,-1.744055515,4.510521174,7.979339334,0.30225233,-2.037843551,-4.419264419
9.335759514,0.52376032,16.25604094,12.93962441,-1.220624654,2.811773425,3.579246812,-1.04242817,1.827889289,8.223733821,-1.626406752,3.593574718,-1.667090576,1.568520948,14.68926012,27.93216087,13.33626042,20.29589955,8.814860228
20.06827866,16.94402234,28.34403671,20.77702449,1.396728687,4.148552186,4.232979986,-0.699008108,3.066654733,1.836692535,2.845642785,7.343879374,-0.104205567,4.057753629,22.25511846,44.87008229,25.0360161,40.49822863,21.79491839
28.30870045,29.61427104,37.6138756,26.66242827,3.66382326,5.201833065,4.315246311,-0.945623217,3.264873123,-3.100915772,4.91320532,6.689103733,-0.198867926,5.494064751,25.60568187,55.77891002,33.6422495,55.71970438,32.71263983
33.00926989,37.41653598,42.78102678,29.35604579,5.034712173,5.85547878,4.011573952,-1.459598971,2.820482865,-3.885382826,4.200848007,2.553488017,-1.680229161,6.067483524,24.66682836,59.52460027,38.35698766,64.28414044,40.06901716
33.83091979,40.17921466,43.21320527,28.20721786,5.12675781,6.067324518,3.194360982,-1.887665999,1.919988752,-1.381592391,1.492618964,-2.586084893,-3.617282131,6.108180494,20.76801104,56.77937064,39.19015951,65.73324681,42.9231266
31.03728432,38.34100637,39.01450859,23.32250142,3.851925048,5.879907603,1.665719759,-2.204755011,0.310046696,0.926593387,-1.991169931,-6.275660865,-5.079129155,5.848399506,15.84917433,49.37612329,36.70968708,60.69172628,41.20662269
25.43755082,32.78554798,31.16063572,15.63048512,1.495166015,5.423945931,-0.360392166,-2.716983824,-2.338670102,0.077335268,-5.342410337,-7.500743807,-5.665150547,5.387799932,11.49034905,39.55694304,31.88685639,50.69414336,35.87115015
18.31833922,24.80881727,21.42221215,6.727380597,-1.322428039,4.884802195,-2.117311172,-3.731056604,-5.83915541,-3.747223514,-8.211518302,-7.027555101,-5.568918046,4.810731385,8.325625036,29.38826604,25.97414035,37.90851147,28.63229674
11.22568116,15.98601401,11.88580012,-1.560964401,-3.828450732,4.430861955,-2.738093001,-5.208002227,-9.264189092,-7.410551008,-10.50788633,-6.539003913,-5.223702006,4.274794499,6.10822786,20.37308017,20.25625251,24.64785214,21.33427138
5.563674092,7.803999654,4.217159289,-7.784781147,-5.388733773,4.143857449,-1.943246011,-6.72478316,-11.38228768,-7.695524326,-11.97305776,-7.26746906,-4.875669279,3.949855011,4.250538861,13.22403694,15.66350639,12.7403294,15.26571322
2.160099977,1.198173636,-0.903648154,-11.35497444,-5.777127786,4.001087883,-0.318112183,-7.78367591,-11.46563055,-4.371402276,-12.10316425,-9.111340654,-4.42477553,3.862235222,2.389986137,7.845462072,12.45609899,3.046776125,10.82807747
1.034182727,-3.697458882,-3.798099716,-12.62047336,-5.275778124,3.922792064,1.130014582,-8.191546134,-9.830386842,-0.713509336,-10.52691577,-10.79621009,-3.605667329,3.815303672,0.60459711,3.608451959,10.22981112,-4.573797096,7.711342226
1.502029379,-7.385930788,-5.261939013,-12.47815216,-4.524564224,3.844491749,1.783495971,-8.16443168,-7.653302052,-0.873186524,-7.491183714,-10.86433493,-2.297693834,3.501457123,-0.774099264,-0.137282823,8.282458746,-10.81042454,5.365359829
2.547293849,-10.53181668,-5.907717999,-11.76485735,-4.177745989,3.752977573,1.878782656,-8.060424056,-6.180161589,-6.232923703,-3.973948741,-8.729225262,-0.684240406,2.741621709,-1.502991466,-3.590104671,6.09311454,-16.25974133,3.375634276
3.233188592,-13.51766215,-5.875766328,-10.83967266,-4.554448458,3.658130025,2.199866084,-7.98762627,-5.927386892,-13.86811724,-1.248585659,-5.075874512,0.84692518,1.65369371,-1.623417414,-6.395741229,3.568994992,-21.0361171,1.503431177
2.948286807,-16.3405244,-5.093423253,-9.628545206,-5.494261255,3.533638463,3.273154989,-7.663438281,-6.476749923,-18.57180629,-0.193306741,-1.418914396,1.937040606,0.591853312,-1.402120946,-8.02133483,0.912466233,-24.86806702,-0.513705867
1.432909304,-18.87007038,-3.795833457,-8.052245419,-6.513742067,3.293081624,4.797296927,-6.688804488,-6.981236557,-16.93112476,-0.862258583,0.787420683,2.411868188,-0.111292895,-1.141263103,-8.326024773,-1.710726262,-27.52842575,-3.087488316
-1.309343713,-21.18856951,-2.792453916,-6.453048686,-7.164482292,2.840329975,5.834917268,-5.021675593,-6.938139278,-10.16021958,-2.618700488,0.87398931,2.263636228,-0.392027542,-1.04951945,-7.843564238,-4.353110022,-29.18523597,-6.609161743
-5.070679469,-23.66939089,-3.164828042,-5.621240759,-7.348411665,2.164842268,5.601363708,-3.221394777,-6.598971726,-3.322123187,-4.669449051,-0.867533955,1.548040753,-0.481812267,-1.240240314,-7.47898235,-7.119021932,-30.34342143,-11.07503917
-9.415362023,-26.67974313,-5.554205848,-6.329798419,-7.363109212,1.402081163,4.142665377,-2.19226058,-6.709959439,-1.480464902,-6.536030281,-3.512672508,0.352518192,-0.683793565,-1.760619228,-7.793988751,-9.796233526,-31.40777985,-15.84061524
-13.64567924,-30.12853119,-9.561565254,-8.689524746,-7.634160511,0.794608471,2.300211124,-2.567086018,-7.828349105,-5.820124452,-8.107229432,-6.007368253,-1.117400112,-1.085886514,-2.535731343,-8.438389938,-11.66259806,-32.23827658,-19.78171534
-16.87645604,-33.24537613,-13.74375795,-11.82217888,-8.322028112,0.56390828,1.012154976,-4.197555591,-9.785891997,-12.80761943,-9.327393643,-7.541255219,-2.455393955,-1.459034463,-3.252517196,-8.237396636,-11.74144675,-32.10492219,-21.82355734
-18.26379747,-34.83093843,-16.27352057,-14.15662301,-9.097960104,0.778175487,0.593993847,-6.173284714,-11.72522028,-17.01210428,-9.91074311,-7.705793147,-3.144786949,-1.438772334,-3.352908893,-5.964611876,-9.408182941,-30.14464239,-21.48731855
-17.30309523,-33.8685234,-15.8561132,-14.21304203,-9.275728626,1.313921482,0.627423422,-7.395187614,-12.66410288,-15.29518575,-9.433202447,-6.531227999,-2.851063065,-0.847376261,-2.275378206,-1.280731499,-4.918053175,-26.01718486,-19.06742179
-14.03095034,-30.10205724,-12.31751232,-11.38038536,-8.229847008,1.944310223,0.494051547,-7.29549185,-12.14152172,-9.062828583,-7.777457128,-4.493567564,-1.732787113,0.113492991,0.130379499,4.856595927,0.576999077,-20.27466808,-15.32767745
-9.002799698,-24.18693594,-6.520171439,-6.185968775,-5.812892825,2.4924798,-0.010203808,-6.177158363,-10.47482363,-2.917774562,-5.533679151,-2.458225885,-0.502195326,0.971378563,3.305181902,10.64602975,5.599942453,-14.14750537,-10.96611852
-3.050484678,-17.31122104,0.269562442,0.089850929,-2.474000731,2.937431624,-0.581274503,-4.936025127,-8.4896471,-0.944785506,-3.928112761,-1.454959944,-0.110821964,1.317814861,6.085080701,14.4648453,9.144663455,-8.866771803,-6.255280897
3.039703109,-10.5517105,7.087986764,6.152968936,1.005425744,3.394292245,-0.882358737,-4.394736896,-6.976873497,-3.642062364,-4.2075235,-2.266954094,-1.212628087,1.104006783,7.235172408,15.75463668,11.15243709,-4.975901142,-1.101948321
8.741181711,-4.406017144,13.58363757,11.27694227,3.961908513,3.985088493,-1.043532625,-4.750201342,-6.277648906,-7.821194689,-6.858675714,-5.002227395,-3.747154503,0.659188682,6.113497962,15.18388349,12.3518639,-2.091648618,4.565067234
13.78077934,1.195004227,19.78389612,15.38203459,6.157175641,4.699260773,-1.602339676,-5.516308056,-6.229589255,-9.327739265,-11.21444622,-8.923165515,-6.928639913,0.418332489,3.044033695,14.04496522,13.6046871,0.736979006,10.40661335
17.94740607,6.436440854,25.56631643,18.66326017,7.734631198,5.352350926,-2.879349284,-5.951359852,-6.412929318,-6.258563578,-15.74868379,-12.71419574,-9.659385195,0.583059084,-0.833233595,13.38108495,15.24118139,4.31875758,15.58060637
20.87775438,11.08072181,30.27084461,21.13174393,8.896457351,5.680278522,-4.417889004,-5.61758421,-6.464415316,-0.17068928,-18.88766323,-15.10778129,-11.10757432,0.99214391,-4.116867974,13.46638544,16.84395571,8.713318955,19.00199609
22.00406302,14.25185293,32.76569599,22.43991218,9.58900378,5.508559056,-5.15741891,-4.678639482,-6.272543452,5.426372238,-19.82867541,-15.54307587,-11.10188948,1.302321257,-5.749477472,13.92040904,17.58887239,13.08408396,19.77429965
20.74891336,14.7320469,31.95568404,22.09031912,9.465388897,4.88190533,-4.349388806,-3.786619667,-6.019966255,7.821231501,-18.88628379,-14.47711739,-10.14182597,1.322547634,-5.361524679,14.23453889,16.85644453,16.06633907,17.54528406
16.88538186,11.6147026,27.42470328,19.81928765,8.158346281,4.066285567,-2.449706867,-3.708868432,-6.126804247,6.821553799,-17.22046189,-13.14941109,-9.072963736,1.219265298,-3.275936335,14.2275974,14.67466273,16.41450399,12.64476732
10.84914945,4.91685207,19.81663562,15.84134921,5.637094875,3.420276459,-1.09255245,-4.963756759,-7.118317542,4.25847427,-16.16953634,-12.9041324,-8.647551858,1.419153722,-0.296477924,14.10030761,11.72340957,13.57850808,6.006438363
3.779958283,-4.232898138,10.71390419,10.79127585,2.350670241,3.214476228,-1.973805203,-7.632524304,-9.390738283,2.001009246,-16.57579288,-14.41875717,-9.194084696,2.286241019,2.579794613,14.14501021,8.955980993,7.946070479,-1.062234081
-2.798283743,-13.96676735,2.057572202,5.450073061,-0.968003445,3.503268592,-5.457857005,-11.34183925,-12.90031699,0.325104318,-18.41054271,-17.24375003,-10.50677459,3.83291406,4.487492983,14.44073254,7.121665877,0.680794736,-7.216430854
-7.544507222,-22.42322684,-4.602846083,0.475474303,-3.69267705,4.112262334,-10.07503433,-15.34001159,-16.93941963,-2.01936736,-20.80719031,-19.90916863,-11.95035445,5.690146429,5.052394165,14.81272309,6.467172658,-6.733609029,-11.47702646
-9.842188765,-28.47330798,-8.663832364,-3.710181413,-5.597662982,4.732186023,-13.41635008,-18.64494322,-20.23245612,-6.255645562,-22.44080199,-20.58214166,-12.72032016,7.345596345,4.667044053,15.04745764,6.715136171,-13.0330483,-13.59339885
-10.03225973,-32.05979672,-10.57363722,-6.893011719,-6.854842838,5.055940942,-13.77684937,-20.30188955,-21.44078169,-11.99769138,-22.09653788,-17.98687985,-12.17948613,8.444903756,4.432218903,15.11197325,7.238936151,-17.57703315,-14.17703051
-9.205727483,-34.00700124,-11.46765241,-9.021270026,-7.776873219,4.889071706,-11.24636136,-19.73469114,-19.85711919,-17.04347473,-19.2139997,-12.14277774,-10.1602878,8.919341473,5.596347548,15.1455471,7.300237574,-20.4620107,-14.44706613
-8.656688206,-35.44805962,-12.53865798,-10.20892014,-8.537954948,4.197466783,-7.39152612,-17.03366165,-15.84075178,-18.75056642,-14.16970404,-4.517425064,-7.087784169,8.871394085,8.681260642,15.23477408,6.274933166,-22.31123937,-15.62665349
-9.275083235,-37.20605583,-14.4600946,-10.73477688,-9.086865739,3.097599867,-3.854629747,-12.95820912,-10.63609254,-15.90563157,-8.12255073,2.555182875,-3.81096312,8.366149236,12.86349027,15.20911588,3.856306037,-23.85625191,-18.28526378
-11.1813414,-39.45625132,-17.13107971,-10.93708931,-9.276800489,1.815056426,-1.091659336,-8.569394207,-5.628702167,-9.636184473,-2.446339932,6.961376873,-1.174823419,7.349459474,16.19626777,14.68652333,0.212019204,-25.53492867,-22.02715052
-13.76304511,-41.80626426,-19.83287933,-11.00180737,-9.049886534,0.630827169,1.69855356,-4.683536656,-1.531824084,-2.687181297,1.96135113,7.850865686,0.442229451,5.780408336,16.74646032,13.36298109,-3.987468803,-27.32806414,-25.74815839
-16.05388112,-43.67689356,-21.6734093,-10.79282953,-8.492727552,-0.181032436,5.481889602,-1.521388796,1.905489542,2.384256458,5.065905234,6.039032521,1.317306998,3.846195229,13.98260069,11.29520415,-7.757597519,-28.91367285,-28.30934406
-17.22372842,-44.69925433,-22.05877777,-9.90692798,-7.72781001,-0.424806928,10.1856483,1.178762966,5.446839757,4.80134865,7.501597852,3.485036306,2.129281135,2.022803684,9.382799564,8.905128566,-10.1880791,-30.00641111,-29.17430455
-16.91578084,-44.86125618,-20.93680841,-7.980262796,-6.774635586,-0.050059714,14.49875514,3.671748891,9.529898704,5.880685434,9.916572508,2.104264033,3.400686383,0.859876259,5.645164574,6.67182639,-10.85312135,-30.61113201,-28.57251844
-15.27843178,-44.32423936,-18.69853323,-5.038337216,-5.541920932,0.816901317,16.85259487,5.754016491,13.72280567,7.934666277,12.34033462,2.618985551,5.028509449,0.615597187,4.888812344,4.768999083,-9.989585889,-30.97123677,-27.09711531
-12.72390244,-43.06901728,-15.82118514,-1.58299808,-3.974003908,1.906898416,16.68587205,6.766766069,16.942743,12.57010266,14.07927693,4.179668855,6.277548767,1.034483545,7.094473684,2.989388297,-8.295505382,-31.22210535,-25.07278946
-9.597493543,-40.66423036,-12.48395652,1.724192241,-2.206429456,2.907928375,14.8599664,6.108616484,18.29316458,19.5242997,14.25906384,5.026758543,6.289252392,1.489198402,10.01422801,1.07609268,-6.446732773,-31.01208075,-22.20928969
-5.980133306,-36.38469431,-8.406819453,4.591256682,-0.555631347,3.59009493,12.88842822,3.864791174,17.85396235,26.76991204,12.61164274,3.777777585,4.75938323,1.433188806,10.7730058,-0.778596537,-4.642947411,-29.43180409,-17.83944667
-1.754260486,-29.67519014,-3.040556509,7.417197378,0.684252304,3.889657497,11.7240166,1.007927982,16.76158031,31.78656904,9.870896632,0.478878668,2.274139591,0.84685303,8.084934954,-1.704570869,-2.50418634,-25.41128452,-11.58475261
3.109545518,-20.70115157,3.967096412,11.0774792,1.470250442,3.903076733,11.20914371,-1.072366053,16.46368313,33.16398136,7.413887932,-3.312899405,0.018770817,0.32675145,3.42734619,-0.484087819,0.586327367,-18.40945852,-3.943243163
8.242919634,-10.62232406,12.28314065,16.23185556,2.045025768,3.795285402,10.6205089,-1.419685672,17.69484507,31.49178093,6.373361436,-5.504940168,-0.965516227,0.711062345,0.183572264,3.681046637,4.91140758,-8.969659064,3.676027383
12.78615512,-1.352686802,20.68514557,22.61049438,2.71207928,3.682764513,9.680075428,-0.117213139,19.95763758,28.92943293,6.882392526,-4.859591893,-0.452544537,2.480092957,1.255817784,10.45611465,10.0174707,1.257176456,9.556599546
15.63715109,5.13443429,27.32751886,28.82024439,3.524324637,3.570430473,8.973966368,1.815120492,21.90539525,27.69794445,8.028412579,-1.857535165,0.851995468,5.354120302,6.85057558,18.24243066,14.78148995,10.10717485,12.53857287
15.95349973,7.612467125,30.41667731,32.88771681,4.16320358,3.38453504,9.330886537,3.160433246,22.31688592,28.48803705,8.544485453,1.555639192,1.823104721,8.385624349,14.10117673,24.8095886,17.9367758,15.80760537,12.57305227
13.62797242,6.084638864,28.98531001,33.2416053,4.146098725,3.074335479,10.77679647,3.320815163,20.89963365,29.91893161,7.692393549,3.166776834,1.6740947,10.49677562,18.88729128,28.36824908,18.73368045,17.67645894,10.61203306
9.427852474,1.67991442,23.35789934,29.51555558,3.220110578,2.702594483,12.16443215,2.60436529,18.32211389,29.52239085,5.662539379,1.82993236,0.415141547,11.1013947,18.59356007,28.44933273,17.31582039,16.23112891,7.936893077
4.666662392,-3.968690967,15.03480012,22.67024076,1.620095845,2.449707103,11.9744187,1.810844466,15.51347181,25.63272569,3.230785438,-1.930822956,-1.278904001,10.40065876,13.83918952,26.05616421,14.58170546,12.69433708,5.397395929
0.569760777,-9.501081062,6.036530846,14.40256581,-0.042985152,2.518268761,9.6391159,1.495260489,12.85417331,18.80318067,1.020296856,-6.387095119,-2.630373489,9.181359187,7.952723234,23.00616466,11.6426608,8.252296569,3.058694484
-2.288544311,-14.32887343,-1.937038023,6.279479173,-1.198900738,3.000230217,6.149828456,1.512597364,9.936616357,11.59155948,-0.98901935,-9.747963454,-3.293978451,8.289093627,4.606469085,20.8799364,9.243390841,3.536509564,0.438565402
-4.123205339,-18.61450026,-8.069613167,-0.837241802,-1.713791905,3.800818658,3.290670778,1.177433672,6.070665664,6.732701206,-3.312005899,-11.17903708,-3.485049712,8.146119178,5.334975352,20.22085592,7.508761997,-1.396551772,-2.89880312
-5.572183224,-22.81838202,-12.43261397,-6.788710718,-1.94148368,4.676085978,2.111633233,-0.145570801,1.077063762,5.022073791,-6.343583135,-11.072016,-3.675896858,8.608684751,8.682245017,20.44018211,6.131390574,-6.672027871,-6.849654282
-7.092750271,-27.15732174,-15.5131354,-11.69706572,-2.384834531,5.360491955,2.026839943,-2.533210241,-4.321316494,4.613039955,-9.840023273,-10.51371102,-4.165775493,9.192889005,11.48161273,20.41761323,4.803371606,-12.14110006,-10.72764079
-8.559468379,-31.33935127,-17.6482313,-15.54280997,-3.24611517,5.697427245,1.422494896,-5.473142674,-8.851517203,2.444732624,-12.95061221,-10.43722621,-4.878325189,9.451390866,11.23231683,19.35577809,3.543604901,-17.21755339,-13.67988638
-9.361448349,-34.72472705,-18.77202679,-18.06449116,-4.241820839,5.687098138,-0.720688499,-8.273616828,-11.50099965,-3.173096186,-14.76351983,-11.06219278,-5.50075479,9.22617956,7.832967169,17.32450103,2.680532185,-21.1172578,-15.24664842
-8.92851956,-36.76116564,-18.61277666,-18.97567615,-4.838085543,5.430932615,-3.680751306,-10.51319354,-12.12539697,-10.84619821,-14.89245971,-11.91710691,-5.780260262,8.645304583,3.518549388,15.17830155,2.529315523,-23.30749548,-15.66038723
-7.286279467,-37.3587078,-17.11657461,-18.22887054,-4.708364436,5.028775782,-5.449975492,-12.14081467,-11.37069928,-16.74276386,-13.61861935,-12.27861643,-5.689744696,7.93740699,1.204387524,13.96437137,3.041176165,-23.82447055,-15.67309583
-5.199743767,-36.92642969,-14.70018196,-16.06414136,-4.024433775,4.514620396,-4.459183136,-13.18566865,-9.997571068,-17.25973826,-11.50535836,-11.61765908,-5.333002748,7.246537305,2.528835482,14.25992878,3.723344894,-23.22008898,-16.03075229
-3.757574536,-36.0448631,-12.08522532,-12.8200921,-3.329049252,3.87695336,-1.005455115,-13.39918213,-8.177810802,-11.67551208,-8.854841712,-9.753589091,-4.716969472,6.580945931,6.955299353,15.87937359,3.917801251,-22.17035914,-16.95328436
-3.664989259,-35.01542495,-9.822784873,-8.718809331,-3.090847787,3.134963501,2.995544854,-12.20882282,-5.336955779,-2.646607765,-5.486163065,-6.731493275,-3.640848194,5.89281541,12.4029767,18.09439554,3.246344251,-21.02086464,-17.97069026
-4.743262721,-33.62144558,-7.893161012,-3.850348686,-3.312720121,2.393583094,5.791681846,-9.077023475,-0.659341315,5.91376668,-1.008283321,-2.664799573,-1.838006844,5.184643384,16.76765105,20.14296134,1.892979415,-19.58847947,-18.22308053
-6.000354046,-31.28625699,-5.72876658,1.626976954,-3.524499041,1.817979859,7.480326053,-3.990410028,6.157606833,11.87790306,4.674410437,2.251451472,0.732921101,4.543353975,19.17905371,21.63351323,0.508638559,-17.35422841,-17.02108073
-6.235133129,-27.52577807,-2.675828103,7.284676897,-3.17188823,1.536875254,9.937933834,2.324518436,14.48971963,16.34270238,11.07081469,7.582967869,3.701767723,4.087197242,20.20190891,22.58866421,-0.196254846,-13.9014867,-14.29193034
-4.763597162,-22.37172994,1.454318947,12.46563463,-2.083279313,1.547386551,14.90366145,8.652278076,23.01312771,22.23012935,17.26862371,12.57533257,6.391398206,3.887082886,21.04353964,23.19070833,0.127411678,-9.276385587,-10.61902292
-1.782868399,-16.45043023,6.188869618,16.60644681,-0.6305978,1.699850969,21.9226696,13.8401683,30.38055655,31.22050957,22.41134256,16.34427847,8.172516667,3.931064119,22.50478126,23.52544891,1.337113783,-4.002544021,-6.861682619
1.838310059,-10.64308085,10.72902084,19.6105266,0.547314021,1.78364125,28.17476616,17.27959626,35.85874377,41.69426816,26.11332776,18.30085645,8.830851902,4.14779218,24.45775754,23.58064184,3.032706553,1.263702837,-3.627402192
5.148167517,-5.559566627,14.56575472,21.95571374,1.032127718,1.659094512,30.62036343,19.03967222,39.53450668,49.60535311,28.54086073,18.53810285,8.694466784,4.451457004,26.12223432,23.48050454,4.940949112,6.176824807,-0.964141433
7.646927407,-1.207251846,17.87928142,24.40461293,0.930346455,1.345115541,28.72544297,19.65401751,42.05084274,51.73157689,30.18452334,17.86902299,8.437068352,4.764855143,26.79298295,23.67213099,7.118540521,10.89034333,1.521607832
9.423399342,2.888235693,21.37307543,27.49723513,0.757393271,1.003190004,25.2766246,19.77571915,44.13600974,48.60417311,31.55695591,17.41550353,8.686537618,5.013677368,26.39716406,24.77237033,9.791926332,15.80520477,4.221991456
10.86955565,7.174146035,25.6323163,31.18599578,1.008804292,0.831461138,24.30309718,19.91437525,46.23068243,44.49562014,33.01090828,17.95597005,9.674785869,5.119472071,25.47241051,27.07213951,12.95821944,21.02001952,7.095358201
12.24856632,11.53006464,30.48614678,34.86972237,1.772152937,0.942584296,27.686373,20.31620572,48.34721935,44.20509382,34.68247263,19.42301575,11.11386926,5.015999074,24.63570432,30.0526662,16.09136472,25.87892056,9.571888988
13.45500766,15.10145611,34.88141601,37.77807537,2.685955964,1.304908689,33.38157282,20.92691719,50.1170625,49.11840268,36.45147733,20.87104616,12.33858195,4.681778357,23.99297036,32.37574496,18.24787673,28.99969734,10.87898589
14.1171731,16.67166065,37.40914326,39.39910478,3.26154068,1.779032001,36.95948546,21.39622421,50.94347628,55.80508341,37.88853271,20.95822402,12.62292497,4.158861321,22.96882235,32.52505773,18.57136523,28.86885822,10.56083899
13.92174223,15.36498707,37.13979486,39.63739705,3.294898436,2.218530271,35.31858984,21.17553891,50.2371206,58.48001561,38.30950433,18.68715469,11.51879675,3.540250272,20.72348485,29.77661572,16.87532577,24.69918502,8.82194218
12.89755963,11.23095659,34.18976881,38.63324888,3.037715748,2.567443136,29.39678031,19.77160266,47.72487139,53.51413558,37.06719262,14.00446289,9.076331217,2.941845708,16.89600657,24.84873809,13.88873999,17.02857459,6.447815447
11.46094653,5.320389044,29.63463185,36.45654827,3.001622753,2.895844897,23.42807816,17.08784807,43.72293534,42.42164806,34.00509011,7.939567554,5.85622911,2.490231434,12.15352408,19.71652157,10.96163174,7.658758901,4.355804328
10.21578998,-0.809786993,24.85245897,32.97885084,3.559175254,3.35522214,21.26902577,13.6295673,39.16240504,30.88885235,29.75720661,2.204881638,2.719041803,2.333604317,8.107108765,16.61878969,9.395491611,-1.07683401,3.084035091
9.658496068,-5.858544715,20.76852302,28.05722925,4.649281158,4.079326854,22.99615664,10.35703876,35.22292992,24.56622364,25.57297273,-1.551921859,0.469205291,2.642118902,6.5395259,16.85329367,9.814426898,-7.31986576,2.554300452
9.960987073,-9.346743,17.50153491,21.88344338,5.797264549,5.082053311,24.89105954,8.201053504,32.70135521,24.94781601,22.66360947,-2.485614709,-0.484799297,3.553128454,8.352044308,20.12038398,11.94554435,-10.41671968,2.235008575
10.91671343,-11.6739954,14.58582997,15.19636026,6.418656843,6.205237483,22.98480923,7.543359607,31.52158113,28.57131191,21.4788476,-0.925263225,-0.275514767,5.060323609,12.88094875,24.80190757,14.87914711,-11.00874391,1.548447437
12.03226947,-13.69326553,11.52974952,9.148858998,6.184759208,7.14962869,17.04153312,8.048091516,30.80109925,30.07029612,21.4609138,1.808383513,0.560914673,6.913838248,18.07342507,28.92531138,17.56499017,-10.51428039,0.221215308
12.7040784,-16.11844004,8.276127541,4.88133992,5.215381842,7.587777208,11.2297677,8.992693951,29.534809,26.53232479,21.51100523,4.065776202,1.425290283,8.627419698,21.50728689,31.1374925,19.20216536,-10.36281729,-1.63904442
12.43025191,-19.13036972,5.270359119,3.071516285,4.007004765,7.317119484,10.54683506,9.852913146,27.46667801,19.67816815,20.85423323,4.694768177,1.985620776,9.638106576,21.69243584,31.10139388,19.34569529,-11.40608176,-3.728582222
11.01741433,-22.35611056,3.168093743,3.739740388,3.17459908,6.38128537,16.00209027,10.67555156,25.49651346,14.28398448,19.65213561,3.613758211,2.291879654,9.55874083,18.87261669,29.22634348,17.81903843,-13.7318142,-5.794401371
8.719988472,-25.13063431,2.460143753,6.398216952,3.166943707,5.088441732,23.07298652,11.93433164,25.24882693,14.36180564,18.89102393,1.829370215,2.629724645,8.382243341,14.83232597,26.13383132,14.65699598,-16.82315635,-7.733321974
6.225950459,-26.80654942,3.286683941,10.39943545,4.08686167,3.898341416,25.38043816,13.99572422,28.0470518,20.31068637,19.64508593,0.884537471,3.261235518,6.507945517,11.84045242,22.36006131,10.20366762,-19.84647106,-9.488378359
4.436536659,-26.93242489,5.503391373,15.23552375,5.66782388,3.219972041,20.82464318,16.66277659,34.01491133,29.2202847,22.30718447,2.034820127,4.270682784,4.564824636,11.40828857,18.46481946,5.26154269,-21.89041238,-10.86859947
4.092931093,-25.28797112,8.8487725,20.61922027,7.391422349,3.219484913,14.66971728,19.21252276,41.96334359,37.74326599,26.38172315,5.60130754,5.618440302,3.13153476,13.62235319,15.27459924,1.051557923,-22.12914488,-11.4802474
5.419143068,-21.88391366,13.01915486,26.35237032,8.693974979,3.742298105,16.02175767,20.92361061,50.13430884,44.85336902,30.94419384,10.83800552,7.305152319,2.509220008,17.37815962,13.83605342,-1.157853864,-19.98359274,-10.86257944
7.98099713,-17.01134476,17.59685301,32.12285313,9.187389831,4.393500574,29.63356818,21.6569369,57.21753241,52.10616411,35.31616062,16.34449837,9.442606537,2.654649332,21.21673772,14.92762801,-0.625901448,-15.32117537,-8.756357089
10.85939109,-11.30498283,21.95420271,37.38950692,8.803369422,4.730772368,49.54008551,21.98400383,62.86563997,61.34597073,39.3624296,20.74638319,12.12077155,3.272047625,24.11358787,18.42949494,2.425258899,-8.620482279,-5.330329644
13.05439533,-5.701015183,25.30708019,41.43921263,7.786019304,4.461902112,60.55053654,22.73006835,67.371284,72.07231292,43.20105514,23.25086276,15.17517992,3.975788715,25.72740934,23.07714571,6.828567575,-0.963848499,-1.220061918
13.89674223,-1.218402642,26.97054995,43.60256756,6.528506885,3.545200804,47.899444,24.30239256,70.879324,80.94001042,46.67132852,23.81898227,18.09550836,4.427435773,26.1136206,26.90342011,10.97701146,6.210984111,2.641585847
13.24447372,1.360408789,26.68131267,43.54406892,5.348247268,2.158401245,8.641654299,26.3724266,72.89428222,83.95953414,49.12514752,22.96174131,20.22992701,4.405912121,25.31801257,28.16823076,13.52283019,11.51460989,5.302824151
11.38631115,1.722098396,24.75895582,41.5041746,4.348032609,0.580686707,-43.86313702,28.19114295,72.57453944,79.59492736,49.79338756,21.37000644,21.18305984,3.828571758,23.26487059,26.1926814,13.85531795,13.97086849,6.045375776
8.760935673,0.020243968,21.96562302,38.35886709,3.457855539,-0.929836844,-86.57812443,29.27621126,69.59683922,70.1705793,48.41918534,19.6069228,21.09926469,2.754780606,19.98813894,21.5677999,12.11722718,13.18329019,4.530574001
5.706407527,-3.335218851,19.1318291,35.39842642,2.616204753,-2.202107027,-100.653184,29.88058161,64.82531819,60.41918112,45.56255116,17.96193894,20.56819022,1.375716847,15.88479542,15.65623851,8.857162661,9.294423194,0.842927855
2.410820933,-7.903056462,16.78811099,33.84054176,1.934270655,-3.153378842,-83.07753985,30.82453539,60.10953293,54.35627722,42.24288173,16.42895146,20.17857646,-0.031430677,11.64252752,9.791131645,4.652743134,2.865871024,-4.518877573
-0.920909351,-13.24967185,15.04485094,34.26189074,1.694595313,-3.757886624,-48.00734397,32.80962947,57.21934816,52.94254878,39.17541367,14.74036433,20.0487471,-1.193825475,7.827822539,4.726579865,-0.002154685,-5.190351388,-10.67108735
-3.833105585,-18.78016189,13.7861513,36.2541997,2.172243897,-4.018088704,-17.01412482,35.77910972,56.65253231,54.18997707,36.2443365,12.45219387,19.71258874,-1.945030418,4.492041667,0.621622964,-4.528141114,-13.62831494,-16.4159241
-5.533645479,-23.56490804,13.01016354,38.56018679,3.421299052,-3.951140792,-5.348829169,38.86246804,57.22060664,55.2844604,32.67802453,9.122966809,18.47204174,-2.279927857,1.194308461,-2.602979642,-8.069416922,-20.9682262,-20.41497501
-5.097202567,-26.43658955,13.02659305,39.69103524,5.206104095,-3.584487115,-13.77333566,40.96067243,56.77228123,54.76007291,27.7917351,4.574990672,15.94906911,-2.32741112,-2.515332869,-4.942680559,-9.590619323,-25.8161777,-21.50676798
-1.91973068,-26.4574525,14.30978609,38.70489902,7.13606327,-2.955721652,-30.92326575,41.49995174,53.57361574,53.00253525,21.66753796,-0.89329606,12.39905342,-2.26480434,-6.550348277,-6.307816436,-8.341763933,-27.37346839,-19.12877459
3.798000712,-23.54251702,17.05738,35.67001593,8.886738462,-2.122327342,-43.28508446,40.7526104,47.38825426,51.01152776,15.19500188,-6.526878828,8.538792463,-2.240205841,-10.18930162,-6.784630358,-4.438842495,-25.89266936,-13.69518318
10.8403961,-18.81287354,20.75326777,31.50240469,10.31699763,-1.184637599,-44.76918339,39.49749236,39.55047512,48.86870394,9.458009125,-11.43292581,5.044640768,-2.353524085,-12.57883654,-6.848136754,0.865698764,-22.76048812,-6.712968964
17.25113779,-14.33676591,24.09664576,27.28218769,11.39360042,-0.305354022,-39.13961505,38.34529739,32.07903104,45.43890221,5.024358001,-15.03644283,2.150239719,-2.685891442,-13.4563939,-7.263582974,5.511865964,-20.04189204,-0.460218401
21.05696665,-12.27759181,25.46271729,23.52731202,12.02256449,0.307302556,-34.7055629,37.31295215,26.53715333,39.53245853,1.762543106,-17.35509956,-0.320821328,-3.317652009,-13.46883084,-8.694711249,7.480711756,-19.6294688,2.77107448
21.1269306,-13.87335371,23.70695905,19.94453692,11.98505824,0.47119899,-36.56303875,35.98407255,23.41507009,31.34751839,-0.689102818,-18.85993041,-2.540343415,-4.287177655,-13.75646482,-11.29474709,5.73121692,-22.40423444,1.610177855
17.70934247,-18.83191685,18.84391283,15.82580837,11.08140222,0.129331206,-42.81087755,34.0650342,22.30467105,22.77403467,-2.290346619,-19.99115696,-4.280118293,-5.509553045,-15.07886438,-14.57501058,0.702267794,-27.84544539,-3.724702896
12.30550009,-25.50835415,12.13708674,10.76467834,9.374277303,-0.59213153,-47.17056784,31.80170921,22.51382174,16.22528809,-2.457716081,-20.69375496,-4.93468751,-6.733748998,-17.16719589,-17.63133301,-5.908707939,-34.29506949,-11.43601545
6.89325456,-31.76411468,5.469148487,5.116555437,7.288208458,-1.427589775,-45.00167922,29.8579799,23.53438951,13.01624852,-0.614689695,-20.3671582,-3.99503313,-7.607186896,-18.83627204,-19.55746416,-11.96706983,-39.7284801,-18.93428267
2.912015022,-35.99905279,0.330918361,-0.170046845,5.410377225,-2.11288402,-37.30411453,28.74930462,25.06213129,12.68661965,3.038924606,-18.32277244,-1.584722294,-7.835225768,-18.78811592,-19.7881045,-15.8678636,-42.6220257,-24.05616546
0.601651571,-37.76582957,-2.943469064,-4.214516586,4.095875216,-2.539263653,-29.55347648,28.33806415,26.74908477,13.76633168,7.286806779,-14.4253081,1.433160935,-7.335948614,-16.48690773,-18.2265178,-17.13860935,-42.4873818,-26.05489147
-0.902162197,-37.66731849,-5.187917126,-6.812251045,3.188405883,-2.809971205,-26.8278756,27.86612797,28.09567366,15.17311775,10.52837505,-9.40053091,3.941797861,-6.277048536,-12.44505461,-15.18745062,-16.40418625,-39.85526486,-25.77373419
-2.785702654,-36.69697389,-7.641216842,-8.479436715,2.123297351,-3.14805468,-29.64668312,26.54441227,28.67907289,16.92282074,11.86217748,-4.511371611,5.311381002,-4.962686048,-7.758898416,-11.26701639,-14.80960388,-35.79755049,-24.88051086
-5.610026208,-35.50385537,-10.92419054,-9.888786929,0.38815173,-3.712316211,-33.96174427,24.22878663,28.50261797,19.55727532,11.7411781,-0.794059509,5.80647559,-3.652623364,-3.339387702,-7.203033094,-13.27964128,-31.30221324,-24.63936822
-8.835818977,-34.05215517,-14.47251204,-11.17021502,-1.993728721,-4.45289499,-34.97961871,21.61066096,28.05681129,22.94437932,11.60057245,1.578184663,6.303485523,-2.448692654,0.515859351,-3.711807116,-12.04183583,-26.85094152,-25.02319596
-11.13611828,-31.83680529,-16.83669159,-11.68705366,-4.351242133,-5.115534573,-31.31441614,19.73418816,27.91352346,25.71127573,12.68103367,3.296525622,7.508806255,-1.327506006,3.91939372,-1.291298731,-10.6480414,-22.39821254,-24.76967109
-11.26859734,-28.43889909,-16.64708472,-10.51881804,-5.75186367,-5.395789411,-25.97306676,19.20461959,28.13199419,25.98248585,14.95784167,5.255322717,9.289410669,-0.27727022,6.850444738,-0.064084499,-8.427288488,-17.70909445,-22.35553158
-8.897100642,-24.00696066,-13.55839394,-7.285033101,-5.620811753,-5.133248284,-23.59356985,19.71382763,28.0081345,22.86348066,17.04880663,7.733407511,10.66800645,0.588956276,8.847992945,0.215461304,-5.063742105,-12.81153121,-17.22521903
-4.808084028,-19.33951267,-8.500351979,-2.629432724,-4.129714643,-4.408651368,-26.5186361,20.26074312,26.47821982,17.36841569,17.21500963,10.07396503,10.52406236,1.049365871,9.265783117,-0.056415643,-0.943030214,-8.260020977,-10.41511343
-0.415964638,-15.53178224,-3.07372286,2.067752474,-2.062081903,-3.484095549,-33.0382329,19.8895213,22.94379419,11.91369452,14.69533304,11.14349587,8.479244652,0.91405324,7.866402781,-0.636581114,2.937498041,-5.021732837,-4.118807413
3.045950187,-13.43044127,1.435258493,5.55389341,-0.272015302,-2.64433106,-39.05569534,18.35927111,17.87480411,8.708095262,10.33842924,10.22869017,5.28089012,0.179686077,5.189449326,-1.593524807,5.439269021,-4.025091223,-0.46918651
5.068908896,-13.24013195,4.677412885,7.457740542,0.832828389,-2.060305132,-41.50186936,16.22396356,12.6496885,8.296884198,6.039101364,7.658854518,2.366933732,-0.924772493,2.305735229,-3.17354001,5.860150996,-5.629096007,-0.353143748
5.823703387,-14.50416583,7.060453586,8.315608382,1.392744118,-1.758320164,-40.55454131,14.27916663,8.664033458,9.369268175,3.409419381,4.633941853,0.913831354,-2.035743124,0.110170623,-5.464479082,4.28988312,-9.346113832,-3.039534169
5.680974546,-16.43914403,8.97387265,8.849445785,1.749749857,-1.679780051,-39.01108593,12.83389102,6.337384925,9.883683046,2.682930387,2.359466805,1.056255521,-2.819145396,-1.272001106,-8.141418075,1.547649509,-14.02007838,-6.821550734
4.764159297,-18.39778793,10.10711553,9.11686983,1.9959892,-1.74704248,-39.68038999,11.39449957,4.778096732,8.538987694,2.634737899,1.151049212,1.832046464,-3.084042354,-2.46627668,-10.54437271,-1.251768643,-18.38811801,-10.17509883
2.916396217,-20.18067635,9.476846956,8.294110964,1.832547722,-1.869206853,-43.17580043,9.014675534,2.398946485,5.468494508,1.509161028,0.218101139,1.866414248,-2.788823104,-4.230043058,-12.07615494,-3.249416017,-21.70180799,-12.61597595
0.070937384,-22.0285216,6.202637431,5.348648683,0.867263372,-1.904016305,-47.84346039,5.046224404,-1.937413716,1.793165429,-1.776273254,-1.68221268,0.286633674,-1.982343478,-6.751213644,-12.62657314,-4.204579554,-24.02506954,-14.70991221
-3.34578324,-24.32255742,0.443610912,0.102887808,-0.918071486,-1.654829235,-51.53932779,-0.273868782,-8.068633246,-1.395591824,-6.996535578,-5.209732974,-2.762722781,-0.768618607,-9.443927357,-12.67330416,-4.48854451,-26.01614958,-17.32522631
-6.380764044,-27.18689423,-6.266582849,-6.192318131,-2.96441368,-0.958925741,-53.44838642,-5.828775263,-14.58355763,-3.738109835,-12.88731957,-9.817024553,-6.296535147,0.663878344,-11.39370214,-12.94611727,-4.752536308,-28.33049878,-20.74205515
-7.980499554,-30.23712749,-11.62403561,-11.32545687,-4.414362073,0.169928362,-54.36660958,-10.20479699,-19.70858141,-5.567962684,-17.97267286,-14.01314371,-9.143860005,1.999824319,-12.06190357,-13.88604048,-5.492452456,-31.03372104,-24.27955749
-7.579852795,-32.63452225,-13.73698083,-13.38157983,-4.680112919,1.459871239,-55.44327693,-12.4351556,-22.36538069,-7.403910967,-21.30020978,-16.3095247,-10.5775046,2.837145459,-11.66261875,-15.29932685,-6.766068333,-33.41355992,-26.67743546
