P4,O2,P8,T8,C4,Cz,Fz,F4,Fp2,F8,Fp1,F7,F3,C3,T7,P7,P3,O1,Pz
-51.61884322,-30.39941561,-24.31300785,7.389380071,-13.22901015,-10.76139979,5.084430478,-5.839504273,-3.27488077,-23.84452646,-14.72318699,6.754806951,-8.827443108,-10.0372262,0.931522877,-17.74812746,-9.480627604,-49.1275593,-18.13723397
-39.94730301,-25.2941473,-23.75887341,3.385034702,-21.65177027,-9.208935795,14.76463689,0.896153519,-27.42626946,-22.84968359,-16.92930404,-6.257747303,-6.850913922,-15.2536602,-6.019814092,-19.57443889,-17.67810789,-39.30648026,-20.08803881
-21.72977211,-19.88933693,-22.35190805,1.802598517,-22.71066994,-5.351815759,14.88557073,5.079453376,-43.52706756,-20.0547343,-13.94756708,-19.91287867,-3.829179154,-18.95547119,-14.74048083,-22.10669551,-23.99886347,-24.56438835,-18.54752977
-6.229574037,-17.13245864,-21.18166489,2.72448687,-17.90957633,-1.587796619,5.555762527,5.72895134,-49.72831239,-17.52983148,-9.453306182,-29.93912345,-1.801412681,-20.96287749,-22.199697,-25.84944857,-27.84987872,-12.97706051,-15.52345255
-0.650671112,-18.77549733,-21.26737093,5.432411158,-11.65018436,0.088289652,-7.16354779,3.199369718,-49.68077934,-17.62663622,-7.671597012,-34.27285151,-2.218602373,-21.94055424,-25.90531172,-30.78140122,-29.98403068,-10.53001629,-13.30609635
-5.742292138,-24.20729276,-23.01007356,8.346951898,-8.39107042,-0.625504653,-15.79179058,-1.209387149,-49.14705645,-21.18145867,-10.49252403,-33.8321521,-4.828979462,-22.46724412,-25.42906387,-35.70473878,-31.27901291,-17.1157905,-12.83490445
-15.96274669,-30.71357053,-25.90077072,9.460539791,-10.00781278,-2.338368856,-16.67413429,-6.021217682,-51.82991171,-26.80408564,-16.39720357,-31.42917427,-7.817444561,-22.43850987,-22.61437735,-38.63342153,-31.79152352,-26.97030095,-13.30720264
-23.80486001,-35.06769984,-28.76726457,7.323948907,-15.09749499,-3.163383707,-12.00974994,-10.20799012,-57.43170901,-31.79608957,-21.84884898,-29.76595257,-9.134711489,-21.31540297,-20.28940507,-38.08782131,-30.90491841,-33.06980421,-13.16806996
-24.89540795,-35.41079433,-30.49182749,2.049692519,-20.47673538,-2.137718549,-7.402424903,-13.35987147,-62.97032865,-33.9951818,-23.9713952,-29.95857764,-8.012464171,-18.90806907,-20.38812828,-34.31071617,-28.31581075,-32.04075057,-11.54013915
-20.22277262,-32.18745319,-30.75104457,-4.488448227,-23.5666638,0.191716131,-7.180837472,-15.4794277,-65.83235219,-33.17159664,-22.48075306,-31.45720948,-5.504635969,-15.9038342,-22.81556486,-29.39455317,-24.83862684,-25.96679633,-8.923295401
-14.32954669,-27.60132088,-30.2411547,-9.636387167,-23.89633647,2.352671148,-11.27665376,-16.70909434,-65.94076766,-30.99851829,-19.54535582,-33.1095943,-3.663654158,-13.61848077,-25.82850942,-26.13433591,-22.20193569,-20.09362153,-6.71683145
-11.39888084,-24.09604252,-30.1808945,-11.57764609,-22.83271304,3.125679347,-15.91301661,-17.2282144,-65.46448611,-29.72556895,-17.89751261,-34.34231712,-4.034941018,-13.17669094,-27.55933416,-26.39869551,-21.94470096,-18.59919948,-6.110451635
-12.42866384,-22.96540616,-31.41386203,-10.42532493,-22.06741612,2.360578649,-17.15776939,-17.30610561,-66.65794344,-30.61862506,-18.78156621,-35.5377329,-6.655945632,-14.82823081,-27.46538345,-30.14668134,-24.33405372,-21.7944673,-7.316361796
-15.35086416,-23.9477466,-33.75331162,-7.924107896,-22.22203527,0.875039294,-14.20529474,-17.33119794,-69.85923431,-33.2942999,-21.27533414,-37.46542378,-10.27513892,-17.94054501,-26.59180239,-35.67900223,-28.20434518,-26.59729624,-9.6840539
-17.38076306,-25.83625624,-36.0503343,-5.965164712,-22.61124583,-0.336745448,-9.75894673,-17.69520013,-73.30921421,-36.29413872,-23.30809918,-40.38982053,-13.47512514,-21.56799953,-26.49877194,-40.78777261,-31.81259108,-29.37253124,-12.41163526
-17.27721093,-27.42627938,-36.92759838,-5.091096806,-22.12534399,-0.850843721,-7.480710651,-18.60319052,-74.76175127,-38.28574494,-23.3652666,-43.63247435,-15.67074853,-25.0013929,-27.76029104,-43.9088686,-33.95658376,-28.57617247,-15.09882025
-15.72138488,-28.04911574,-35.62507238,-4.200551144,-20.31057125,-0.929704213,-8.880919401,-19.98987738,-73.36001293,-38.8985806,-21.4684674,-45.8898955,-17.150925,-27.80488051,-29.26163708,-44.56437044,-34.45185266,-25.25667263,-17.65474381
-13.94326849,-27.46780429,-32.34724258,-1.677925394,-17.71829829,-1.030172062,-12.27656032,-21.63059415,-70.17937992,-38.63528326,-18.77604975,-45.97628319,-18.24281486,-29.42562608,-28.8697666,-43.04979649,-33.70320309,-21.52718781,-19.77288751
-12.22535324,-25.51174158,-27.92338737,3.019394414,-15.35034383,-1.240077275,-14.50473143,-23.3370568,-67.11629071,-38.1166854,-16.34505443,-43.40455334,-18.48488987,-28.93807767,-24.95971571,-39.86613801,-31.92366214,-18.71750065,-20.63760246
-9.749212615,-21.97917776,-23.13888945,8.670586681,-13.81751883,-1.175702672,-13.71950486,-25.03206572,-65.23523794,-37.4250704,-14.2211128,-38.47420517,-16.6844068,-25.38304192,-17.61820569,-35.41461258,-28.80911574,-16.78500858,-19.30805882
-5.769993993,-16.95754275,-18.31354331,13.09316356,-12.97891358,-0.402034976,-10.82816477,-26.61659728,-64.04356929,-36.1246481,-11.61573368,-31.98609752,-11.91348541,-18.55849269,-8.619524283,-30.06605858,-23.97091923,-15.10726367,-15.54329173
-0.790779145,-11.19970835,-13.4252631,14.77230745,-12.28964449,1.051509439,-8.466843616,-27.77213152,-62.23002011,-33.87867922,-7.916097517,-24.92553504,-4.596032228,-9.581279649,-0.233445806,-24.33134083,-17.6597281,-13.49974423,-10.32635155
3.533016748,-6.049120514,-8.563928721,13.96894502,-11.41043136,2.583898691,-8.586058479,-27.95057346,-59.0832371,-31.04195838,-3.549348618,-18.30297101,3.332807074,-0.600817657,6.197265611,-18.83625561,-11.00446348,-12.34287411,-5.505022943
5.740757538,-2.777745284,-4.208522141,12.42446949,-10.44591503,3.446514455,-10.81465647,-26.66112,-55.26878275,-28.63748231,0.113503336,-13.05013798,9.474106144,6.29359126,10.85823953,-14.0914567,-5.425689978,-11.83652101,-2.684668347
5.901464072,-1.759481162,-1.006799381,11.97471519,-9.610598944,3.338219521,-12.93981266,-23.8747179,-52.29488056,-27.67283684,1.765692727,-9.782053563,12.47238844,10.22720525,14.88935134,-10.30289212,-1.659756843,-11.38138535,-2.172017536
5.648478466,-2.13825974,0.771585428,13.26717004,-8.724711819,2.655334688,-12.92786655,-20.19789518,-51.18921068,-28.33105114,1.23918987,-8.451062288,12.80819881,11.89123176,19.19998001,-7.425590853,0.766091515,-9.923084658,-2.793481151
6.824282479,-2.32647829,1.589309206,15.60064879,-7.13047861,2.177623896,-10.63124818,-16.60241363,-51.57182225,-29.69567426,-0.259115466,-8.19444708,12.25471023,12.8243536,23.65249246,-5.39090277,3.113502903,-7.003884938,-2.75408249
9.930228383,-1.032535493,2.406957217,17.87262482,-4.212251533,2.451345758,-7.737042493,-13.85385023,-51.90847728,-30.2537475,-0.955331202,-7.674802312,12.45136592,14.18929107,27.21514008,-4.24322365,6.372319635,-3.413479178,-0.899034863
13.75265066,1.910309787,3.96966135,19.66629418,-0.087413685,3.376862096,-6.143096937,-12.06347708,-50.6884251,-28.82255349,0.276027402,-5.853225032,13.73820211,15.98438763,28.86966855,-4.025592843,10.41595275,-0.638287834,2.554114592
16.45726928,5.502076853,6.175681767,21.47264802,4.201855106,4.322103623,-6.302958812,-10.73256811,-47.53120488,-25.24847349,3.211418359,-2.710344032,15.13041038,17.2455991,28.4773025,-4.551164942,14.05633406,0.478934351,6.304524212
17.11978631,8.314652739,8.077705874,23.91550271,7.276470751,4.640844827,-6.999103027,-9.27987043,-43.38708874,-20.43432559,6.547237312,0.649857932,15.34133156,16.98639015,26.89943589,-5.365442904,15.94118558,0.553217353,8.97630738
16.31121033,9.433219824,8.579063685,26.80700853,8.38207418,4.158177844,-6.645834737,-7.638725134,-39.82102811,-15.75515891,8.812079712,2.672806787,13.92175053,15.06732821,25.31358068,-6.033357152,15.56638989,1.012158873,10.04334457
15.28235968,8.921455684,7.316913283,29.02413929,7.949261461,3.247718287,-4.85628272,-6.421860978,-38.07709468,-12.30972012,9.165625818,2.365048004,11.57073512,12.31848442,24.31272112,-6.516970244,13.62919881,2.467568131,10.0274699
14.6122975,7.550784402,5.049026748,29.41674188,7.272354647,2.485701836,-2.836357197,-6.474909839,-38.62362991,-10.46578691,7.561279031,-0.082391171,9.450996974,9.898598445,23.51626083,-7.222956662,11.52168474,3.686963571,9.953917374
13.66558905,6.108745126,3.230744887,27.95223882,7.547832566,2.204338433,-2.282303808,-8.13140372,-41.29389298,-9.86747486,4.370835472,-3.501634103,8.198457681,8.482338493,21.97777456,-8.540433603,10.43736585,2.393252689,10.59474512
11.40045335,4.870094847,3.08319153,26.00050052,9.040273271,2.306084435,-3.811876006,-10.75053226,-45.59918059,-9.76936231,-0.005517146,-6.586761253,7.509674556,7.929222383,19.03443318,-10.19592123,10.77894745,-2.526074308,12.07815956
7.740567509,3.598272384,4.819325691,25.36655323,11.01894694,2.44125129,-6.345821548,-12.94041439,-50.80863226,-9.463449643,-5.147959691,-8.69342305,6.598151928,7.610027427,14.9158797,-11.05394323,12.19529908,-9.305670664,14.03131045
4.122171787,1.971052489,7.53877819,26.78663584,12.44357367,2.342453539,-7.976409484,-13.37092528,-55.86035427,-8.647091658,-10.35309494,-10.01841945,5.007403342,7.005528419,10.64754816,-9.736039166,14.02457006,-13.86154466,15.97069992
2.545344322,0.003950253,9.787413079,29.13888208,12.7568659,2.014660988,-7.539546012,-11.63832456,-59.52086083,-7.663009005,-14.56606518,-11.13456633,2.989853256,6.03000947,7.342773134,-5.745749748,15.67550618,-12.5775892,17.54631374
3.862518023,-1.88117653,10.33610103,30.09488024,12.10517695,1.651763258,-5.521371356,-8.589189843,-61.00818235,-7.518131628,-16.82179047,-12.38550308,1.133758922,4.86145948,5.434965308,-0.233225454,16.69953379,-5.251794428,18.51107364
6.838214036,-3.140027278,8.689614576,27.78023835,10.8758845,1.407597475,-3.557140745,-5.875902715,-60.7044251,-9.546268364,-16.96669629,-13.6913685,-0.326016508,3.541023046,4.423368822,4.356451967,16.70427752,4.27597321,18.6126943
8.937411695,-3.44085311,5.149077239,22.19168211,9.090129823,1.256732694,-3.017703993,-5.025444652,-60.23516436,-14.6965086,-16.02508956,-14.86560392,-1.76594933,1.795296062,3.307787717,5.716891703,15.41237533,10.58103719,17.66078711
8.309234245,-2.756869565,0.592402636,15.31131159,6.324307948,1.061675324,-3.925324788,-6.598888307,-61.55181363,-22.73037775,-15.73467171,-16.03156674,-3.68520447,-0.711252985,1.384854076,3.271204576,12.93736808,10.46117245,15.77518018
5.33654903,-1.19302009,-3.783693213,9.881490879,2.316459874,0.752320355,-5.080505536,-9.923464881,-65.51085324,-31.86648928,-17.4332621,-17.63984244,-5.928716863,-3.918679826,-1.168098381,-1.260661217,9.997383868,5.166354371,13.54815752
2.413721712,1.216988325,-6.694159922,7.79720685,-2.295686014,0.424100184,-5.193253516,-13.499283,-71.03955194,-39.30995451,-21.08715286,-20.00713152,-7.454694142,-7.152147857,-3.334697972,-4.842781228,7.71453743,-0.698498414,11.85492744
2.078187106,4.501495989,-7.076802846,9.250655508,-5.899395823,0.25582068,-3.979694982,-15.79440215,-75.68195536,-42.57222238,-25.25158646,-22.82353002,-7.058722241,-9.400725417,-3.90811191,-5.057196135,6.978557348,-2.719940275,11.34891636
5.006813672,8.52559628,-4.532981581,13.05970019,-6.790089954,0.332067782,-2.304624506,-15.97569916,-77.26168249,-40.85246638,-28.07733384,-25.18610011,-4.582738304,-9.940426332,-2.325044189,-1.662302983,7.799775778,0.124829615,12.00161911
9.502337594,12.78855946,0.300562907,17.68220144,-4.454528242,0.547329998,-1.345650977,-14.2258422,-75.43541886,-35.54020894,-28.64340572,-26.26523146,-1.575381303,-8.859053882,0.856144723,3.31683121,9.200083664,5.051125196,13.07138484
12.84388901,16.49155001,5.796744202,22.03013845,-0.222806095,0.686201391,-1.590096385,-11.55145015,-71.90619218,-29.3924811,-27.59711654,-26.08525461,-0.676697051,-7.103783054,4.151848998,7.009934823,9.819967649,7.966303031,13.56124053
13.33815447,18.88320668,9.965631702,25.58071011,3.371587885,0.603334962,-2.534781791,-9.233380495,-69.10324179,-24.86546357,-26.59891064,-25.69351725,-3.981270396,-6.011857279,5.926489037,7.60167718,8.837288309,6.717396424,12.82894321
11.38975109,19.62481099,11.39589543,27.99293728,4.204419844,0.335210075,-3.260171602,-8.206009148,-68.38603918,-22.75024999,-27.00949451,-26.45087843,-11.49764086,-6.621378555,5.288772214,5.374848279,6.501574091,2.48853197,10.89607809
8.814578288,18.87867726,9.920600209,28.81716617,2.009114278,0.048074911,-3.2742882,-8.655824888,-69.22892079,-22.09753996,-28.86199213,-28.94454273,-20.84435052,-9.160248751,2.57293248,2.234810517,3.863178897,-1.563403053,8.271216025
7.126493756,17.05999267,6.538024624,27.6521792,-1.443373363,-0.112968464,-2.85708075,-10.01943323,-70.01671558,-21.46084957,-30.9294231,-32.42264063,-28.46223652,-12.95779942,-0.890710701,0.169276615,1.913000601,-3.058771396,5.511671662
6.332413815,14.49382459,2.646182419,24.56522474,-3.626938715,-0.118813162,-2.668704496,-11.37256022,-69.70788169,-20.44602417,-31.80693418,-35.27977358,-31.55196378,-16.77189158,-3.579306974,-0.181006152,0.821638182,-2.181215472,2.931641025
5.225219396,11.30493378,-0.826389174,20.29394736,-3.0929146,-0.007755484,-3.071875122,-11.99940781,-68.8745808,-20.26866449,-31.1038533,-36.25201013,-29.48722376,-19.34034858,-4.656249417,0.166439192,-0.11734434,-1.176367329,0.667943222
2.804125219,7.644823146,-3.743685556,15.96076954,-0.502392524,0.23826839,-3.825598871,-11.817107,-69.17084963,-22.78020176,-29.76006262,-35.34958912,-23.90816719,-19.90649617,-4.369736063,-0.520809733,-1.806105363,-2.235120721,-1.061277218
-0.513234732,4.017909098,-6.364006157,12.50713734,1.907011204,0.738673778,-4.392157416,-11.39487881,-71.66734889,-28.677229,-29.23258769,-33.74276461,-17.64093632,-18.50106104,-3.722689919,-3.250741251,-4.476280694,-5.654297288,-1.860259504
-2.984933236,1.322022496,-8.67385605,10.31510655,2.015048841,1.602656562,-4.500573662,-11.54953342,-75.5322893,-36.35946388,-30.23975743,-32.7030836,-13.27110501,-15.85372771,-3.654164849,-7.42191486,-7.325699874,-9.695554936,-1.398587001
-2.869109124,0.427968514,-10.14179213,9.282566653,-0.594121043,2.75314907,-4.401182046,-12.78097451,-78.3112818,-42.49852479,-32.12380454,-32.53783365,-12.18501668,-12.95953189,-4.316266895,-11.09265572,-8.94437058,-12.00520925,0.204426998
0.151250304,1.537138842,-10.19243059,9.174250204,-4.323315927,3.873605752,-4.592483337,-14.93273429,-77.71973937,-44.07683063,-33.38621431,-32.48873585,-14.36131963,-10.51671601,-4.97530969,-12.19679715,-8.222018464,-11.26283996,2.251918683
4.615586512,3.823632722,-9.007223765,9.834268258,-6.737434332,4.577570254,-5.331933725,-17.31206926,-73.53355273,-40.45594079,-32.97613099,-31.7192377,-18.68691029,-8.57859766,-4.624044657,-9.901332544,-5.105464439,-7.833861876,3.806112967
8.239854757,5.73150967,-7.870559633,11.05028405,-6.334074853,4.694972578,-6.432142153,-19.17132484,-67.99050308,-33.90733666,-31.27008507,-30.49528472,-23.46409705,-6.683111463,-2.863302986,-5.258474059,-0.72528063,-3.276036284,4.272281765
9.358221725,5.827556659,-8.578067732,12.28926775,-3.61493808,4.432596117,-7.524892522,-20.18371586,-64.27921061,-28.13612369,-29.90201156,-30.38428487,-26.97902205,-4.413931463,-0.385201664,-0.76213225,3.139314678,0.547893831,3.74933673
7.75469142,3.663707874,-12.20571884,12.72766583,-0.714283905,4.241179173,-8.484027493,-20.55870287,-64.24576789,-25.82800397,-30.51489841,-33.07404635,-28.1370206,-1.989726581,1.345272919,0.951214259,4.90087713,2.050747043,2.834790783
4.430525929,0.045992932,-18.15693849,11.73524102,0.099185341,4.464488679,-9.533569493,-20.73591409,-67.10150918,-26.99032939,-33.37781166,-38.64760455,-27.01936794,-0.370744605,1.031077867,-1.436561217,3.861382216,0.211554141,2.049102645
0.758781257,-3.491041849,-24.30623117,9.469241223,-2.044190321,5.050905463,-10.89809471,-20.93956428,-70.12227977,-29.25630986,-36.94682021,-44.78629192,-24.96986156,-0.675452933,-1.547030571,-7.081891657,0.48634184,-4.976565162,1.403482391
-2.166993868,-5.637856358,-28.26326289,6.992984172,-6.092527667,5.584051722,-12.35007113,-20.98300787,-70.74334886,-29.84192078,-38.74056985,-47.79291502,-23.88024276,-3.246325664,-5.307229023,-13.24240101,-3.794445555,-11.86489451,0.527184361
-3.602489052,-6.024293392,-28.90117242,5.646780232,-9.837427565,5.634252052,-13.16772955,-20.4889003,-68.37572523,-27.63385227,-36.91175301,-44.91248621,-24.86094339,-7.070833288,-8.500267155,-16.59440627,-7.154899237,-17.0517009,-0.741659788
-2.939220905,-5.224687417,-27.04013829,6.051995509,-11.35027892,5.152057816,-12.65087345,-19.31870483,-64.56146468,-23.86450188,-31.39192686,-36.30250494,-27.10818995,-10.10415443,-9.754910139,-14.98475919,-8.118597649,-16.66646142,-1.866263393
0.247612468,-4.123288616,-24.78006694,7.547109241,-10.08826871,4.562794945,-10.78050035,-17.80549063,-61.46892686,-20.97293608,-23.83532379,-25.12462872,-27.90998299,-10.40422849,-8.80737968,-8.677907488,-6.212098408,-8.83632003,-1.767133027
5.754559806,-3.174763924,-23.9789795,8.612824454,-6.999762093,4.448372109,-8.396275381,-16.53973214,-60.04426955,-20.63434035,-16.48492892,-15.57586972,-24.08240173,-7.341408624,-6.446829179,-0.323000053,-2.208409594,4.270695972,0.372297965
12.37499903,-2.133760703,-24.99714006,8.071751147,-3.69605602,5.045340583,-6.643994044,-15.85013703,-59.32353798,-22.4941971,-10.82851895,-10.2297812,-14.07058463,-2.014443496,-3.802864659,6.470709637,2.25057193,16.77829466,4.264869898
18.1901537,-0.426612681,-26.5934619,6.16367457,-1.35150887,5.963431666,-6.100245222,-15.41753972,-57.3762332,-24.49495704,-6.965477132,-8.595830749,0.695085989,3.456624091,-1.566535853,9.211250546,5.548565582,22.32998321,8.400262901
21.58040817,2.177821662,-26.97034061,4.597190473,-0.070634294,6.380073649,-6.316030506,-14.39221356,-53.00148981,-24.41395204,-3.992388891,-7.89122068,16.23099495,7.269497803,0.27834063,8.011253665,7.029042977,18.39448381,10.89145486
22.2799428,5.17028614,-25.11959137,5.422579345,0.953807902,5.600271995,-6.201789888,-11.98732434,-46.74617686,-21.36461198,-0.958009332,-5.359906586,28.06204076,8.956244833,2.096122853,5.500574835,7.361558109,8.523895311,10.74867503
21.59650025,7.523551218,-21.46307778,9.500865384,2.724766657,3.576704569,-4.957216528,-8.114243992,-40.45935167,-16.17921028,2.390624888,-0.355596075,33.5913894,9.38953752,4.013805018,5.141911805,8.039184037,0.524244284,8.634557021
21.51212361,8.39091379,-17.38402731,15.71984611,5.715509557,0.999575669,-2.761871686,-3.554542198,-35.83708527,-10.5606797,5.564984547,5.327740705,33.23120369,9.876125466,5.667807017,9.001302678,10.30452942,1.425454901,6.48892287
23.29689303,7.761050486,-14.09906682,21.60519778,9.596488517,-1.117916845,-0.631817414,0.494265647,-33.1967132,-5.825949988,7.889713637,8.99796453,29.64954245,11.11015535,6.522117271,16.44746781,14.25541829,12.69293615,6.253024572
26.69914615,6.569603595,-11.76525578,24.95328333,13.51134222,-2.061488393,0.437139714,3.172840062,-31.44360064,-2.239019684,9.127691964,9.191996805,25.82582879,12.79152198,6.475474103,24.65656384,18.79521734,29.17332968,8.608474667
30.31447586,6.156128065,-9.458826215,25.3387941,16.63376667,-1.808288202,0.300701491,4.44733523,-29.16000022,0.693387936,9.685979456,6.753449584,23.35567369,14.10804893,6.190221894,30.54762989,22.47303454,42.59495337,12.62668519
32.76138903,7.416132828,-5.968265669,24.40627387,18.59963338,-0.942986707,-0.243082185,4.970924067,-25.85337692,3.411653266,10.3032714,4.131404284,22.07392321,14.56100578,6.769482588,32.7594045,24.56333029,47.0577721,16.51843646
33.64823984,10.2026946,-0.77350105,24.70019031,19.54939596,-0.208681036,-0.17162855,5.451177909,-22.36193649,5.752956873,11.50921673,3.54789863,20.94485514,14.37902785,8.935095308,32.26813489,25.52841184,42.51422937,18.84955843
33.56151979,13.35554628,5.470728921,27.81045021,19.8093039,-0.049012482,0.867907009,6.033890338,-20.18267622,7.071555592,13.25198342,5.451274038,19.23913488,14.18365723,12.2991577,31.27509343,26.4898912,33.89806907,19.29772842
33.20831796,15.32468875,11.20959738,33.08990837,19.48621903,-0.454588737,2.261189763,6.181208169,-20.3616122,6.794523781,14.90206049,8.318951898,16.99334296,14.25256976,15.32195822,31.29909676,28.14193103,26.95194582,18.46829838
32.59107591,14.99789106,14.76734538,37.82495278,18.29794595,-1.156230798,2.966208835,5.115666773,-22.84692405,4.846352585,15.5672876,9.788420859,14.54892437,14.0792613,16.09270906,31.99381474,30.01566224,24.20218254,17.06802873
31.01570662,12.25428838,15.13189333,38.79052496,15.78609575,-1.941507068,2.401450847,2.459434989,-26.71099458,1.605670059,14.50899657,8.178402597,11.8340141,12.66127634,13.48747618,31.61273538,30.74344676,24.07267427,15.20826975
27.91878438,7.966845023,12.35886644,34.23653583,11.77606732,-2.815313085,0.911706561,-1.427355531,-30.89391924,-2.437379176,11.47740537,3.362560048,8.226793742,9.312616251,7.97199256,28.72405691,29.16519457,23.34639397,12.41535299
23.70141905,3.506495016,7.49528704,25.08669699,6.745393386,-3.899109633,-0.562785334,-5.633859542,-34.76687008,-6.885749078,6.879130289,-3.394914053,3.21423347,4.343074771,1.524682748,23.76660971,25.41508303,20.47623764,8.273267914
19.7171033,0.057110145,2.14625863,14.61424667,1.785283679,-5.201048059,-1.282188377,-9.21351367,-38.10672883,-11.27907514,1.739980056,-10.26542718,-2.762451311,-0.948419454,-3.296761931,19.13712186,21.10252678,16.83321704,3.082542967
17.32775973,-1.88947026,-2.119203327,6.766433322,-1.90155485,-6.489865502,-1.252362166,-11.60832692,-40.68101532,-14.81219838,-2.566756316,-15.6749739,-8.144226535,-4.970050583,-4.608566498,17.64092059,18.38512106,15.04295438,-2.069053964
16.82288341,-2.623009886,-4.332798048,4.094336041,-3.68787332,-7.398906743,-1.067682193,-12.70675652,-41.99156089,-16.38689421,-4.807528107,-18.71977972,-11.0918183,-6.706459975,-2.079709061,20.43254854,18.58058974,16.18752682,-5.908800861
17.17828148,-2.889226322,-4.472003486,6.463836646,-3.93598116,-7.678765636,-1.249961005,-12.61098169,-41.52216025,-15.18427618,-4.44094801,-19.22991816,-10.76010609,-6.167138366,2.998138754,26.00691378,21.31106393,18.54812028,-7.774778091
16.92160055,-3.365643568,-3.413464808,11.26855958,-3.812341673,-7.388377326,-1.722841724,-11.42733937,-39.30026348,-11.405835,-1.956286885,-17.71534927,-8.001377222,-4.197533915,8.410663327,31.03644448,24.76271021,19.04559585,-7.985832546
15.38812303,-4.252377491,-2.448106329,15.00166323,-4.56048523,-6.866586739,-1.903842825,-9.313958842,-36.22348253,-6.533053189,1.258505343,-15.26614972,-4.886029878,-1.911112902,12.06281696,32.48035038,26.82453069,16.04270498,-7.536489887
13.27531864,-5.218186311,-2.554321088,15.26187757,-6.675959006,-6.505541641,-1.304208786,-6.711197117,-33.75000382,-2.725201008,3.542424458,-13.26335777,-3.35076291,-0.18531899,12.82573564,29.47015887,26.28406803,10.94336306,-7.405571837
11.99583912,-5.725466115,-3.836161408,12.02405497,-9.532416053,-6.500759798,-0.052768616,-4.440787002,-33.0801889,-1.637713244,3.783542029,-12.80838211,-3.973279472,0.525761928,10.8275337,23.68369423,23.31649624,7.116717832,-8.021936151
12.38421144,-5.508858801,-5.504080183,7.45320528,-11.73191651,-6.759891209,1.163157448,-3.427471515,-34.4063345,-3.453262916,1.968517064,-14.09341721,-5.769379096,0.129133773,7.14427296,18.05633064,19.08789515,7.0683371,-9.22592303
13.90200839,-4.857861214,-6.448352212,4.429719283,-11.96919189,-7.018832057,1.697520057,-4.135667384,-36.79491966,-6.824876339,-0.876401759,-16.17846242,-7.108750159,-1.209266043,3.130507413,14.85027556,14.90351522,10.33426316,-10.6222993
15.07211575,-4.46294521,-6.029694968,4.740418116,-9.84742343,-7.05593963,1.532324645,-6.133216615,-38.80187417,-9.779180398,-3.316284735,-17.48671806,-7.002188668,-3.110293926,-0.240768928,14.44429839,11.52435007,13.92724745,-11.93530699
14.79624878,-4.889860135,-4.521112407,8.071066385,-6.11818942,-6.83642628,1.296522736,-8.195562545,-39.38481808,-10.93016452,-4.316853799,-16.81479684,-5.784938673,-5.054344317,-2.712430275,15.53912411,8.999930031,14.91993986,-13.06650007
13.40693395,-6.051544224,-2.868654856,12.38432941,-2.21755962,-6.493179919,1.675227588,-9.00044339,-38.48442576,-10.16229519,-3.748352234,-14.19013752,-4.748002491,-6.579347971,-4.630350651,16.39110394,6.934878375,12.89989629,-13.89263256
12.49236557,-7.112446085,-1.951159529,15.3459133,0.557305609,-6.184703642,2.729801792,-7.998319139,-36.92204589,-8.39021222,-2.329433447,-10.93033779,-5.093388827,-7.530491346,-6.505343801,16.03484946,4.876893589,10.18522715,-14.09413026
13.57406531,-6.989607394,-1.915185727,15.7954926,1.681525084,-5.956047608,3.749314117,-5.848309764,-35.75954481,-6.706807075,-1.126468201,-8.816359141,-7.057649922,-8.138406804,-8.546804857,14.66012939,2.584638491,9.674791054,-13.2517512
16.72843565,-5.164854137,-2.111012409,14.2993151,1.489093317,-5.707315347,3.795363097,-4.064553082,-35.60687239,-5.627203439,-0.970080454,-8.963601395,-9.837854639,-8.784978819,-10.47343356,13.09110336,0.129823306,12.25898351,-11.16278954
20.34665209,-2.223309393,-1.678486309,12.5166747,0.7742624,-5.278285743,2.489937856,-4.060400746,-36.32596178,-4.947701628,-2.127193455,-11.21116231,-12.2907564,-9.599697792,-11.72792389,11.99108886,-2.113546569,16.0546937,-8.089823613
22.30981406,0.350250026,-0.30246038,11.94389379,0.282980503,-4.570147958,0.371747913,-6.215377965,-37.25182813,-4.182926088,-4.337325662,-14.4414434,-13.80369439,-10.24340041,-11.94946127,11.47853514,-3.580621008,18.100046,-4.687451918
21.67455305,1.082621762,1.490280004,12.96844171,0.456124407,-3.609838765,-1.49223744,-9.596448498,-37.70735481,-3.109265182,-7.082020614,-17.51405538,-14.66940218,-10.12943583,-11.36234132,11.34477993,-3.756168267,17.00673801,-1.623020601
19.50780651,-0.450751565,2.754574007,14.8408866,1.498805141,-2.518396035,-2.323524315,-12.52790087,-37.45592872,-1.958542908,-9.867114631,-20.04289361,-15.72723271,-8.947207276,-10.76744987,11.50986211,-2.488248292,14.27279601,0.829486447
18.16639501,-3.213764364,2.939723669,16.44690332,3.555989626,-1.41935551,-2.207675067,-13.63233952,-36.84739784,-1.188213537,-12.37485155,-22.42764726,-17.59126715,-7.028641448,-11.08313051,12.21369779,-0.172641081,13.14521874,2.916572319
19.55147862,-5.29168093,2.420243491,17.20282959,6.721945036,-0.360394259,-1.97688848,-12.66010679,-36.63181992,-1.124000462,-14.48018774,-25.20218899,-20.06156111,-5.169967391,-12.71139603,13.77244625,2.405786257,16.00967323,5.170050395
23.67378193,-5.142615923,2.2697636,17.39839169,10.82286177,0.697340049,-2.531082461,-10.58817792,-37.58278112,-1.814267114,-16.20619202,-28.32880028,-22.15234441,-3.984688436,-15.16962764,16.17412966,4.559388116,22.46949735,7.998218924
28.60308346,-2.688126121,3.392252965,17.80347546,15.18076285,1.81921011,-4.170348168,-8.96952828,-40.12078261,-3.169051293,-17.68167221,-31.08066666,-22.72958768,-3.330255994,-17.28663964,18.92740227,6.178012739,29.60807028,11.39099645
31.78550155,0.5167013,5.647745918,18.91609927,18.64368194,3.008977064,-6.450657804,-8.993236325,-44.08769582,-5.171211787,-19.10739523,-32.62121871,-21.34164372,-2.372851058,-17.88727187,21.31431176,7.772857468,34.07747248,14.89960318
31.68968792,2.175351599,7.658713266,20.43844087,19.97920231,4.150178748,-8.60000142,-10.85565481,-48.75121639,-7.910836176,-20.70032607,-32.77028727,-18.69449339,-0.345309923,-16.5342891,22.81106711,9.949838999,34.2483698,17.8390598
28.58533595,0.621087745,7.516434575,21.33479194,18.43606422,5.017518586,-10.07782635,-13.78105248,-53.03806765,-11.40769794,-22.59335962,-32.26603187,-16.42236827,2.586349193,-13.82152038,23.30298826,12.68218566,30.82361693,19.54908471
24.02583399,-4.223860236,3.970298143,20.39787591,14.12926496,5.362754047,-10.80883406,-16.58067826,-55.90878327,-15.41157865,-24.70450448,-32.23653445,-16.21316669,5.129836773,-10.99350982,22.94654227,15.02600395,25.76554143,19.59492896
19.62209927,-10.87412362,-2.66435155,16.95904959,8.017591128,5.040476572,-10.97547672,-18.32115149,-56.71701578,-19.38235835,-26.62914935,-33.24973096,-18.7497293,5.647989179,-9.125005745,21.8853816,15.65600222,20.7538695,17.89584212
16.13462036,-17.17886386,-10.4719088,11.365647,1.515320155,4.111970369,-10.6613121,-18.68097672,-55.3914049,-22.66086779,-27.6364339,-34.68313816,-23.10361579,3.40475018,-8.409772717,20.15533537,13.92983636,16.51831323,14.80257813
13.48638339,-21.43778556,-16.81859997,5.01722092,-4.01262112,2.864430413,-9.731592979,-17.85797529,-52.3679072,-24.66508706,-26.84814115,-34.95052623,-27.03569579,-0.698426917,-8.050234987,17.88726703,10.65462475,13.31919026,11.08449238
11.44784456,-23.05404891,-19.64664822,-0.066708105,-7.625558363,1.716812522,-8.061247076,-16.21776131,-48.34505715,-24.97249997,-23.61731011,-32.50354324,-28.15978755,-4.552945408,-6.834392538,15.55953586,7.830417877,11.69147416,7.738095285
10.21371421,-22.4774489,-18.46445011,-2.039237869,-8.968372182,1.043818404,-5.857553992,-14.01030291,-44.03387934,-23.33527549,-17.99413924,-26.96150432,-25.36185128,-6.204570404,-4.010894331,13.92963112,7.391912354,12.4182518,5.603458922
10.29564633,-20.69867363,-14.5236119,-0.126824079,-8.280654113,1.004952558,-3.720890027,-11.35702118,-40.04606292,-19.78935089,-11.02573735,-19.61556452,-19.60100421,-5.151481031,0.13846055,13.54511369,9.805467897,15.6336906,4.94990401
11.85775128,-18.74645203,-10.12985526,4.774637372,-6.31766794,1.476801794,-2.330386864,-8.449635068,-36.92390016,-14.89318916,-4.606805655,-12.95448437,-13.49859365,-2.594305565,4.42399812,14.17730088,13.60476839,20.00676907,5.307422744
14.17744444,-17.43820065,-7.470802032,10.25476628,-4.152835952,2.135044018,-1.995395667,-5.716674647,-35.17756098,-9.866395051,-0.780550421,-9.467781116,-9.857038656,-0.452507772,7.485160686,14.71872359,16.31316744,23.06144514,5.724719528
15.83810062,-17.30342348,-7.55475056,13.46207232,-2.799716985,2.642261709,-2.447555325,-3.743293225,-35.18267189,-6.294284003,-0.739131322,-10.39684552,-9.990184834,0.082520895,8.634641711,13.79954864,16.15243617,22.69645989,5.350975933
15.62983342,-18.4710741,-9.774578041,12.69389886,-2.717554535,2.826841389,-3.043903049,-2.943304058,-36.92745672,-5.326827774,-4.071100316,-15.09995674,-12.95151762,-0.654856119,8.243583175,10.793208,13.29903691,18.78591872,3.976136359
13.49853996,-20.48326757,-12.29731113,8.590954377,-3.45834201,2.740535824,-3.202403139,-3.208972895,-39.77742538,-6.786066187,-8.786338465,-21.33033297,-16.19626161,-1.224736966,7.435431455,6.478814058,9.753481631,13.4926531,2.153488063
10.78135601,-22.2520589,-13.07112994,4.042669836,-3.763197102,2.563207639,-2.713722372,-3.825144683,-42.49118443,-8.878782383,-12.23443272,-26.24415355,-17.23746442,-0.310837963,7.339619233,2.784198403,7.925407379,9.904064488,0.810267281
9.483673627,-22.4062671,-10.91973157,2.625452466,-2.193170086,2.429710985,-1.713884112,-3.77447142,-43.59742131,-8.947588203,-12.44640855,-27.61604128,-15.14929901,2.262933519,8.440292619,1.681280977,8.999989489,9.982965751,0.622465496
11.06766454,-19.99128874,-6.131393249,6.417297084,2.003493114,2.308906262,-0.414777576,-2.288358507,-42.00325228,-4.976386029,-9.090826349,-24.68395228,-10.88379843,5.514857411,10.4427058,3.957393013,12.28218038,13.40541488,1.596296208
15.57116433,-15.12004819,-0.218441389,14.60592348,8.330462129,2.025356888,1.11802458,0.69185708,-37.51948046,3.077567609,-3.44130473,-18.26722722,-6.253328439,8.214612036,12.66995715,8.718488042,15.92105508,18.11957197,3.126135167
21.60946427,-9.083171645,4.991240372,23.89845889,15.19711051,1.406767543,2.940782733,4.44597402,-30.99919788,13.06727528,2.589169093,-10.17902124,-2.434309136,9.893358465,14.61385676,13.96552824,18.34491576,22.04273357,4.429576494
27.171968,-3.754495477,8.349144742,30.53111527,20.7280371,0.444067031,5.02652993,7.858409082,-23.99515591,21.78449238,7.644710729,-2.303330589,0.811859403,11.09496783,16.19016129,17.81042893,19.24568774,24.43954566,4.996820629
30.61704258,-0.645248449,9.825999647,32.52300853,23.70514943,-0.660556986,7.123791613,10.02383569,-18.11230525,26.71829482,11.51282412,4.151419563,4.60867906,12.6926414,17.53433455,19.4606003,19.40610194,25.91920658,4.739400183
31.24795589,-0.239801823,10.137032,30.61941765,24.02694398,-1.59922325,8.849679668,10.70337478,-14.39071391,27.27949287,14.75608614,8.860990332,9.613206967,14.90020745,18.57964028,19.3310531,19.6553782,27.26026745,3.817957594
29.26639242,-2.032567086,9.880362607,27.33325705,22.44039395,-2.143633298,9.945410759,10.36353531,-13.00991672,24.73689505,17.79987625,12.05737829,15.02010504,16.85811434,18.85013214,18.33965462,19.9365543,28.27928823,2.399124931
25.36986016,-5.136177324,8.885350572,24.90982109,19.85007652,-2.27649575,10.45353659,9.807037762,-13.4042626,21.06835414,20.29979448,14.0095315,18.82426659,17.17882063,17.7157543,17.04289669,19.31123957,27.83700513,0.602363945
20.41661404,-8.900127909,6.318381913,23.80914869,16.79533322,-2.177269387,10.64635901,9.664887368,-14.65718779,17.68146538,21.34478205,14.74212027,19.21309484,15.02714992,14.94295475,15.31232906,16.88017099,24.97801244,-1.342442484
15.35800028,-13.03370497,1.504212385,22.81409496,13.47682819,-2.080817344,10.77463654,10.08717344,-15.93024314,14.92728879,20.31984421,14.17816649,16.00110529,10.86393431,11.07684687,12.73744678,12.79230684,20.13474028,-2.95708765
11.28623036,-17.22071234,-5.174291706,20.52573006,10.19043107,-2.120706133,10.88010901,10.80657891,-16.72354149,12.58441623,17.66461609,12.5053665,10.92702264,6.250754711,7.273922117,9.317191487,8.42765448,15.24044251,-3.640714299
9.298664351,-20.71172485,-12.06317563,16.89590279,7.642786067,-2.27281239,10.85187157,11.47567034,-16.90417558,10.67904109,14.82115165,10.3539515,6.506110098,2.858669939,4.626007326,5.781946571,5.530957524,12.54501298,-3.052133881
10.06479108,-22.43021748,-17.00262791,13.47095113,6.722575279,-2.428493839,10.66211382,11.99273409,-16.57749374,9.804503876,13.33122034,8.528455737,4.278937286,1.431850649,3.446704698,3.229046483,4.956060346,13.05659468,-1.454171193
13.32459661,-21.66329,-18.62141244,12.14244984,7.814066363,-2.520572838,10.52647007,12.56186408,-15.93404028,10.64403001,13.76625962,7.445104462,3.796394832,1.456392262,3.070788453,2.348712519,6.01890176,15.8539675,0.319423996
17.73095627,-18.81905357,-17.26726356,13.47465544,10.22456496,-2.586045094,10.78928205,13.45388271,-15.16729601,13.17644557,15.33982457,6.742498764,3.119800235,1.711877333,2.352762146,2.86365068,6.978842045,18.77676494,1.34146691
21.28836385,-15.54962748,-14.88631053,16.04141929,12.31193294,-2.708990783,11.59639774,14.67975731,-14.46971429,16.36261431,16.5133546,5.458061835,0.436817468,1.219154491,0.511785825,3.631949658,6.275778054,19.87518584,1.203248247
22.23705393,-13.96477888,-13.88280953,17.36644851,12.38443698,-2.896614045,12.6479957,15.87176051,-14.04596966,18.69453937,16.10855651,2.720832563,-4.46462131,-0.144233499,-2.315074805,3.336235523,3.572314234,18.46125459,0.295960362
19.89279981,-15.37966302,-15.69134156,15.73498195,9.802183355,-3.00860512,13.29775593,16.51877442,-14.07930041,19.21502805,14.05155924,-1.541524561,-9.987504684,-1.765155577,-5.237394514,1.246158053,-0.162279684,15.06489975,-0.48006042
14.94504165,-19.46256586,-19.96817406,11.44056523,5.474845336,-2.824633798,12.98430328,16.42058346,-14.64501879,18.17232045,11.21410056,-6.448176762,-13.90298807,-2.966412886,-7.361690906,-2.464741888,-3.515757891,10.58673345,-0.37992389
9.053769917,-24.40743416,-24.85651761,6.51405491,1.348236741,-2.219611668,11.68138078,16.01747795,-15.63456798,16.75562034,8.582662705,-10.71604754,-14.97271319,-3.654987982,-8.529929311,-6.979854783,-5.712327668,5.55729265,0.64742167
4.021243593,-28.02220165,-28.06681524,3.216825037,-0.789758941,-1.313354082,9.999567943,16.28387281,-16.77387194,16.12082606,6.517128146,-13.50024609,-13.78097312,-4.451216508,-9.453885136,-11.38255243,-7.071461191,0.150083042,1.956049959
1.034926333,-28.97426081,-28.05900618,2.522954058,-0.356199753,-0.459613034,8.825098558,18.1528276,-17.76617301,16.49870029,4.71158393,-14.86325744,-12.20573355,-6.232791536,-11.13434896,-15.06381238,-8.564896454,-5.238398825,2.724506343
0.346552957,-27.37549329,-24.68838066,3.712425149,1.817742857,-0.051554059,8.740065835,21.78711258,-18.49492304,17.08220079,2.79677407,-15.51512168,-12.0129571,-9.455401397,-14.02936194,-17.80755925,-10.92218755,-9.62474073,2.578280877
1.405879192,-24.44040543,-19.12595764,5.206022497,4.155728279,-0.266175268,9.6414236,26.18616254,-19.15756345,16.71404423,0.938709208,-16.07576393,-13.66863534,-13.7379053,-17.63933897,-19.68806349,-14.05124148,-11.87259978,1.816834262
3.19359054,-21.63972496,-13.29325328,5.782133704,5.292396153,-0.934021623,10.82635664,29.46939902,-20.22298196,14.73794553,-0.185217101,-16.50983821,-16.19686937,-17.98286437,-20.84119082,-21.01567589,-17.21932036,-11.6988964,1.073304728
4.494189602,-20.04239647,-9.176366419,5.151587843,4.612218156,-1.643813911,11.46475957,29.76949548,-22.20976175,11.30181858,-0.04400381,-16.22599459,-18.05444836,-20.94063443,-22.70046623,-22.38299013,-19.78360927,-10.367904,0.693235255
4.067087044,-20.21934179,-8.240122262,3.58591282,2.120159347,-2.022689303,11.11087167,26.25583511,-25.40111525,6.944934133,1.07284528,-14.74627244,-18.25865199,-21.87020289,-23.11254947,-24.6208416,-21.8185988,-10.3097855,0.342503142
0.869791258,-22.51050339,-11.0003495,1.18227558,-2.013138804,-1.996497124,9.910555258,19.66950719,-29.66220775,1.953105059,2.048101214,-12.34326697,-16.9391395,-20.9330137,-22.7786224,-28.46414228,-24.10337861,-13.73945117,-0.829966377
-5.55252957,-27.16319932,-16.81284456,-2.406176412,-7.678533968,-1.838639889,8.406889102,12.00497589,-34.47034896,-3.863864943,1.701263625,-10.05821802,-15.04632084,-19.13648023,-22.57669224,-34.0108378,-27.48128416,-21.20781334,-3.587916216
-14.65355601,-34.08263375,-24.03118047,-7.517915843,-14.60772464,-1.965180166,7.126443559,5.481362119,-39.14630808,-10.76869418,-0.285782738,-9.044402697,-13.61114271,-17.88529895,-22.87937104,-40.37823804,-32.12356652,-31.15826509,-8.018235021
-24.81297508,-42.44561164,-30.64634688,-13.8480098,-22.02196886,-2.621268717,6.240209813,1.38933035,-43.16667947,-18.50205014,-3.094094689,-9.766917195,-13.18385719,-18.37455729,-23.39121823,-45.97196232,-37.30328323,-40.84981323,-13.39751737
-33.88716993,-50.70425598,-35.24148911,-20.40072335,-28.6806963,-3.688407145,5.492708964,-0.514104382,-46.40452302,-26.15309318,-5.435061849,-11.72040977,-13.77789482,-21.10774191,-23.61856943,-49.37895633,-41.87414941,-48.01013887,-18.60869774
-40.25349444,-57.24540781,-37.75605398,-26.22588783,-33.51663649,-4.756525029,4.395198525,-1.725819043,-49.19122921,-32.73205762,-6.640480056,-13.88783981,-15.15933255,-25.74581991,-23.53676241,-50.35711622,-45.09365779,-52.08052711,-22.80031834
-43.76192521,-61.36937941,-39.50034206,-31.29831123,-36.43474024,-5.410184636,2.53517991,-4.03743117,-52.17360612,-37.9938277,-7.263235592,-15.54147373,-17.09813744,-31.33161142,-23.84750529,-50.18146235,-47.16653034,-54.26967551,-25.82667761
-45.90721402,-63.84642115,-42.27041695,-36.62581714,-38.55146119,-5.519600292,-0.168697177,-8.498992751,-56.01373455,-42.74399894,-8.660922689,-16.72326397,-19.37697095,-36.75572235,-25.56627835,-50.96960416,-49.10212808,-56.51985222,-28.19413771
-48.9631089,-66.50748773,-47.06236423,-43.2921657,-41.49948591,-5.324125827,-3.375910373,-14.90695722,-61.03297241,-48.23929309,-11.8823402,-18.05231764,-21.68895225,-41.21944295,-29.25006103,-54.33516103,-51.99173775,-60.20508808,-30.60193597
-54.53410914,-71.02792936,-53.27059187,-51.14870346,-46.19092012,-5.250494292,-6.428567486,-22.0413052,-66.94013003,-55.07570129,-16.76475385,-20.09798254,-23.68274637,-44.46783772,-34.48731106,-60.26263631,-56.22465809,-65.42890878,-33.42867932
-62.45838088,-77.71831855,-59.00058299,-58.34043251,-51.97569015,-5.603055178,-8.615091524,-28.39792883,-72.79310572,-62.4615811,-21.97345009,-22.89636749,-25.21009607,-46.70786354,-40.06587356,-67.01037704,-61.18277915,-71.23292631,-36.5062862
-70.83293301,-85.19647996,-62.34186265,-62.28174759,-56.93604978,-6.352055536,-9.493503123,-32.90620973,-77.28375569,-68.53104244,-25.92852055,-25.99111336,-26.52753782,-48.30857026,-44.68967271,-72.15124878,-65.59633302,-76.36869033,-39.28499741
-77.18512541,-91.19710483,-62.70367628,-61.49085808,-59.20580001,-7.165317469,-9.122727396,-35.23286683,-79.28706425,-71.53179282,-27.84447965,-28.86061563,-28.1467806,-49.48996771,-47.69031301,-74.05718501,-68.29090386,-80.01175004,-41.22297654
-80.00286684,-93.94822668,-61.21596429,-56.86589702,-58.35525153,-7.645048193,-8.057755701,-35.62495965,-78.43214,-70.99812451,-28.0644951,-31.25680666,-30.32830283,-50.18078735,-49.22015465,-72.8262789,-68.82736885,-82.01403896,-42.11813038
-79.56850506,-93.14953384,-59.87065924,-51.29818447,-55.75351486,-7.586901404,-7.072283033,-34.553348,-75.36130264,-68.00776809,-27.51428594,-33.13824892,-32.61417464,-50.09614206,-49.86286168,-70.06737944,-67.65905673,-82.71522545,-42.18577042
-77.54166348,-89.92187434,-60.03340332,-47.78634491,-53.56857452,-7.078565151,-6.744193068,-32.46706261,-71.45729598,-64.34272807,-26.84778995,-34.35752347,-33.89611308,-48.95269119,-50.06006221,-67.77179262,-65.77497533,-82.59784063,-41.87772701
-75.64602205,-85.87812262,-61.44830273,-47.42561275,-53.13027618,-6.38993958,-7.155411513,-29.76990585,-68.1219864,-61.2343363,-26.05433521,-34.56343113,-33.14445369,-46.68436414,-49.84303911,-67.09848573,-64.10692792,-82.03353152,-41.59343191
-74.45317339,-82.07508873,-62.48489733,-48.79042826,-53.90972279,-5.764024021,-7.905932195,-26.89049648,-66.00502029,-58.66424676,-24.80048293,-33.56923755,-30.34133256,-43.55421208,-49.03008235,-67.85893152,-63.0637945,-81.17249256,-41.46659539
-73.14330914,-78.5955196,-61.41740823,-49.15718995,-53.91431546,-5.275485201,-8.430841709,-24.25212347,-64.67205951,-55.69375447,-23.06935127,-31.89439873,-26.8654844,-40.12447185,-47.62013671,-68.90248746,-62.41426539,-79.90754775,-41.3337805
-70.35579805,-74.94276339,-57.73610476,-46.58427437,-51.20226705,-4.847538054,-8.389536572,-22.09963552,-62.95890967,-51.44497603,-21.39684897,-30.8557339,-24.88067879,-37.09742091,-45.96764657,-68.96874032,-61.51196755,-77.88650213,-40.87413966
-65.42227596,-70.79795331,-52.49393225,-41.23568872,-45.3520975,-4.380511977,-7.847837863,-20.34497164,-59.81074452,-45.8749426,-20.42573354,-31.86595153,-26.01408934,-35.07162524,-44.57253917,-67.36529991,-59.69870901,-74.64041068,-39.82198804
-59.02746589,-66.48337312,-47.47547029,-35.00034192,-37.7744406,-3.862835106,-7.146212772,-18.63757849,-55.06078959,-39.74456763,-20.20310875,-35.32499047,-30.21625561,-34.29624854,-43.70978946,-64.12794592,-56.68995083,-69.87921132,-38.12877624
-52.83123744,-62.80198838,-43.89991276,-29.85048808,-30.67652699,-3.368828968,-6.602091169,-16.68453372,-49.62186485,-33.92020469,-19.96082401,-40.01632066,-35.66163697,-34.54523137,-43.27971788,-59.78939276,-52.79652774,-63.85059229,-35.98720742
-48.39483928,-60.45805369,-41.69260725,-26.34918381,-25.53343551,-2.958987366,-6.313861404,-14.5885967,-44.95488648,-28.69817372,-18.71630331,-43.68694237,-39.84494749,-35.22036264,-43.03503585,-55.10291844,-48.89961922,-57.50616465,-33.70720819
-46.24305147,-59.56101795,-39.84214905,-23.48968519,-22.24996695,-2.586919152,-6.214331974,-12.88436505,-42.17054585,-23.74804734,-16.25106243,-44.57399234,-41.15557037,-35.68168381,-42.95066802,-50.90625164,-46.154954,-52.24986198,-31.5182338
-45.71157314,-59.57805938,-37.45351242,-19.87069835,-19.57648209,-2.108256916,-6.272479869,-12.15192199,-41.36087606,-18.65357221,-13.57918641,-42.77046598,-39.83450346,-35.6345353,-43.3291158,-48.01297649,-45.48894172,-49.29307955,-29.42246371
-45.57604195,-59.70607981,-34.5679139,-15.09949378,-16.31387816,-1.392952352,-6.597277305,-12.44408768,-41.57865954,-13.47243043,-12.35817258,-40.28668478,-37.64346996,-35.30584837,-44.46556863,-46.93701235,-47.07405333,-48.947964,-27.20243667
-44.88877469,-59.33369086,-32.07559824,-10.19255738,-12.26164632,-0.447903679,-7.299986335,-12.98608925,-41.42946402,-8.744548993,-13.58123761,-39.60518861,-36.50393362,-35.23919602,-46.13946668,-47.49480681,-50.06545444,-50.31402688,-24.59307048
-43.39486636,-58.27091251,-30.85248623,-6.668211832,-8.178725613,0.556671502,-8.234065432,-12.47850231,-39.85258952,-4.932546247,-16.57487997,-41.74494826,-37.1057414,-35.80784603,-47.43892864,-48.63211654,-52.83171041,-51.6259849,-21.51198279
-41.33439382,-56.66425753,-30.90836589,-5.171650919,-4.923508517,1.386528885,-8.903556118,-9.908329212,-36.60960641,-1.854675053,-19.18911466,-45.33898425,-38.48680662,-36.79609468,-47.20283902,-48.81607507,-53.67009201,-51.12658597,-18.18357872
-38.94386535,-54.74373886,-31.29258895,-4.856769428,-2.626370049,1.896881311,-8.724802327,-5.355097215,-32.26853834,1.276650568,-19.16869705,-47.51964058,-38.84980148,-37.40444774,-44.83305626,-46.91680352,-51.66856347,-47.96823288,-15.04530472
-36.1273137,-52.595986,-30.82187235,-4.067073469,-0.647494077,2.127714227,-7.506222801,-0.201338083,-27.82311508,5.140350956,-15.74291054,-46.00689858,-36.9651209,-36.73673374,-40.84017715,-42.99663006,-47.19288094,-42.58361618,-12.46745496
-32.50866597,-50.05808272,-28.97867094,-1.722709192,1.69116601,2.277210705,-5.755871233,3.485595905,-24.25296463,9.50491252,-10.24788158,-40.81886167,-33.09542689,-34.43070451,-36.60995703,-38.32145432,-41.62879811,-36.26891301,-10.45792864
-27.70424497,-46.73314724,-26.20000792,1.78411447,4.336539693,2.582070217,-4.491001174,4.073763365,-22.23821413,13.0953123,-5.295905521,-34.27974256,-28.76259765,-30.92749556,-33.46198034,-34.41536647,-36.46631808,-30.22488729,-8.557941007
-21.52451531,-42.12707448,-23.3380456,4.949134341,6.467367301,3.192881644,-4.597536424,1.298583772,-22.04024106,14.36964769,-3.08237243,-29.31313732,-25.55798027,-27.11877458,-31.66035775,-31.76645745,-32.29075618,-24.68599959,-6.029038536
-14.00249549,-35.92964939,-20.82283699,6.451572132,7.270605017,4.11763129,-6.177356059,-3.583420464,-23.45731909,12.66480028,-4.032612274,-27.33695375,-23.90635959,-23.60855453,-30.1355643,-29.20665995,-28.38169159,-18.76350717,-2.249306235
-5.398912349,-28.39367064,-18.32714888,6.267897388,6.825949197,5.242113902,-8.388881037,-8.507518003,-25.82778646,8.797685082,-6.688388359,-27.36025747,-22.71173648,-20.18061132,-27.17541579,-24.59936406,-23.25561217,-11.18980175,2.903046782
3.65451826,-20.60297197,-15.27452057,5.652486903,6.232940425,6.384699331,-9.942869113,-11.71477743,-28.16375077,4.59493989,-8.796777303,-26.90759991,-20.14393899,-15.95002026,-21.61822336,-16.48117573,-15.82852331,-1.52145563,8.905539362
11.97444708,-14.32944992,-11.73936148,6.010950086,6.758530528,7.344411476,-9.916943574,-12.57413287,-29.48533469,1.676352781,-8.73889133,-23.96485149,-14.98096576,-10.14444707,-13.69843597,-5.468089782,-6.387087903,9.047383484,14.7814123
17.95122079,-11.33889575,-8.865620566,7.64112602,8.68454819,7.939397304,-8.300240104,-11.65690215,-29.25662502,0.432184757,-6.317702065,-18.40192024,-7.527549417,-2.920735305,-4.952038753,5.732952048,3.368925543,17.96424542,19.53264576
20.21468066,-12.39419773,-8.281177345,9.432402651,10.88809558,8.057056379,-5.885414403,-10.12233552,-27.65477452,-0.011224199,-2.51219588,-11.83836323,0.539529248,4.466787196,2.721957042,13.89620366,11.316964,22.70893325,22.59428217
18.60310075,-16.54901074,-10.84707241,9.80267765,11.63498984,7.716513642,-3.6284796,-8.899439924,-25.43282763,-0.843731853,1.428716234,-6.209102447,7.258568611,10.35517242,8.162047647,17.40565875,16.28138758,22.49988976,24.07957894
14.74895763,-21.29857157,-15.72994534,8.101691747,10.0343759,7.100855324,-1.993103994,-8.214066525,-23.40379065,-2.447503714,4.814762456,-2.286188402,11.60120422,13.74500069,11.47185183,17.40085854,18.81220963,19.15373259,24.69315708
11.63833942,-23.67541125,-20.64222105,5.301857692,6.966189437,6.504903914,-0.771682777,-7.706212873,-21.88648327,-4.040319491,7.746778131,0.660615791,13.96271716,14.9448802,13.71303488,17.0458309,20.79068934,16.3571628,25.3528307
12.14192277,-21.73705151,-23.22311116,3.371343204,4.632144226,6.194438237,0.534129015,-6.954085468,-20.53728003,-4.388519357,10.75365522,3.896005761,15.62692979,15.28174886,16.09797373,19.38751386,24.11251478,17.62727401,26.70315579
17.32790387,-15.5642707,-22.61510905,3.800558282,4.966375759,6.252955502,2.138950537,-5.969428601,-18.73242614,-2.999503611,14.21588481,7.849716145,17.65685488,16.09282806,19.28576251,25.32125209,29.36718364,24.18162699,28.76298617
25.69153627,-7.154432364,-20.07358448,6.445535706,8.099031709,6.529322877,3.695162995,-5.301457206,-16.23650973,-0.79232229,17.98043871,11.51617082,20.04971528,17.77912679,23.18427192,33.10758297,35.43382662,34.11503819,30.89562847
33.92735828,0.703786565,-18.13178782,9.600683104,12.09284952,6.745071268,4.521718634,-5.698212131,-13.63363794,0.349829762,21.34212772,13.09735291,21.75928556,19.64549681,27.22455137,39.72975446,40.24581125,43.48417707,32.13655156
38.83129909,5.848391912,-18.9099921,11.23671808,14.21470412,6.701234653,4.125085847,-7.588394505,-12.13790371,-1.149318539,23.33314566,11.33811635,21.52974535,20.61764595,30.77339023,43.02603129,42.14210029,48.63558287,31.72234932
39.10901379,7.60601149,-22.77932046,10.43501118,12.81502964,6.433656817,2.580505458,-10.75260732,-12.85572633,-5.417020446,23.16282386,6.492133013,18.89818355,20.22536383,33.37644595,43.00809961,40.84453107,48.2641559,29.53459022
35.91145387,6.699520233,-28.29648481,7.932601455,8.417905294,6.186017045,0.492254352,-14.40078266,-16.00069576,-10.97857438,20.63936929,0.214067952,14.62550111,19.04052982,34.7683953,41.46528632,37.43753177,43.88323625,26.19260108
31.80684562,4.456136017,-33.36587524,5.423692271,3.243022261,6.201095595,-1.389782541,-17.58860038,-20.62671862,-15.70188874,16.39503866,-5.468745785,10.2525465,18.21391113,34.78895293,40.29119082,33.48808245,38.50069908,22.71578524
28.97334259,1.94127543,-36.7147894,4.228272791,-0.418482695,6.4784119,-2.569093343,-19.6902624,-25.08982539,-18.14057208,11.74307933,-9.309707714,7.110772173,18.48794559,33.34868628,39.90858661,30.03116812,34.5227535,19.93609823
27.86886088,-0.480905739,-38.63250596,4.369465657,-1.725369166,6.691240072,-2.938081877,-20.63404751,-27.93891123,-18.33037728,8.122428889,-11.3512809,5.487042321,19.47967571,30.45974653,39.00827804,27.13594765,32.35936752,18.01239118
27.19391065,-3.082868611,-40.563818,4.699805089,-1.625749232,6.351535036,-2.637322735,-20.78922352,-28.6496635,-17.55475666,6.354226588,-12.58119892,4.507414397,19.80688167,26.25875977,35.734492,24.23136608,30.58511946,16.35313092
24.99751614,-6.459822466,-44.00595058,3.862926764,-1.906303862,5.127654371,-1.850047787,-20.6294133,-27.75218966,-17.3588064,6.167108295,-14.11794819,2.792054934,17.97104684,20.98991658,29.32447985,20.78070294,27.32984358,14.0017869
20.03229759,-11.23160626,-49.56648665,1.279539008,-3.800351197,3.09515908,-0.736176793,-20.42449054,-26.33862374,-18.56224155,6.389604155,-16.49995119,-0.578859439,13.34909242,15.00420245,20.91015214,16.71810324,21.74293096,10.23925433
12.44904408,-17.81610841,-56.75628812,-2.552544752,-7.209887415,0.735099241,0.486865639,-20.15424319,-25.34176909,-20.89535943,5.786576537,-19.43045111,-5.417152876,6.605985776,8.824801171,12.89419153,12.37763965,14.48139606,5.017359898
3.536801408,-26.19094067,-64.44563938,-6.517069928,-10.97808311,-1.332114945,1.482719371,-19.65155331,-25.07207253,-23.3441347,3.997686293,-21.98464528,-10.47499708,-0.693715587,3.205477019,7.41645558,8.122948545,7.043219626,-1.039875571
-5.09268372,-35.65572958,-71.47327618,-9.579346988,-13.79800801,-2.702461789,1.897864634,-18.81644886,-25.25867408,-24.81155927,1.858390179,-23.09078441,-14.10967155,-6.929560651,-0.989784147,5.060816492,4.09440811,0.655734702,-7.030564416
-12.22735783,-44.80812385,-76.97554421,-11.15072419,-14.96807039,-3.397283114,1.583227829,-17.71677383,-25.46997446,-24.62329864,0.779296455,-22.08187934,-15.13526444,-11.14077667,-3.168729234,4.68006043,0.285656007,-4.357125345,-12.26866408
-17.31120347,-51.96621953,-80.41616344,-10.98970531,-14.52683016,-3.796678994,0.735989779,-16.51260736,-25.556564,-22.68518253,1.588704363,-19.13511089,-13.38629508,-13.23959449,-3.475162756,4.331147666,-3.216419478,-8.350366227,-16.54836603
-20.3173804,-55.9781239,-81.59436374,-8.996442929,-12.92277547,-4.362815561,-0.197652829,-15.29917853,-25.79579543,-19.4123852,3.730206709,-15.39177483,-9.745510733,-13.76001014,-2.949764076,2.543788413,-6.162760253,-11.66540717,-20.05624253
-21.54373962,-56.95926319,-80.81040244,-5.303344738,-10.69896517,-5.355542997,-0.80867819,-14.02192793,-26.65594639,-15.61486612,5.506868276,-12.58047733,-5.699531745,-13.44470752,-3.101033011,-0.954360591,-8.3793235,-14.18588155,-23.08044009
-21.50974129,-56.37724525,-79.01934697,-0.637526468,-8.456305146,-6.726685546,-0.969306281,-12.53300892,-28.35792536,-12.35394171,5.271383532,-12.18792303,-2.693765309,-12.93927482,-5.017153825,-5.391805969,-10.08484585,-15.52253277,-25.78879446
-20.88533096,-56.27088302,-77.61974037,3.527894494,-6.90900234,-8.232795005,-0.830361997,-10.71618407,-30.53641537,-10.63878349,2.688203399,-14.5779447,-1.589560626,-12.6597586,-8.582743132,-9.653841798,-11.91316177,-15.57566401,-28.23528223
-20.3097018,-58.0303191,-77.76421899,5.497959114,-6.679774254,-9.646382506,-0.587988642,-8.546385621,-32.24062074,-10.92934702,-0.918752609,-18.65794554,-2.42571907,-12.76023543,-12.42047237,-12.92387421,-14.50016515,-14.88297571,-30.51881564
-20.1240153,-61.56984251,-79.57158607,4.441393136,-7.801549001,-10.89133491,-0.250096294,-6.034477372,-32.3217644,-12.69559564,-3.443284913,-22.4546121,-4.536985395,-13.14990695,-14.72314095,-14.89974377,-17.92027516,-14.39059325,-32.8719268
-20.23187752,-65.51122843,-81.88893198,1.26117852,-9.367334432,-12.01030501,0.363008114,-3.155455303,-30.03546836,-14.45058876,-3.467238915,-24.34441145,-6.942270992,-13.59084241,-14.47196109,-15.65774104,-21.46942109,-14.83342986,-35.52930212
-20.26543118,-68.26599993,-82.96069029,-1.620568744,-9.856432125,-13.01639861,1.369973515,0.090246001,-25.5478794,-14.47048255,-1.238083312,-24.13152227,-8.81350236,-13.89280359,-12.17886336,-15.46424098,-24.05862579,-16.25886323,-38.45276865
-19.96602615,-69.21235769,-81.66172213,-1.726465595,-8.157458475,-13.77294703,2.566249943,3.460631475,-20.04822636,-11.90461841,1.537063713,-23.17098923,-9.801315235,-14.09733742,-9.575908979,-14.71441305,-24.97296454,-18.0749847,-41.1647676
-19.44747076,-69.07488344,-78.4107364,1.640542634,-4.599890575,-14.01672137,3.425481395,6.290639095,-15.34966363,-7.554695922,2.860373046,-23.38879108,-10.06083807,-14.46449855,-8.434639687,-13.9193923,-24.40544915,-19.52717064,-42.89767361
-19.06926722,-69.23492408,-75.00884225,6.578856509,-1.076913006,-13.52054078,3.423380755,7.614838944,-13.13212611,-3.670382883,1.667922367,-25.8885654,-9.987297288,-15.19180289,-9.361008098,-13.57299169,-23.31873188,-20.16351864,-43.02015773
-19.00091888,-70.54923853,-73.42891053,9.614223032,0.07111414,-12.27710134,2.446981588,6.676219374,-14.20011238,-2.723187333,-1.735129918,-30.17865044,-9.857127944,-16.05765564,-11.44915386,-13.8951241,-22.72610536,-19.94070523,-41.45376378
-18.8918334,-72.64831719,-74.42622262,8.054308639,-2.271122411,-10.56375772,0.942830445,3.548725967,-18.14965517,-5.87615425,-6.178835014,-34.5870447,-9.644179541,-16.34585615,-13.03984989,-14.66963297,-22.96786338,-19.01696639,-38.75963237
-18.03251219,-74.29298171,-77.04607197,2.031027949,-7.041851496,-8.831183797,-0.353616774,-0.620000595,-23.62138181,-12.1802024,-10.51395636,-37.50702027,-9.159058273,-15.25765604,-13.00220779,-15.39773917,-23.56830282,-17.56593871,-35.80431599
-15.97111945,-74.49723469,-79.4461141,-5.36531893,-11.62595361,-7.482333262,-0.925700426,-4.073936752,-28.97839272,-19.09910572,-14.1656196,-38.48456231,-8.401388943,-12.60740674,-11.57918968,-15.72326137,-23.77159308,-15.84271219,-33.23313206
-13.08567962,-73.48386293,-80.41378131,-10.13613977,-13.71160581,-6.681658755,-0.833416678,-5.44510147,-33.00553052,-24.05258805,-17.07985072,-38.33908023,-7.809686694,-9.260656612,-10.19062347,-15.79125551,-23.28061598,-14.36747833,-31.13260772
-10.54594053,-72.65575145,-80.37232931,-10.21339214,-13.00046301,-6.309487011,-0.641781509,-4.629643138,-35.24631242,-25.92960241,-19.34953407,-38.33315587,-8.126235678,-6.850909665,-10.37800829,-16.18518775,-22.55338323,-13.86791386,-29.11963976
-9.553006443,-73.55450504,-81.03674757,-6.969941484,-11.40837463,-6.076892751,-0.976786277,-2.869385731,-35.86107704,-25.52977656,-20.9823578,-39.16240669,-9.880584169,-6.824269502,-12.68416712,-17.41841675,-22.39542884,-14.81424444,-26.76298399
-10.37544096,-76.60519629,-83.94589865,-4.169067771,-11.53099581,-5.715746921,-2.056488746,-1.894719786,-35.2123169,-24.66726252,-21.9775828,-40.58934384,-12.83579582,-9.435080549,-16.24605488,-19.36947147,-23.19767032,-16.8419654,-23.98830456
-11.96443345,-80.64532463,-89.0219089,-5.037566758,-14.53534909,-5.123699751,-3.55325929,-2.704501942,-33.53200128,-24.65533488,-22.48413842,-41.89746306,-15.85731462,-13.46106498,-19.31106692,-21.16998516,-24.48597908,-18.62950352,-21.1480459
-12.55457597,-83.64624958,-94.33890561,-9.653410878,-19.14464311,-4.389696935,-4.869915694,-4.889634376,-30.9079843,-25.34083368,-22.74770215,-42.61490121,-17.42151854,-16.94057617,-20.24861809,-21.73295586,-25.20107452,-18.54962351,-18.72728954
-10.89982823,-84.12326714,-97.36797848,-14.71718682,-22.55838373,-3.71107157,-5.58740456,-7.030818475,-27.54887069,-25.42111659,-22.86552593,-42.81209173,-16.52348988,-18.47531882,-18.39104332,-20.58555058,-24.52463329,-15.78307644,-16.96602198
-7.258198837,-82.20715209,-96.8094138,-16.02075853,-22.62433551,-3.276100267,-5.727128235,-7.866572255,-24.06253663,-23.77084211,-22.68162165,-42.80394211,-13.40631836,-18.18117525,-14.29080948,-18.37955562,-22.61312378,-11.10003694,-15.74583255
-3.373114987,-79.60462359,-93.6350982,-11.82397604,-19.57507401,-3.188371652,-5.645306825,-7.296583205,-21.46750077,-20.69528849,-22.07655961,-42.72662441,-9.590412076,-17.59394541,-9.421365501,-16.65205362,-20.66229323,-6.640125085,-14.85146715
-1.419970889,-78.48678043,-90.53138347,-4.534156235,-15.97424391,-3.460953752,-5.680457887,-6.40004236,-20.84141744,-18.04356447,-21.45551555,-42.55187695,-7.118931995,-18.5943212,-5.601520945,-16.95233394,-20.23398013,-4.718653228,-14.36912233
-2.635771625,-80.0860317,-90.11712911,0.740644039,-14.91839633,-4.052914218,-5.855981082,-6.453067094,-22.75865185,-17.97074366,-21.87494179,-42.54152652,-7.451711811,-22.12478165,-4.377376523,-19.90740262,-22.30915742,-6.4191786,-14.82301088
-6.553617383,-83.92545716,-93.20238895,-0.152184838,-17.87778904,-4.900120964,-5.864804835,-7.772826217,-26.82451848,-21.19945695,-24.42737185,-43.51430468,-10.66680118,-27.5856564,-6.450058158,-24.81739792,-26.68013504,-10.90964096,-16.8364719
-11.29341449,-88.10815132,-98.28805159,-7.204646757,-23.7727255,-5.915663999,-5.316743705,-9.377109479,-31.60021785,-26.08982756,-29.17904173,-46.31662961,-15.41380864,-33.25263756,-11.23697707,-29.97203717,-31.99960789,-15.89995984,-20.50750026
-14.61588641,-90.38005467,-102.5760311,-15.92671464,-29.84789226,-6.975877938,-4.026393613,-9.760671076,-35.04395297,-29.30975679,-34.53642438,-50.67581699,-19.58034357,-37.30930561,-16.80145099,-33.40839192,-36.35670344,-18.8679836,-24.98787496
-15.00445398,-89.2626506,-103.7012854,-20.25526697,-33.51565439,-7.927512002,-2.117970543,-8.122753353,-35.33963247,-27.76193376,-37.78428005,-54.470284,-21.23478404,-38.72480507,-20.42542295,-33.64834819,-38.00458949,-18.23717615,-28.68375885
-12.17700476,-84.64947154,-100.9925287,-16.64349072,-33.72391655,-8.632553945,0.098856129,-4.977789588,-31.74562169,-20.49916561,-36.65886758,-54.45347545,-19.34784158,-37.46610219,-19.80775958,-30.12743894,-35.93236208,-13.88118866,-30.06751201
-6.938153434,-77.69127317,-95.54403054,-6.388610394,-30.99281371,-9.02712462,2.337520198,-1.625551605,-24.99916788,-9.332855137,-30.88431624,-48.37361789,-14.04434806,-34.13142921,-14.35520301,-23.31132193,-30.17963461,-6.902997877,-28.61010129
-0.699600873,-70.19714238,-89.28503963,5.445524715,-26.45772418,-9.147348407,4.438118741,1.00438087,-16.97151547,2.259462803,-22.46282914,-37.0518747,-6.447186454,-29.49549195,-5.728594407,-14.60650466,-21.8970281,0.931848762,-25.18460903
4.973809176,-63.91937818,-83.852446,13.64275346,-20.99042888,-9.093310854,6.298794165,3.017589154,-9.683444301,11.14632511,-14.4064077,-24.58812719,1.689323756,-24.35883629,2.895898595,-6.066878815,-13.11176225,7.738480899,-21.60672892
8.693352595,-59.99711011,-80.00703072,16.28849554,-15.15782827,-8.951303825,7.736800159,5.041781819,-4.255449672,16.09670086,-8.849224378,-16.0532507,8.429659104,-19.65524258,8.559977848,0.197464695,-6.132485025,11.95596643,-19.56627472
9.558762121,-58.68325733,-77.76322408,15.57979137,-9.797078084,-8.733941182,8.448284224,6.987182418,-0.530395004,17.90158959,-6.013603316,-14.04366549,12.17404932,-16.44702446,10.17591352,2.859926556,-2.685658424,12.78714371,-19.64352217
7.493722586,-59.38979833,-76.8580327,15.5585925,-6.3045492,-8.390115636,8.148725699,7.361595039,2.274815683,18.16924646,-4.794529623,-16.67952624,12.20218211,-15.54686135,8.953636507,2.089969151,-3.151484346,10.58106637,-21.0648561
3.413724332,-61.0312364,-77.07378701,18.63373063,-6.013093118,-7.881958039,6.8129813,4.101607559,4.314951293,17.84564029,-4.326837308,-18.83970174,9.052993135,-16.93787192,7.273173011,-0.40831228,-6.382632253,6.844825205,-22.34648963
-1.043882003,-62.54818891,-78.22938156,23.57160538,-9.011684963,-7.26588152,4.830657279,-3.448914945,4.313153547,16.62501746,-5.018899808,-16.02731676,4.457491661,-19.49300352,6.823317316,-2.29053275,-10.32586028,3.605449824,-22.36044972
-4.248663066,-63.36711443,-80.01187879,26.41184722,-13.50146009,-6.701946742,2.931215712,-13.01799234,0.128081756,13.63867253,-8.005193255,-8.062494401,0.687386687,-21.37317422,7.413651562,-1.996386248,-13.13311626,2.300492617,-21.07680855
-5.381523253,-63.52613187,-81.91249903,23.50610215,-16.51985311,-6.3682598,1.884615565,-19.9176889,-9.390697318,8.758813693,-13.44861375,0.345096999,-0.460882773,-20.97230225,7.370791089,0.23293313,-14.05449524,2.901800172,-19.49079625
-4.759540531,-63.37428782,-83.34494055,14.32769971,-15.74182738,-6.337980216,2.137866953,-19.69075281,-22.55926422,3.346298574,-19.32304704,2.860464176,1.486753533,-17.80452126,5.184220596,2.560288764,-13.52264874,4.013961473,-18.84034016
-3.416082889,-63.0598197,-83.81086316,1.985504208,-11.04915781,-6.518832426,3.599875953,-11.17190397,-34.72657738,-0.297082616,-22.08604393,-3.648398438,5.525820337,-12.71431568,1.046823958,2.968513322,-12.43871411,4.035344134,-19.71672887
-2.240073041,-62.2226602,-82.96651081,-8.815038272,-4.592962243,-6.716395438,5.704313733,2.378949307,-40.54780043,-0.466682495,-19.06731708,-16.37376149,9.835834668,-7.271795642,-3.013484221,0.909066182,-11.2900659,2.571884944,-21.70850734
-1.350265412,-60.18880168,-80.6129691,-14.72983597,0.775543138,-6.785216176,7.717269415,15.153918,-37.47321485,2.57151721,-10.75741486,-28.14209125,12.86187087,-2.808472529,-4.587349753,-2.099815801,-9.840613756,0.938268987,-23.78669425
-0.201480722,-56.56617988,-76.75283008,-15.46884174,3.497396126,-6.751904826,9.113022558,22.48441666,-27.92516983,6.506662489,-0.968589788,-32.26316157,14.13641747,0.224707952,-2.782658875,-3.50163957,-7.612168824,1.197976957,-25.07948135
1.700277523,-51.76515758,-71.75840618,-13.15546996,4.144605634,-6.802507456,9.802374972,23.64398623,-18.13471894,8.427115058,5.593303978,-27.05862133,14.34716787,2.201548023,0.994541238,-1.672834316,-4.651596499,4.38979263,-25.42299159
4.141037967,-46.94791981,-66.47071015,-10.11720855,4.48568239,-7.126715524,10.08753576,21.66159438,-13.92285174,6.851411622,6.655448402,-16.65928531,14.67605213,3.75300887,4.082296599,2.679015435,-1.792905317,9.384428526,-25.29504373
6.245524558,-43.32217157,-61.96757755,-6.990111822,5.658621748,-7.730289322,10.38530992,20.35593466,-16.2520344,2.893512949,3.990372587,-7.5100855,15.91302091,5.221493618,4.65641372,6.879022005,-0.06170485,13.45516935,-25.24744321
7.263272961,-41.24181302,-58.97104466,-2.622560474,7.091655397,-8.367218742,10.90636968,21.02438167,-20.05435965,-0.35774421,1.906597248,-3.333268027,17.94961232,6.54723991,3.205799656,8.277032634,0.321471442,14.30402814,-25.33912207
7.435617031,-39.81279146,-57.25487159,4.25663467,7.15163026,-8.663290414,11.5077906,21.51463064,-17.76816549,0.075726522,3.68460493,-2.472900402,19.93881744,7.559820049,2.163344498,6.411247204,0.42062722,12.01235959,-25.03889713
8.119649835,-37.39232861,-55.58480598,13.06640582,4.958297066,-8.357209304,11.82034445,18.45833631,-5.44559377,4.900506523,8.772776603,0.350807229,20.9314186,8.303356383,3.931689831,3.636868353,1.972630292,9.280181901,-23.65876998
10.90243098,-32.71258992,-52.42536973,20.80767222,1.707301018,-7.487034202,11.55918505,10.79610871,13.07497748,11.82250304,13.07699566,9.316442914,20.51226668,9.058862705,8.859595234,3.607200084,6.026898841,9.576960043,-20.9411416
16.29357694,-25.85491667,-47.03812414,23.5362615,0.17820215,-6.380741062,10.78807034,1.556815435,27.51332655,16.81003798,12.25244474,23.55602395,19.03147258,10.06668639,14.8102575,8.633202119,11.89798606,14.50136444,-17.31326317
23.02431501,-18.35747201,-40.17496036,18.94308686,2.63676735,-5.452361829,9.930297934,-3.804554189,27.69805221,16.55186038,5.448879184,37.09978655,17.34682879,11.25476652,18.71602194,17.85656669,17.3571165,22.37607502,-13.61765341
28.60020718,-12.34117048,-33.7562917,8.221466844,8.789413025,-4.950544812,9.500677379,-1.390092185,10.92432269,10.49444771,-3.518313359,42.77746788,16.30387741,12.26216727,18.91756845,27.61136765,20.04294159,29.23332067,-10.56802294
30.81323755,-9.242232071,-29.65752884,-4.179564493,15.55065971,-4.839711868,9.745467457,7.955409383,-15.33833686,1.136813375,-8.649537935,37.11228786,16.28310424,12.74428483,16.42667098,33.7260794,19.06759071,31.51598589,-8.390729611
29.15386131,-9.015388781,-28.4525996,-12.90538602,18.99012861,-4.887909221,10.45754152,18.87725876,-37.76268466,-7.547671455,-6.110680567,22.57264578,17.03410845,12.65867833,14.07914889,34.08283259,15.57859859,28.47697706,-6.918911559
25.0957335,-10.31775717,-29.06457403,-14.72440436,17.05427233,-4.87461518,11.11021729,25.133616,-45.74763503,-12.44756892,2.834345395,5.668051318,17.82907317,12.23957707,14.2156536,29.61413368,11.82846508,22.49212284,-5.986785897
21.04983708,-11.47760902,-29.60905446,-10.34564508,10.98042955,-4.745422878,11.21296587,23.89969476,-38.19464751,-12.85763686,12.53804949,-7.461209575,17.83213361,11.66996249,16.71456966,23.16345337,9.479204383,17.13235258,-5.70007267
18.76537052,-11.52726162,-28.78456945,-3.902863262,4.321392925,-4.596759971,10.6234189,17.50478323,-23.56571844,-10.32590872,16.79216543,-14.58540799,16.52729865,10.76811059,18.9532174,17.26158166,8.468874063,14.5621459,-6.283206116
18.3341409,-10.60671578,-26.72385179,-0.448993317,0.372635654,-4.523052134,9.590628094,11.38755027,-13.2373873,-7.122241925,12.92220351,-17.63015473,14.03452292,9.022847411,17.77836655,12.59579029,7.294931938,14.27212038,-7.623522844
18.45550333,-9.562288109,-24.65536202,-3.015652318,0.012076147,-4.474765376,8.523438273,10.00298056,-13.15916686,-4.558289927,3.244925833,-19.91070226,11.15194425,6.006770617,11.9985029,8.244076714,4.41600281,13.99697901,-8.972517857
17.65182489,-9.151492376,-23.69930951,-11.00031675,1.544998582,-4.261444718,7.693881572,13.89466735,-20.0372059,-2.360447905,-6.917091337,-22.90034893,9.032946305,1.83833424,3.492848679,3.239673817,-0.407953145,11.89557584,-9.19782386
15.44782699,-9.486428436,-23.83414576,-20.76293114,2.476027968,-3.703117003,7.117348549,20.01931862,-24.72837397,0.59009806,-12.92879353,-25.1639201,8.577257578,-2.719733611,-3.921693744,-2.028984417,-5.911469171,8.12820701,-7.523745281
12.63949919,-10.08114846,-23.91565756,-27.93709506,1.610473882,-2.799532611,6.675278726,24.6917963,-19.98229992,4.881108836,-13.49137116,-24.10177145,9.827744426,-6.657197445,-7.040406016,-5.847444099,-10.35381345,4.582380386,-4.224170311
10.54315294,-10.36695758,-22.72856898,-29.9605579,-0.24335184,-1.765854541,6.321594736,26.49228303,-6.42458354,9.709710599,-10.62327266,-18.81000859,11.76126614,-9.328422124,-5.38318358,-6.615423787,-12.87120017,3.100565704,-0.664265857
9.902330968,-10.20294742,-20.15613843,-27.30475554,-1.398744893,-0.894798498,6.14597905,26.76819587,7.780447297,13.21423153,-7.523704591,-11.54296403,12.70670465,-10.81154625,-1.389748131,-4.439909631,-14.02901483,3.795284356,1.46420353
10.33496641,-9.968592201,-17.43111179,-22.7972914,-1.092806539,-0.353713347,6.220737626,27.60600304,13.11934947,13.70708281,-6.284845806,-6.510204444,11.24993662,-11.7434507,1.348857562,-1.459069744,-15.17894274,4.899379228,1.232456647
10.71283571,-10.19120944,-16.20063353,-19.6569921,-0.305984004,-0.082164832,6.392714826,29.35205573,5.810243492,10.82951966,-7.088829453,-6.934984545,7.125320465,-12.77357506,0.493097726,-0.510411776,-17.23439591,4.260190084,-0.899467307
10.11116868,-11.0277793,-17.15660984,-19.59874635,-0.88343185,0.129515693,6.271057447,30.04306057,-9.647090298,5.753696317,-8.987913854,-12.66075311,1.523741778,-14.06326176,-3.661378043,-3.123340364,-19.90858012,1.198441512,-3.405537704
8.548982434,-12.01760847,-19.38352449,-22.16885424,-3.776157557,0.455184782,5.501477164,27.28939114,-24.10132243,0.336651547,-11.07614942,-20.11176645,-3.432093586,-15.18521309,-8.60946311,-8.387706677,-21.98780474,-2.833526602,-4.743006459
6.954527969,-12.30570195,-21.00208396,-25.53584218,-7.996249654,0.906025648,4.135280765,20.88076727,-30.36707501,-4.055852025,-12.86784988,-24.58656239,-5.770674322,-15.4341384,-11.35798956,-13.56924978,-22.29962126,-5.34280334,-4.346880199
6.422504197,-11.18974005,-20.60868697,-27.97187248,-11.24308271,1.371706072,2.756467477,13.66628188,-27.59957511,-7.133867766,-13.79084207,-23.17450744,-4.669746569,-14.25010317,-10.16362094,-15.97999557,-20.49337986,-4.741218536,-2.832734604
7.366557023,-8.617660328,-18.33423774,-28.90148468,-11.68818901,1.785074715,2.18310552,9.734302694,-20.40793419,-9.297089024,-12.71848423,-16.28387309,-0.777803626,-11.43221974,-5.236354189,-14.67293759,-17.0209774,-1.57152486,-1.298188932
9.213615946,-5.298546859,-15.64898398,-28.86713409,-9.396708057,2.247196263,2.910643944,11.29973693,-14.10192007,-10.72200408,-8.415638473,-6.938290586,4.292231796,-7.067443641,1.757165133,-10.74560033,-12.48981946,1.949006602,-0.327581903
10.84243392,-2.34244096,-14.07747761,-28.65138073,-6.183122874,2.975063744,4.719930295,16.91598939,-10.37385006,-10.78893985,-0.74402361,1.381282957,8.927629283,-1.368276936,8.770026468,-6.183616592,-7.118631344,3.671588533,0.471069561
11.40583843,-0.641519657,-13.89271414,-28.40638017,-4.052555417,4.089714443,6.790360699,22.59146524,-6.866207625,-8.397648138,8.501425336,6.723562172,12.3223116,5.343086419,14.25533271,-2.295715962,-0.858354914,3.154110552,2.018931206
10.91766033,-0.36459375,-13.8730374,-27.52948962,-3.581177071,5.417413113,8.274006525,24.96644229,-0.452036266,-2.93680876,16.17166572,9.269209804,14.67779923,12.47222454,17.49204232,1.001850845,5.971624616,1.938266485,4.793554953
10.19412183,-0.871178614,-12.31956238,-25.33145239,-3.606626472,6.493096903,8.904347192,23.95541558,9.109282673,4.916829503,19.64744733,10.50227922,16.78169006,19.02459953,18.50367949,4.604730715,12.25094181,2.308032633,8.164865391
10.22772037,-1.10233179,-8.489671248,-21.86311153,-2.440257294,6.807088042,9.160296403,22.67818289,18.53166204,13.29276089,18.68743611,11.86087148,19.32589361,23.76578558,17.88276421,9.002941025,16.42197454,5.527911931,10.63820616
11.47032078,-0.216115083,-3.271127874,-18.15093439,0.498747478,6.13679139,9.847978107,24.74648822,23.852622,20.12248358,15.72981046,13.88797674,22.42138879,25.70470821,16.63794284,13.56544487,17.51167918,10.88839799,10.86656216
13.53813038,1.922767213,1.436218052,-15.60930362,4.057940638,4.718437718,11.43098309,31.1572502,24.05248846,24.30492653,14.26434412,16.27804422,25.5678016,24.63977466,15.94499011,16.96152459,15.9982913,16.20539134,8.655413758
15.52558743,4.709385433,4.101439227,-15.09438115,6.253602789,3.118414484,13.64697308,39.3449942,22.06152486,26.15952799,16.41964598,18.47722329,28.02288168,21.39221602,16.70494905,18.33378277,13.72426417,19.32251831,5.164229518
16.6759862,7.242420525,4.582845026,-16.35653872,5.884042835,1.884373604,15.71462912,45.13632648,22.16226571,26.85283599,21.56126189,20.20895799,29.29533564,17.52165293,19.06841861,18.17440735,12.79171464,19.49227805,2.127991341
16.91151977,8.942024492,4.012919073,-18.31065573,3.446861717,1.22187122,16.94840122,45.96210054,26.05636354,27.30421191,26.91173722,21.55237281,29.45340746,14.64805987,22.27257106,18.09323365,14.21744523,17.70082204,0.683038509
16.83459529,9.901487806,3.737598226,-19.88170806,0.599410496,0.922405645,17.26470678,42.70069635,31.10376778,27.4726139,29.6233979,22.65798084,29.07136325,13.74592788,25.00112296,19.58761461,17.34673614,15.81637613,0.676787348
17.1930566,10.70496337,4.252489747,-20.75395672,-1.307654922,0.578908731,17.16343316,38.71892859,32.37576777,26.57725668,28.65319655,23.4403655,28.83574167,14.77045859,26.08473524,22.76192067,20.43029953,15.23928815,0.945735824
18.19177563,11.8325279,5.004665375,-21.48525582,-2.301394747,-0.086434277,17.2185103,36.99848177,26.83805615,24.00898957,25.06366293,23.50591222,29.01735285,16.76039348,25.05859233,26.02080736,21.859329,15.9785982,0.291628363
19.1629235,13.10664848,5.134263293,-22.98490378,-3.529492656,-1.027659914,17.52911897,37.74654303,16.09769454,20.11485495,20.72223727,22.32366029,29.11670751,18.31222434,22.18746947,27.02691393,21.09221003,16.70002385,-1.622456252
18.87821333,13.6445871,4.424312534,-25.8184645,-5.949918542,-1.941733141,17.61322225,38.39195531,5.33603775,16.16201135,16.64286623,19.47854396,27.95120375,18.18762787,18.0099727,24.26120148,18.65439193,15.6274693,-4.111044408
16.34184559,12.42509826,3.59536138,-29.8350925,-9.190757403,-2.518943866,16.84210863,35.86047564,-0.72487882,13.49487001,12.3785034,14.85922779,24.24530267,15.82333083,12.8630951,18.08745746,15.40981537,11.686473,-6.076071987
11.54452121,9.09903765,3.702684474,-34.26313168,-11.65616775,-2.669223481,15.04585079,29.2076221,-1.477057453,12.58655576,6.868392581,8.739611698,17.47427651,11.58496805,6.847745543,10.60441278,11.8648019,5.208588672,-6.830444324
5.64817368,4.441713984,5.198043178,-38.05767476,-11.84409003,-2.556134699,12.7656637,20.51447205,-0.690049194,12.77248308,-0.123283243,1.777140523,8.473369342,6.678592518,0.263820841,4.439686531,8.110777198,-2.168681063,-6.478320153
0.439089402,0.066649468,7.501167379,-40.2234623,-9.745563293,-2.43534644,10.92170637,13.44857035,-3.206159097,12.87472361,-7.300547774,-5.066891151,-0.643458075,2.713782902,-5.942255676,1.335929961,4.332422452,-8.302437318,-5.625735533
-2.609302494,-2.445854232,9.461446825,-40.04770871,-7.076346788,-2.445950082,10.15499483,10.73908536,-10.81029575,12.18039974,-12.50226703,-10.70971642,-7.348658354,1.038945399,-10.26083117,1.42676715,1.251381069,-11.5760019,-4.761826624
-3.045439518,-2.410233004,10.30605459,-37.35406168,-6.059471607,-2.523605738,10.37449444,12.52004229,-20.61433515,10.95813818,-14.19790066,-14.22552311,-9.936231945,2.118075199,-11.34792916,3.539547227,-0.050131153,-11.59876189,-3.878883029
-1.468210874,-0.296133539,10.25678413,-32.79499659,-7.70363373,-2.489879682,10.86799231,16.61887526,-27.1781659,10.10880493,-12.59378805,-15.13634769,-8.407480141,5.277506674,-8.920731516,6.157037804,1.135790319,-9.221701758,-2.630711743
1.075029661,2.744333076,10.30029078,-27.9386413,-10.96286105,-2.225605622,10.8693732,20.28130048,-26.6073979,10.28328285,-9.494485663,-13.59231131,-4.444399269,9.013625951,-4.107522261,8.318167754,4.483338842,-5.918348962,-0.831058002
3.808626768,5.66120964,11.33066825,-24.82758367,-13.45381579,-1.777606554,10.11087483,21.86453576,-19.45636831,11.22821584,-7.094791473,-10.36630779,-0.469808467,11.74303507,1.093061532,9.914908525,8.669933135,-2.952961798,1.192681407
6.496670301,7.980273384,13.40336152,-25.01028237,-13.15886189,-1.316748405,8.926821095,21.35675782,-10.40879061,11.89147362,-6.684747169,-6.680980864,1.61480607,12.58297228,4.898923511,11.33660881,12.13552041,-0.867320857,2.720449425
9.094449901,9.655836926,15.70970019,-28.56893411,-9.796844949,-0.994592637,7.86870359,19.71402103,-5.259173929,11.15971311,-8.198076408,-3.934539702,1.232605565,11.69806754,6.595413689,12.84286132,13.95673744,0.427890133,3.131031095
11.170041,10.55428774,17.2441686,-33.89192234,-4.881286603,-0.826093663,7.196634873,17.88357857,-7.5393543,8.597742761,-10.75412759,-3.366749189,-0.946412926,10.01447343,6.563423848,14.15024055,14.13843193,1.1232543,2.338006784
11.71931262,10.14734926,17.56382718,-38.53307399,-0.565237801,-0.695786633,6.688731964,16.33640689,-16.95117797,4.633430797,-13.55275355,-5.675648073,-3.750628521,8.518963065,5.573265024,14.49936639,13.16350679,1.042552871,0.807088269
9.692746814,7.797178987,17.01704526,-40.68228983,1.734198134,-0.477448905,5.909112214,15.20644519,-30.09039665,0.170451446,-16.33178338,-10.64716223,-6.280924958,7.630846592,4.019123932,13.12557489,11.31436532,-0.319605364,-0.83486995
4.923156224,3.452472337,16.3284487,-40.20803065,1.929398651,-0.164556514,4.670263145,14.53666025,-42.38389949,-3.908767156,-19.12971171,-16.98147942,-8.176068792,7.057072418,1.764834071,9.811913082,8.461815197,-3.242823217,-2.244052123
-1.296017435,-1.867396857,15.98710115,-38.47360611,0.848601984,0.09614088,3.267018017,14.21419875,-49.88043969,-6.906115183,-21.76821927,-22.55413993,-9.340688048,6.174938548,-1.317775429,5.172414435,4.532947305,-7.175240384,-3.482501455
-6.580846574,-6.338644391,15.99791288,-37.07536075,-0.590178314,0.095610215,2.272757251,13.73992292,-50.33822572,-8.15585087,-23.6739872,-25.19509405,-9.575025911,4.610459687,-4.694940194,0.478965944,0.161742896,-10.66330283,-4.750962721
-8.693874564,-8.309147009,16.15196079,-36.54887672,-1.853553993,-0.290334573,2.075862343,12.33633719,-43.82354406,-6.988470408,-24.26103512,-23.7286506,-8.573255413,2.571720126,-7.118794954,-2.896515445,-3.234794923,-12.02427199,-6.011782326
-6.866478997,-7.33408223,16.45242386,-36.14349337,-2.677217321,-1.003916993,2.5564736,9.606335731,-32.98048462,-3.14604653,-23.50804815,-18.72115239,-6.338597432,0.717464295,-7.373822143,-4.132330124,-4.243625492,-10.36555937,-6.866749114
-2.27487679,-4.498307526,17.19299282,-34.85691191,-2.760681922,-1.821829228,3.175461068,6.274737088,-22.56302046,2.572131694,-22.14634963,-12.40919945,-3.590851491,-0.299836852,-5.275949453,-3.338938766,-2.580354185,-6.21830378,-6.813046331
2.701432589,-1.749434047,18.55421784,-32.7849259,-1.797319066,-2.466504685,3.391277982,4.200251514,-17.71783073,8.126232991,-21.21573287,-7.707346063,-1.661177193,-0.259755519,-2.066293877,-1.447626578,0.402089063,-1.286194571,-5.657076321
5.939991861,-0.702463434,20.1081139,-31.48062334,0.105489952,-2.735644408,3.048491222,5.303654447,-21.36410224,11.04218775,-21.32260387,-6.780380753,-1.781510602,0.520301884,0.236709862,0.333760954,2.386099719,2.542535393,-3.725176183
6.741434748,-1.76573386,20.79345834,-32.82406702,2.110300162,-2.575756823,2.422445885,10.01974295,-32.17335296,9.935159253,-22.21947603,-9.996380415,-4.236523511,1.423976498,0.130125461,1.165470096,1.576841844,4.222435976,-1.687769325
5.931838127,-4.166484636,19.54903366,-37.24970284,2.962697403,-2.074304297,1.910236531,16.49360989,-44.84164591,5.687726309,-23.06306051,-15.87829856,-8.054390417,1.90817631,-2.38685882,0.917453549,-2.067793015,3.914587145,-0.143540513
4.944260939,-6.74670473,16.18064646,-42.89552613,1.884274126,-1.396886024,1.65778132,21.36319983,-52.98959397,1.208249248,-23.13533432,-22.04668254,-11.5527441,1.755569979,-5.883072777,0.010928166,-6.802743154,2.525763768,0.698389266
4.667662145,-8.831198824,11.74139052,-46.61762073,-0.6538227,-0.71577783,1.451862513,21.79283611,-52.99514083,-0.354824536,-22.42874218,-26.52348656,-13.39854111,1.094929478,-8.562793907,-1.077226877,-10.2974026,0.900165024,1.005965364
4.954993747,-10.4890395,8.023956838,-46.27862919,-3.042545865,-0.161141074,0.962138244,17.37499874,-46.08112615,2.183818827,-21.6244425,-28.58629933,-13.42418618,0.252529394,-9.505060521,-2.233925775,-11.17107095,-0.650447728,1.045662566
5.088914656,-12.07216117,6.466711,-42.53657624,-3.625849878,0.200967638,0.109672383,10.49487923,-37.08552308,7.068782813,-21.50475547,-28.73704743,-12.61811097,-0.42828159,-9.14589142,-3.707052236,-9.733518032,-2.165996034,0.922816789
4.712549402,-13.53191205,7.278235429,-38.59211495,-1.994953857,0.374865693,-0.770794647,4.837256912,-30.83151624,10.73440336,-22.2935361,-27.98198937,-12.3372213,-0.707415766,-8.703025413,-5.689005814,-7.461559893,-3.503652607,0.581350584
4.383545637,-14.17192102,9.448194845,-37.91215492,0.575247198,0.43340338,-1.13234446,3.077440416,-28.88792225,10.36385787,-23.44323891,-27.03927298,-13.35904023,-0.495927617,-9.075837892,-7.863614066,-5.733187835,-4.051777253,0.043972297
5.262806361,-13.08402026,11.62321585,-41.60616901,1.989257412,0.504252693,-0.634082889,5.368029398,-29.15636732,6.030463069,-23.99765871,-26.01771134,-15.45207024,0.148402793,-10.11582314,-9.36256662,-4.858483283,-3.036185504,-0.364104125
8.188358104,-9.905384268,13.13981849,-47.50561437,0.877898671,0.735987403,0.550326961,9.582165603,-28.37053806,0.776740278,-23.20842653,-24.66017483,-17.67996196,1.071672395,-10.79469047,-9.260948241,-4.108534733,-0.186068146,-0.069672671
12.89457189,-5.252563809,14.38710945,-51.71943475,-2.393826142,1.243766463,1.774933854,12.95145205,-25.20578041,-1.512929401,-20.94094253,-22.80572622,-19.0849295,2.115638693,-10.04688028,-7.276623222,-2.583254398,3.842796602,1.388122143
18.01440665,-0.458456166,16.2243032,-51.50419255,-6.089451171,2.049989248,2.287212961,13.79475034,-21.30828637,1.086135533,-17.64564062,-20.63152361,-19.1902725,3.203385048,-7.567400839,-4.112485466,-0.111523427,7.715965872,3.938290316
21.87391829,3.187789225,18.95672525,-47.25594692,-8.560579652,3.047421091,1.65802587,12.15810294,-19.48586482,7.136788328,-14.03965557,-18.51029164,-18.04146083,4.333755845,-3.979595229,-1.110207501,2.553070158,10.20093733,6.830568465
23.48035425,5.11378872,21.74754529,-42.13867006,-9.615231951,4.01153256,-0.006397559,9.170829529,-20.85275484,12.86918342,-10.81280227,-16.68442108,-15.95950517,5.44230852,-0.369009997,0.585953526,4.318176097,10.88266078,8.915579002
22.99547822,5.578980817,23.00723273,-39.72661539,-10.65540537,4.67129706,-2.172391977,5.906778468,-23.63191614,14.8428158,-8.529964029,-15.09474713,-13.37479382,6.214322423,2.331337178,0.748096423,4.552366208,10.267191,9.209725054
21.4216404,5.24190109,21.52368148,-41.5399324,-13.43726217,4.817775384,-4.183381191,2.755101495,-24.77532252,12.24412539,-7.633951487,-13.52057896,-10.89170762,6.042462363,3.624747891,0.118782162,3.432897117,9.237427624,7.405346832
19.82167096,4.608315374,17.48831017,-46.30834963,-18.44034216,4.401344616,-5.537012951,-0.312897414,-22.94030535,7.1709931,-8.343159274,-11.88098793,-9.364682182,4.275853386,3.346102643,-0.244952673,1.64318585,8.343923828,4.025147972
18.6725134,3.802093337,12.61188047,-51.31825817,-24.17742666,3.561189254,-5.984889992,-3.030328595,-20.02449479,2.842147022,-10.39737798,-10.40135663,-9.656541907,0.689726663,1.498281049,0.168252395,-0.211723959,7.497202666,0.147746836
17.74824483,2.74424504,9.177509609,-54.55644055,-28.04942922,2.5585153,-5.465661404,-4.46259428,-19.66538161,1.224677782,-12.86761445,-9.484583055,-12.05355386,-4.132457067,-1.666593192,0.920417483,-1.937593871,6.231619501,-3.118970359
16.47636346,1.454380992,8.651036035,-55.89344241,-28.13662854,1.640777621,-3.995020021,-3.38767919,-23.84109438,1.896453705,-14.32895278,-9.403223339,-15.75548148,-8.850139661,-5.402776454,0.969507625,-3.624304055,4.213989166,-5.122129671
14.40572077,0.138006559,10.79079739,-56.53946678,-24.58696019,0.915634807,-1.629335832,0.85263609,-30.54616683,2.868598213,-13.46928706,-10.08691325,-18.98393895,-11.94271064,-8.463194358,-0.533156808,-5.312549489,1.518236285,-5.868836597
11.46838847,-0.995731726,13.85134846,-57.51669067,-19.57585959,0.319741043,1.47494461,7.71132906,-34.76506576,2.522042273,-9.830021068,-11.17900355,-19.85424368,-12.5127709,-9.603605311,-3.620791869,-6.852926507,-1.515008498,-5.883475459
7.983050008,-1.93204466,15.72847433,-58.61984349,-15.89285157,-0.28809014,4.977611388,15.50154,-32.19082717,1.020398617,-4.172190288,-12.28134159,-17.5162619,-10.78886072,-8.369602867,-7.50734376,-8.081031679,-4.585099887,-5.825663569
4.543769494,-2.790925436,15.27841058,-58.73744453,-15.19878267,-0.9684599,8.34297513,22.12172149,-22.71384377,0.114058671,1.856001881,-13.14147653,-12.74372974,-7.953853192,-5.529527085,-11.12321176,-9.046416879,-7.520297678,-6.084330465
1.906125643,-3.528685279,12.9666776,-57.10795824,-17.15871993,-1.595437784,10.94783946,25.96117737,-10.76690036,1.611771437,6.604400894,-13.61802099,-7.479247697,-5.384628837,-2.657076798,-13.70365163,-9.949391464,-10.04919226,-6.566439659
0.829222772,-3.724811434,10.4753996,-54.27138997,-19.93665589,-1.897055266,12.27914001,26.48229259,-2.163039736,5.829614175,9.303323032,-13.50726219,-3.61517414,-3.820254108,-1.030696083,-14.98104307,-10.7598085,-11.56135811,-6.797332641
1.787692722,-2.766748844,9.576710738,-51.82363015,-21.55081108,-1.634614894,12.13433968,24.27592011,0.049658273,11.24568741,10.36342762,-12.48294658,-1.890555835,-3.038056775,-0.660968229,-14.94806948,-10.89906575,-11.25921732,-6.277616704
4.624370583,-0.383641406,11.0199822,-51.20069638,-21.07595702,-0.802528889,10.72779926,20.70484344,-2.576075365,15.55445088,10.91370918,-10.31061171,-1.698033636,-2.242014928,-0.276740807,-13.55652373,-9.425328296,-8.746314899,-4.877446191
8.410578793,2.909200061,14.12827965,-52.57077414,-18.94216828,0.30263737,8.643059627,17.36946209,-5.668940168,17.22896987,11.93458328,-7.208827756,-1.868061342,-0.833965017,1.614019258,-10.73289797,-5.749660677,-4.601854365,-2.998025284
11.7593655,5.918647302,17.32247073,-54.75925802,-16.31169138,1.214747581,6.637270153,15.57721859,-5.740408192,16.41430317,13.61594476,-4.00694549,-1.721502852,1.041074278,5.377526079,-6.723977311,-0.367764158,-0.352133788,-1.357140957
13.52435188,7.475056559,19.2039284,-56.18214731,-14.12576149,1.559938873,5.372703568,15.93278575,-2.647222757,14.61672449,15.37636806,-1.829728158,-1.502847497,2.589875234,9.731852631,-2.3906393,5.065601144,2.328003767,-0.510701072
13.44594835,7.231499237,19.48600657,-55.91868303,-12.50821613,1.275239854,5.188502991,18.16645224,1.069897338,13.60101157,16.46883347,-1.407466922,-1.87512248,3.008689763,12.56208811,0.963913237,8.550802772,2.681066186,-0.438102047
12.23526344,5.902999838,19.16733687,-54.05694051,-10.84247693,0.634578745,6.008528037,21.30303153,3.051952666,14.38423083,16.65876988,-2.480037495,-2.989191354,2.143722674,12.50617362,2.253879236,8.955860825,1.371706695,-0.516966052
10.95703299,4.691413166,19.82070092,-51.21471638,-8.357208868,0.067160026,7.412247938,24.13941135,3.423004424,16.93436079,16.42301148,-3.803284656,-4.021121053,0.652161144,10.06519671,1.304219196,6.743123101,-0.037359134,0.046157345
10.13403429,4.309717583,22.44022439,-47.89443981,-4.791799627,-0.101013493,8.815078901,25.79123025,4.437963132,20.51546167,16.50686974,-3.884738453,-3.669521896,-0.451842892,7.309662517,-0.997264662,3.631414142,-0.302130017,1.610506544
9.27412591,4.385337678,26.59435838,-44.36494616,-0.74998906,0.194349368,9.664919097,25.98010638,7.90406994,24.18588421,17.19065282,-2.0269479,-1.258394859,-0.502521262,6.351654282,-3.283730274,1.411570446,0.517893823,3.769068874
7.232234925,3.742586452,30.46527374,-41.09887035,2.435516883,0.786978171,9.585521855,24.90283795,12.86335932,27.05616589,17.86174547,1.038021807,2.475719722,0.395745379,7.750223294,-4.640235005,0.783543721,1.086038706,5.563601744
3.150772858,1.342332271,31.79832744,-39.13632724,3.267914069,1.442680456,8.454656332,22.8555138,15.79340103,28.325613,17.273724,3.421903851,5.627675267,1.51163906,10.08936301,-5.19952004,1.052377046,-0.189203356,6.111597912
-2.782012822,-2.903312605,29.18496641,-39.77335241,0.835163012,2.006385668,6.437936049,19.98800841,13.3034847,27.37416565,14.35844656,3.154319483,6.295775708,2.027875818,11.04262928,-5.974765357,0.833451125,-3.949468556,5.180519884
-9.40348343,-8.127059812,22.86384182,-43.6727847,-4.614217746,2.424750738,3.978678746,16.42311297,5.035248683,24.04863659,9.028232637,-0.614151846,3.826092752,1.539605893,9.069172575,-8.095639593,-0.856968675,-9.44808667,3.272690006
-15.44685698,-13.30265159,14.53290201,-50.16692354,-11.60946594,2.661148532,1.703933608,12.58865434,-5.756353621,18.94279533,2.387538045,-7.059671623,-0.792614402,0.17220568,4.426897427,-12.05022712,-3.98149938,-15.18025558,1.170377212
-20.48568906,-18.12171565,6.328805565,-57.46518683,-18.04077335,2.619787257,0.214427949,9.342451923,-14.47427908,13.32729442,-3.816457958,-14.13029908,-5.638893022,-1.66620695,-1.203432674,-17.46024038,-7.717343001,-20.00093961,-0.668112572
-25.12530857,-23.13792221,-0.311945968,-63.69518083,-22.15037087,2.181019658,-0.190238861,7.613282102,-18.40060679,8.625814393,-8.1406065,-19.67358483,-9.088753636,-3.599554897,-6.047971274,-23.42756739,-11.19752807,-23.77787466,-2.345350313
-30.23418416,-29.00202369,-5.150838177,-67.92387242,-23.37902248,1.333937906,0.301258957,7.752812421,-18.22788383,5.742998187,-10.16119518,-22.51278854,-10.64652003,-5.387848053,-9.375854538,-29.03883122,-14.04508612,-27.07773929,-4.194096829
-35.85883195,-35.45274701,-8.752825292,-70.3027018,-22.5224146,0.280792627,1.075181066,9.161688961,-16.81861609,4.722413189,-10.52063868,-22.83958393,-10.86188549,-6.811956776,-11.57959404,-33.59461369,-16.28368656,-30.25853441,-6.185883316
-40.81477266,-41.0329324,-11.62760162,-71.30914858,-21.06795281,-0.612837573,1.432459079,10.62130153,-16.52543896,4.957099513,-10.35791411,-21.80165303,-10.5803023,-7.574633245,-13.32352619,-36.51834783,-17.85403589,-32.87255594,-7.652000879
-43.44273453,-43.95052261,-13.65976942,-70.94787186,-20.16131045,-1.026061121,1.020926437,11.17264884,-17.5232969,5.712648893,-10.58810217,-20.68854836,-10.24546755,-7.432907452,-14.68321985,-37.28491418,-18.34866413,-33.99822285,-7.660249376
-43.02776409,-43.51227847,-14.29286866,-68.83798343,-19.94904937,-0.906909804,0.0605241,10.83771018,-18.49229133,6.485883906,-11.53170111,-20.29313488,-9.800124523,-6.509424242,-15.11930706,-35.68432008,-17.34013579,-33.25354524,-5.823924299
-40.71607724,-40.95565505,-13.26039497,-65.21023438,-19.77426245,-0.530146491,-0.831490186,10.51432103,-18.73097924,6.940192706,-13.05531304,-20.77858712,-9.128600965,-5.475159893,-14.2755005,-32.30119549,-15.04165621,-31.55572829,-2.882526659
-39.03284572,-38.8515163,-11.15319811,-61.78293824,-19.02624067,-0.318034436,-1.122403672,11.04905408,-19.46186105,6.62590885,-14.96525307,-21.95720034,-8.508892264,-5.31855089,-12.75879775,-28.67900065,-12.61039583,-30.80846225,-0.482068903
-40.16440549,-39.34018017,-9.210713767,-61.3369749,-17.89323132,-0.537531519,-0.804325842,12.25996221,-22.90354307,4.9517654,-17.23491563,-23.62556287,-8.59125515,-6.737933263,-12.02209528,-26.71983887,-11.62126184,-32.57031783,-0.175782339
-44.20670377,-42.44854239,-8.372524347,-65.86273477,-17.3209962,-1.095597028,-0.438769129,12.83579293,-29.85855729,1.642508307,-19.85737114,-25.66407806,-9.901379188,-9.555359838,-13.27947148,-27.4858637,-12.95951962,-36.67493045,-2.31301905
-48.74471175,-45.80032564,-8.308590868,-74.56649058,-18.1424468,-1.592666148,-0.735300797,11.35442448,-38.09091264,-2.618528702,-22.49675118,-27.88501322,-12.31540523,-12.62429764,-16.32159576,-30.22168428,-15.980137,-40.95063332,-5.654027947
-50.22140063,-46.06317189,-7.282831105,-83.50087494,-20.08958697,-1.603497739,-1.965863043,7.661898051,-43.21970366,-6.002832777,-24.32823761,-29.84373245,-14.97351978,-14.38677664,-19.30429229,-32.47905,-18.6946274,-42.42319076,-8.065726673
-46.23426041,-41.18766183,-3.135104961,-87.53237069,-21.58679308,-0.981312287,-3.677470226,3.407106392,-41.68564408,-6.222551852,-24.31821362,-30.83666479,-16.70535248,-13.75319962,-19.83032681,-31.50811266,-18.98001756,-39.25064935,-7.862253764
-37.17135311,-31.87360492,5.196536318,-83.51351106,-20.64703266,0.038259398,-4.963972855,1.102946942,-33.47558029,-1.837400082,-21.82078432,-30.1322854,-16.61935508,-10.7143593,-16.55803897,-26.0779695,-15.96828725,-32.02707577,-4.860359052
-26.03977073,-21.23434943,16.67320639,-72.41092931,-16.28839931,1.006314644,-5.128451297,2.28405002,-22.38343447,6.643832304,-17.07505821,-27.29849698,-14.43688508,-6.27565476,-10.0931785,-17.4247461,-10.57783709,-23.50078119,-0.414309039
-16.62614797,-12.91834933,28.43100909,-58.77130024,-9.403102288,1.572474511,-4.245076965,6.167966385,-13.57732071,16.67506985,-11.22845814,-22.44733255,-10.45218142,-1.798842569,-2.48533138,-8.560105386,-4.790896022,-16.88558214,3.562249444
-11.29407398,-9.015981295,37.21317488,-47.87369578,-2.37399292,1.709345891,-3.179796604,9.949452157,-10.4035701,24.76328058,-5.851480774,-16.30665418,-5.342154483,1.741632358,4.211196898,-2.368886037,-0.259172634,-13.94321712,5.854554809
-9.905877609,-9.146245965,41.03263666,-42.65560637,2.322265602,1.695795559,-3.029121491,10.62110439,-12.8442373,28.11351,-2.26590792,-10.1250644,-0.090060191,4.065928903,9.114707924,0.140422012,2.666689582,-14.13686677,6.590803296
-10.46097886,-11.18487805,40.01098074,-42.5899291,3.519937712,1.890883544,-4.378618499,6.998608748,-18.51286572,25.86207239,-1.095891037,-5.42948068,3.993128439,5.332908901,12.53050457,0.165945515,4.768803906,-15.33778713,6.882757275
-10.78845115,-12.91397384,35.96091371,-45.06526179,1.802379259,2.478932918,-6.919512803,0.440553265,-24.93973852,19.26156922,-2.22468033,-3.623254914,5.439785611,5.665867158,14.96369487,-0.148715033,6.900958327,-15.45223875,7.834591557
-9.966934907,-13.33027147,31.15530489,-47.84319928,-1.214283689,3.368837191,-9.686050811,-6.232529707,-31.03309854,10.88597167,-5.021918784,-5.45135752,3.203600172,4.95799129,16.17992828,0.497752094,9.020093689,-13.75361278,9.720524024
-8.514675065,-12.78253734,27.1975023,-50.47228155,-4.062064899,4.297948227,-11.7090158,-10.71846476,-36.66572428,3.459584318,-8.577971605,-10.50935888,-2.564615673,3.16295062,15.28623446,1.696706175,10.19110626,-11.03875354,11.92532443
-7.428022954,-12.09139438,24.66884149,-53.65162191,-6.124742665,5.035626031,-12.59015406,-12.5715942,-41.23848369,-1.053946917,-11.82558869,-17.1151849,-10.13658046,0.788310596,11.82144825,2.036904097,9.581864525,-8.6605799,13.60179711
-7.006525362,-11.53762144,23.53994478,-57.43435939,-7.457292301,5.522951391,-12.60437994,-12.9740203,-43.02236558,-1.831852217,-13.66276385,-22.8022671,-16.73036737,-0.947374733,6.830546122,0.718256503,7.569512361,-7.291676631,14.44772669
-6.453047043,-10.56338773,23.77192233,-60.17470622,-8.122351579,5.856148769,-12.32734168,-13.33575002,-40.22854491,0.846822919,-13.24876028,-25.3607007,-19.84578346,-0.613550676,2.777733882,-1.361770076,5.916557952,-6.376911421,14.95993264
-4.521781856,-8.343368089,25.51824838,-59.39083427,-7.806889381,6.152372963,-12.13938757,-14.02277343,-32.94540479,5.835351669,-10.44420198,-23.93195519,-18.63995977,2.502918249,2.090411539,-2.049184607,6.706558158,-4.631980531,15.98290508
-0.631814369,-4.661388708,28.8061252,-53.91689369,-6.11097781,6.420997353,-12.0008186,-14.27022404,-24.04297336,11.44875712,-6.098952514,-19.48943182,-14.40076858,7.696287613,5.347485812,0.382297722,10.76820902,-1.144596881,17.94243812
4.460800019,-0.338344011,33.08368283,-45.45557784,-3.181164863,6.544170022,-11.62512378,-13.22254917,-17.89410035,15.90444584,-1.854424903,-14.32796197,-9.731706492,12.96979336,10.57141643,5.663154627,16.80860329,3.769545054,20.39030226
8.941842258,3.120472432,37.13841524,-38.03795007,0.016548109,6.376242708,-10.84482188,-11.05750075,-17.66266367,17.8303474,0.572028628,-10.80998453,-6.967750777,16.04508556,14.31990676,11.40282732,22.00064507,8.568089458,22.22555033
10.9405872,4.363914264,39.56018651,-35.61488979,2.167387754,5.882792144,-9.842121979,-9.138844425,-23.2525792,16.64718766,0.229701091,-10.14101528,-6.898772191,15.65769027,13.88369688,14.60354599,23.68597108,11.31411957,22.43210568
9.542652591,2.906198884,39.45739773,-39.56422704,2.48796021,5.218559365,-9.074668125,-9.061463904,-31.56495531,12.61423411,-2.658051193,-11.95348854,-8.63435936,12.28990836,9.009428304,13.69610582,21.01188251,10.75999183,20.79279027
5.19174334,-0.717190879,36.93415589,-47.9732344,1.251191914,4.691671891,-8.995680161,-11.4462059,-38.83463304,6.53459483,-7.006322072,-14.91455762,-10.58189815,7.844575873,1.912511891,9.552664703,15.37190422,6.999434587,18.07515279
-0.642485234,-5.319277681,33.035359,-57.11551977,-0.526677962,4.633240882,-9.808509523,-15.52718526,-43.14116378,-0.622751339,-11.64725513,-17.83863245,-11.70508149,4.477854033,-4.351766834,4.732828366,9.407505626,1.351854379,15.5752866
-6.185629995,-9.602812457,29.25601236,-63.83878988,-1.964386029,5.239054614,-11.41258246,-19.82585845,-45.15429028,-7.885278799,-15.96240216,-20.44107725,-12.10539099,3.370431758,-7.879787887,1.593337146,5.351447874,-4.356067667,14.34507343
-10.01428353,-12.54579496,26.95500499,-67.03667067,-2.956310623,6.457287473,-13.50509989,-23.24056972,-46.76159877,-14.18474301,-19.89824755,-23.19308092,-12.58834048,4.222864021,-8.825643667,0.732001162,3.879278858,-8.635544137,14.6101247
-11.41257855,-13.56333299,26.95376419,-67.35725963,-3.983204827,7.974822211,-15.69557973,-25.58047181,-49.00593106,-18.29925072,-23.43801744,-26.48067353,-13.70705681,5.724100367,-8.724034003,0.894930161,4.146106741,-10.86204888,15.71901009
-10.46323011,-12.57413666,29.3685826,-65.84963431,-5.289173127,9.320013369,-17.55307346,-27.17887542,-51.19014562,-19.16251538,-26.08978101,-29.83978213,-15.14384838,6.568697875,-8.980024855,0.275004939,4.765557337,-11.30909602,16.60231932
-7.981095823,-10.05961453,33.580824,-62.99384146,-6.265465322,10.05568618,-18.64244379,-28.12677268,-51.79585045,-16.52214358,-26.94726661,-31.97129729,-15.93484168,6.273944184,-9.812378329,-1.934294818,4.867745635,-10.80415357,16.41764855
-5.293906772,-7.024481802,38.3110704,-58.9299422,-5.751167464,9.987359855,-18.64940021,-28.00059231,-50.17899768,-11.47009306,-25.36515251,-31.58733284,-15.3060408,5.277550601,-10.40102149,-4.957806645,4.478776179,-10.25761185,14.98833035
-3.803850517,-4.696585151,41.90170569,-54.38803085,-3.11677406,9.280485777,-17.58350717,-26.4053893,-47.37587332,-6.263320525,-21.69926658,-28.4359501,-13.39895178,4.368166109,-9.916483226,-7.175762225,4.115261657,-10.28070413,12.81267328
-4.381088987,-3.972157229,42.89728374,-51.09074776,0.817481266,8.401549838,-15.89799925,-23.75966719,-45.28195529,-3.299249737,-17.42204603,-23.67693784,-11.2975153,3.97076752,-8.426463681,-7.450050727,4.104170937,-10.99568882,10.693419
-6.865963718,-4.890987674,40.77167903,-50.92328533,3.980858582,7.884551041,-14.35220584,-21.40313373,-45.02335766,-3.80375865,-14.39188036,-19.28152552,-10.36090456,3.845726175,-6.901983003,-5.925245345,4.246566986,-12.05022943,9.248459017
-10.04067872,-6.533579218,36.38200951,-54.42516301,4.422681368,8.038109481,-13.62277582,-20.7011429,-46.06469312,-7.135965208,-13.75892798,-16.89235949,-11.39473602,3.381603424,-6.397646366,-3.741820348,4.039810901,-12.80532895,8.607263687
-12.20726117,-7.507007497,31.73370682,-59.95123607,1.841657182,8.770042522,-13.90272511,-21.83190021,-46.85187117,-11.25163867,-15.32934926,-16.98105047,-14.24210024,2.190552302,-7.17729188,-2.044602897,3.166689268,-12.63735929,8.464456125
-12.08937036,-6.76034439,29.02795607,-64.40764777,-2.017028324,9.653260258,-14.79143746,-23.40121969,-46.32123237,-14.02506588,-17.87313752,-18.86305162,-17.97531451,0.511375034,-8.526501281,-1.186451492,1.785477295,-11.24833732,8.43256086
-9.492401411,-4.184549707,29.49370171,-65.15859702,-4.551341859,10.20451952,-15.58239203,-23.41526909,-44.81641842,-14.48061864,-20.10909162,-21.42690002,-21.41611886,-0.886979101,-9.341561078,-0.728142868,0.405303929,-8.837867255,8.440086345
-5.278289543,-0.568268019,32.75309792,-61.68391113,-4.224301443,10.19534427,-15.74165257,-20.92429165,-43.57106838,-13.08122238,-21.56092149,-23.90498199,-23.58311703,-1.209778765,-8.935704715,-0.064218861,-0.47586343,-6.016999696,8.87925016
-0.68977065,3.054445802,37.17246996,-55.74632233,-1.68978545,9.7793265,-15.20754124,-16.92437306,-43.32546105,-10.99581275,-22.61108089,-26.08373268,-23.89013221,-0.164551266,-7.410948392,1.016572868,-0.62418867,-3.470343129,10.36229423
3.464757145,6.166213751,40.97513441,-50.03647172,0.819642307,9.342684695,-14.2865489,-13.6101303,-43.48605001,-9.070126385,-23.77535529,-27.91987536,-22.20157126,1.855311786,-5.412064363,2.357562382,-0.040052965,-1.543591086,13.21713018
7.164538083,9.051110357,43.33655495,-46.44110237,1.370459138,9.185739846,-13.26336729,-12.47239384,-42.69375891,-7.374256829,-24.88834178,-29.06807356,-18.89255356,4.024583383,-3.617502679,3.92179788,1.22324345,-0.026043467,17.06701693
10.84771817,12.38557616,44.69234581,-45.23286685,-0.073711246,9.273007045,-12.0901234,-12.83750688,-40.25401166,-5.58940214,-24.95567921,-28.85608063,-14.86166809,5.568738234,-2.439041287,6.133447882,3.133636788,1.68866225,20.83046202
14.73216925,16.46896414,46.0852552,-45.55880441,-1.681011357,9.244340937,-10.44741217,-12.21829071,-36.96722192,-3.695336797,-22.83700055,-26.7617663,-11.2846022,6.152013777,-2.058871067,9.610408364,5.551785595,4.125956107,23.21910881
18.39274346,20.72587802,48.10996169,-46.49885085,-1.408423629,8.685768074,-8.129634661,-8.370782238,-34.40886705,-2.168933995,-18.18626814,-22.91832286,-9.032592138,5.966782442,-2.538557858,14.45711077,8.073604873,7.249266702,23.46027668
20.97493509,23.91843303,50.31092985,-47.65792429,1.098816207,7.460621787,-5.395239527,-1.428584336,-33.21956628,-1.435706047,-11.83360355,-18.10738151,-8.044972995,5.542344267,-3.712148269,19.79606939,10.10314803,10.3438082,21.77756067
21.88236814,24.96103401,51.51008999,-48.9272485,4.000113134,5.851870407,-2.924142966,5.744321793,-32.05512835,-1.128770653,-5.258715855,-13.17415807,-7.177970034,5.444090771,-4.93473167,24.09480604,11.20911912,12.41918965,19.28873794
21.36462828,23.74938574,50.78444364,-49.96588466,4.644008866,4.405445358,-1.357561088,9.478510833,-28.40909588,-0.01215496,0.418988421,-8.38021373,-4.836766904,6.037111858,-5.086656261,26.16076133,11.50697545,12.91467249,17.36013153
20.49204071,21.36931635,48.28137721,-50.1955807,1.746562456,3.586249771,-0.780123273,8.102352369,-20.84281572,3.12553353,5.09288597,-3.338000137,-0.110108276,7.389794731,-3.12198866,26.03297889,11.70164929,12.22574644,16.8274723
20.4870559,19.48125338,45.17961678,-49.45855155,-3.454034853,3.493645385,-0.598121685,3.380050007,-10.73276184,8.247613559,9.42660669,2.319536206,6.367397044,9.296307448,1.073410368,24.99549024,12.66050798,11.62834203,17.58340103
21.89467974,19.26787654,42.78571494,-48.6417315,-8.094012549,3.831031136,0.033108047,-0.676882559,-1.841177592,13.61846132,13.9418768,8.084396123,12.52819837,11.36351153,6.198257307,24.62307601,14.78262892,12.55681282,18.77067245
24.20405461,20.65393709,41.4602949,-49.42469241,-9.979287109,4.130747891,1.538135485,-0.80815217,2.204413227,16.70221137,18.23332995,12.35864677,15.99146093,13.12307232,9.99035306,25.57915327,17.64031358,15.64831226,19.40002544
26.18378262,22.32928172,40.23492953,-53.08623784,-9.435257757,4.053827528,3.541597744,3.000573236,0.573205658,15.85350245,21.00356434,13.2479622,15.44623983,14.14590279,10.48729626,27.11955248,20.18741079,20.1719414,18.94262222
26.65524315,22.56149542,37.47140761,-59.29773157,-9.162117568,3.550401839,5.107560996,7.508648369,-4.189199553,11.47985272,20.92909445,9.883594139,11.31874862,14.13435185,7.246351193,27.69634223,21.39039145,24.24880775,17.51709275
25.1303814,20.25974418,32.1199523,-66.04713834,-12.11721133,2.79498509,5.438347992,8.745006152,-8.228269636,5.691288029,17.68596392,3.26799409,5.281265927,12.96917332,1.594678098,26.16415854,20.80909078,25.76839128,15.62438437
21.89991397,15.60359265,24.66070971,-70.96104606,-19.03544837,1.988987008,4.499872887,5.11648163,-9.429594946,0.677873531,12.34335816,-4.07906262,-0.939400313,10.71433169,-4.318275781,22.61719675,18.71531113,23.45996945,13.70910081
17.61473807,9.861912512,17.01987939,-73.04402695,-27.52943723,1.2083793,3.088548687,-1.310360332,-8.909993425,-2.854875745,6.845190181,-9.497731066,-6.472500177,7.614229062,-8.951438694,18.2207728,15.73333892,17.49196906,11.90051585
12.77196032,4.565101808,11.477542,-73.37976438,-33.51807882,0.409874628,2.286548598,-6.327278961,-9.702622935,-5.880534075,2.989554912,-11.62175892,-11.2525845,4.110318082,-12.1818791,14.2476731,12.3699536,9.292614812,10.08341089
7.51342971,0.590411681,9.289121291,-74.14802085,-33.96369335,-0.438947832,2.718728478,-6.702766427,-13.78545818,-9.733283305,1.619441131,-10.87468445,-15.20563824,0.844535206,-14.91244501,11.16011957,8.840418427,0.771142161,8.162122443
1.812104227,-2.272182937,9.924588674,-76.76015567,-28.93356314,-1.243470723,4.156849467,-2.514964533,-20.05272095,-14.47692303,2.462448495,-8.79313259,-17.57019617,-1.439910115,-17.90912664,8.471150185,5.270109922,-6.565826237,6.249435564
-4.227890367,-5.059322822,11.38871785,-80.72551053,-21.5519075,-1.795491567,5.726697515,2.995868708,-25.05303715,-18.49385637,4.51147471,-6.846822573,-17.145279,-2.161318653,-20.93957969,5.401193119,1.969295307,-12.14209949,4.620457658
-10.29608757,-8.917129992,11.36689779,-84.26086956,-15.98478125,-1.912372573,6.513407021,5.804107269,-25.94057745,-19.79502889,6.516914152,-5.722518465,-13.40176958,-1.251457624,-22.98901506,1.66481188,-0.596170486,-16.31678694,3.497807719
-16.10740339,-14.41627882,8.451318571,-86.11492573,-14.96129345,-1.587034172,6.099576373,3.825334906,-23.12790616,-17.99617579,7.289101516,-5.508654542,-7.51459913,0.627582179,-23.34517664,-2.329935994,-2.200831996,-20.00170779,2.872865149
-21.69342016,-21.29706308,2.739490288,-86.9448691,-18.49362007,-1.023071565,4.690311002,-1.96944072,-20.28752877,-15.17921142,5.867674656,-6.358361801,-2.262354917,2.239452248,-22.52977386,-5.994073272,-3.266118741,-24.14683469,2.513240901
-27.41094909,-28.71043273,-4.43131318,-88.89825329,-24.42284897,-0.521755034,2.839561945,-8.619158719,-21.53152698,-14.66349919,1.786414345,-8.797977088,-0.57020403,2.343068861,-22.14090396,-9.226060366,-4.803599275,-29.28962614,2.132813449
-33.56179663,-35.6983648,-11.3100768,-93.61048429,-30.08997556,-0.302921368,1.076299746,-13.3267303,-27.98687757,-18.4529554,-4.540328581,-13.2510931,-3.606631455,0.408535763,-23.61317478,-12.5364336,-7.761204715,-35.26782269,1.574632936
-39.88753798,-41.56022727,-16.55741621,-100.2968713,-33.82073049,-0.387300677,-0.278060359,-14.99433931,-36.56809621,-25.35622056,-11.63110672,-19.18991815,-9.842084912,-2.973765291,-26.89384343,-16.45369981,-12.17963195,-41.17149252,0.879458074
-45.38328202,-45.91778205,-19.63928098,-105.6885994,-35.34742526,-0.614339138,-1.052755618,-14.20612727,-42.02404802,-31.41069316,-17.34496349,-24.81904866,-15.8718107,-6.322907563,-30.19770246,-20.74871563,-16.83854683,-45.62033102,0.23523983
-48.68979338,-48.56563585,-20.71348562,-106.1034656,-35.25549309,-0.767718089,-1.113035601,-12.09290274,-40.71985139,-32.49189446,-19.89392565,-27.84599481,-18.51918492,-8.071943258,-31.16056524,-24.25535043,-19.79575305,-47.370885,-0.108052775
-48.89681581,-49.35549324,-20.24640587,-100.1532214,-34.20355797,-0.712139524,-0.380124452,-9.297926169,-33.24761992,-27.2412574,-18.90873922,-26.95398328,-16.76647197,-7.475824956,-28.55268456,-25.58904635,-19.56732574,-46.04456356,0.102496523
-46.24737111,-48.29184685,-18.6877833,-89.98612332,-32.58050976,-0.454544191,1.014249009,-5.903608668,-23.9220629,-18.12513943,-15.78331112,-22.87519247,-12.1778112,-5.04262658,-23.22117805,-24.26935838,-16.16883328,-42.56406795,1.064448888
-42.24322663,-45.78253763,-16.39827171,-80.07568374,-30.67095068,-0.109928903,2.627725184,-2.13516539,-17.67106506,-9.832060677,-12.92578303,-18.13158504,-7.600738464,-2.207192018,-17.53353079,-21.33556425,-11.27251278,-38.92207192,2.806960172
-39.02087194,-42.79060552,-13.79811485,-74.47684455,-28.91323421,0.182974373,3.841925717,1.080832286,-16.77141257,-6.22238152,-12.32479887,-15.49186171,-5.183173202,-0.47541712,-13.79372116,-18.89188493,-7.334773136,-37.26800776,5.046219371
-38.33665709,-40.64861343,-11.5398673,-74.59913227,-27.85833237,0.332579013,4.205330121,2.427738734,-19.80981918,-8.076340425,-14.38500056,-16.20752578,-5.161382126,-0.617211025,-12.89438418,-18.86038672,-6.268197601,-38.78732406,7.140397406
-40.7463378,-40.53159402,-10.49271356,-78.9996496,-27.85316511,0.316184582,3.743418557,1.214550222,-23.36275865,-13.16280114,-17.82798139,-19.30033301,-6.179125458,-2.419764355,-14.20135811,-21.85533952,-8.531601696,-43.08541951,8.272961891
-45.43468501,-42.86854532,-11.45814923,-85.01048792,-28.8145466,0.15708724,2.976987889,-1.810306327,-24.80443365,-18.3133992,-20.68560771,-22.38966766,-6.689232579,-5.088817128,-16.5950146,-26.99303594,-13.17987963,-48.52562555,7.832600517
-50.75304062,-47.08077819,-14.73809332,-90.64633349,-30.38781314,-0.116891508,2.598816199,-4.672149091,-24.0111317,-21.73253386,-21.62924382,-23.39774101,-6.235343737,-7.932787707,-19.64627054,-32.70676332,-18.72586456,-53.33290529,5.756753612
-55.12524363,-51.86469843,-19.82764568,-95.29566854,-32.38605172,-0.50899977,3.024681752,-5.402239781,-22.87789764,-23.81196575,-20.69385747,-21.86943401,-5.660598226,-10.81887294,-23.88227837,-37.87241412,-24.14328807,-56.71734779,2.560514439
-57.81789783,-55.88995026,-25.49612418,-99.00260786,-35.08681002,-1.068361761,4.135486456,-3.416230682,-23.39372259,-26.09511771,-18.98947963,-19.03759561,-6.25275546,-14.13044679,-29.97959604,-42.3841533,-29.34043824,-59.23670479,-1.026672891
-59.19694532,-58.50143482,-30.31746135,-101.447058,-39.04621256,-1.875126148,5.382016125,0.001570558,-26.01177914,-29.53404449,-17.78023412,-16.77789594,-8.673199796,-18.35477286,-37.70901182,-46.84433308,-34.89230225,-62.16540538,-4.576628175
-60.39268126,-59.99736713,-33.40614393,-101.8588774,-44.51437773,-2.993876137,6.156155896,2.490682878,-29.53378956,-33.58538069,-17.71066849,-16.3805486,-12.56332949,-23.66096671,-45.67216487,-51.76303107,-41.34255233,-66.36703765,-8.222341651
-62.58821324,-61.32064135,-34.90509447,-100.0074581,-50.91939438,-4.409685792,6.156708048,2.127518868,-32.32809438,-36.78255079,-18.69234823,-18.02531938,-17.0188943,-29.73770289,-52.1357586,-56.98185257,-48.59804708,-71.51718372,-12.41290705
-66.29974541,-63.36711936,-35.84403231,-97.17453007,-56.88101857,-5.982275061,5.517624896,-1.383022194,-33.66955653,-38.08596234,-20.32848021,-21.1182682,-21.34063527,-35.88373984,-56.24942413,-61.72678095,-55.75959256,-76.2242625,-17.31244472
-70.99376508,-66.33946302,-37.36213275,-95.85167501,-60.8150412,-7.458384303,4.662706847,-6.585782404,-34.0993801,-37.71669817,-22.33249437,-24.92899153,-25.29746313,-41.1609228,-58.54634446,-65.09720356,-61.38962263,-78.89424176,-22.31869159
-75.22222572,-69.52480257,-39.75367057,-98.02227108,-61.7299873,-8.554593102,4.032660594,-11.19159613,-34.68299842,-36.76437126,-24.53066023,-28.8686317,-28.69066833,-44.48629395,-60.23123282,-66.47165829,-63.99810845,-78.6444752,-26.14384457
-77.22278907,-71.6046991,-42.01056498,-103.3018828,-59.67468307,-9.073889336,3.869144714,-13.3471241,-35.95402253,-36.02121827,-26.5460881,-32.27428306,-30.74781564,-44.74989954,-61.83882257,-65.51713871,-62.53342706,-75.61011621,-27.49420046
-75.7137044,-71.30326758,-42.28263322,-108.6035548,-55.56720565,-8.986761467,4.146279874,-12.47528813,-37.444109,-35.1722604,-27.62890216,-34.1512341,-30.10750125,-41.136846,-62.44987022,-61.97325188,-56.77206,-70.53545381,-25.90558745
-70.50529221,-68.02184076,-39.06248187,-109.9076135,-50.58403848,-8.424064645,4.624937154,-9.314458665,-38.07013985,-33.09719614,-26.96777866,-33.39141711,-25.64677814,-33.65625868,-60.23207092,-55.63849563,-47.54018592,-64.11954637,-22.12376766
-62.62142317,-62.15584918,-32.33966593,-104.9970504,-45.5599245,-7.58909126,4.963248618,-5.318345265,-36.94107317,-29.00214921,-24.31867363,-29.47911153,-17.58838947,-23.56775937,-53.96410569,-46.74737338,-36.6501526,-56.71217416,-17.71934671
-53.86660268,-54.97498005,-23.89683539,-95.11910712,-40.76886535,-6.654725427,4.844592461,-1.867629182,-33.94834243,-23.35109012,-20.40381406,-23.11944592,-7.934252315,-13.26575924,-44.33848474,-36.42736406,-26.43582936,-48.56166665,-14.18188975
-46.07204341,-48.15233332,-16.45617373,-84.2585634,-36.13807818,-5.718766265,4.109244989,0.300492126,-29.84210981,-17.75972376,-16.65457126,-16.16127462,0.308928631,-5.443906839,-33.9608288,-26.67873191,-18.9477831,-40.28006198,-12.12301715
-40.43004752,-43.16202787,-12.18488297,-76.51617412,-31.65485675,-4.837643298,2.852125921,1.257853173,-25.92837629,-13.94135479,-14.4148466,-10.73306236,4.718888552,-1.888689671,-25.97935152,-19.62877414,-15.15124809,-32.995054,-11.13278061
-37.25451012,-40.79503171,-11.54922926,-73.52598672,-27.64944501,-4.089592096,1.413392318,1.660452276,-23.64659712,-12.60885126,-14.20252695,-8.184334196,4.784245236,-2.633304593,-22.34908904,-16.45148586,-14.60715172,-27.96038019,-10.34278807
-36.21787137,-40.97684716,-13.28099599,-73.76689841,-24.76920197,-3.593707621,0.216534281,2.26892062,-24.12262015,-13.22781159,-15.59799788,-8.60354087,2.023468296,-6.077039894,-22.98561588,-16.7393513,-15.90493417,-25.90373377,-9.232925477
-36.80251721,-42.93369301,-15.42386332,-74.12034704,-23.66453417,-3.454819052,-0.482574901,3.430878787,-27.67251698,-14.72811009,-17.79689709,-11.18811433,-1.178796663,-10.05530945,-26.31369442,-18.85915325,-17.62762661,-26.63731211,-8.068301288
-38.59292726,-45.59351834,-16.64936767,-72.33001312,-24.56090843,-3.67845731,-0.766292474,4.791686591,-33.37933226,-16.44515697,-20.29716105,-15.01846045,-3.162017063,-13.16272074,-30.61585766,-21.07450896,-19.21483201,-29.2264533,-7.667650296
-41.21195923,-47.99978225,-16.87347448,-68.4639809,-26.95241003,-4.137541304,-0.990248272,5.444164717,-39.10426082,-18.42239744,-23.10099122,-19.49899428,-3.878731664,-15.41993658,-35.04376872,-22.59374168,-21.10949959,-32.53235269,-8.722799299
-44.03860209,-49.53261269,-16.79680347,-64.42114837,-29.62507181,-4.635172479,-1.490632789,4.504146568,-42.24046717,-20.85902706,-26.28972743,-24.14157472,-4.531972313,-17.83784049,-39.57611367,-23.75549611,-24.07924462,-35.66368057,-11.20918302
-46.06898188,-49.88185905,-16.86880616,-62.11250015,-31.09511716,-5.025095916,-2.269474352,1.793759618,-41.02834564,-23.31536781,-29.44478967,-28.08519693,-6.362101744,-21.24973495,-44.17674386,-25.28241688,-28.23996289,-38.03898567,-14.32452072
-46.19982001,-48.90489404,-16.63084359,-61.89025434,-30.32776447,-5.295897755,-2.920865902,-1.841928372,-35.67110127,-24.53345665,-31.5703185,-30.06860323,-9.566326191,-25.33582997,-48.07810591,-27.31748191,-32.57625731,-39.19572849,-16.9774238
-43.8620318,-46.57883837,-15.04597136,-62.42133719,-27.36801418,-5.549405024,-2.89819337,-4.880021948,-28.39364336,-23.17111235,-31.72874428,-29.1489344,-13.13329617,-28.61760033,-49.93830337,-29.12889018,-35.40484169,-38.74303152,-18.4542368
-39.57666286,-43.13852819,-11.54962808,-61.93637133,-23.44285166,-5.890968084,-1.94749092,-5.970098441,-22.22034971,-18.88961348,-29.90528949,-25.64871621,-15.60815839,-29.45147144,-48.79158423,-29.76265118,-35.50040075,-36.66857301,-18.80398917
-34.94456779,-39.25756255,-6.881262245,-59.71745968,-20.33128898,-6.324479759,-0.36948641,-4.731187262,-19.20234133,-12.85117589,-27.30189963,-21.39011631,-16.10531927,-27.27188769,-44.97155843,-29.05067799,-33.05452104,-33.74297628,-18.72284574
-31.90993815,-35.98915376,-2.868905984,-56.62935931,-19.28052019,-6.74059843,1.123720197,-1.92504562,-19.31983785,-7.125772088,-25.65203909,-18.72211916,-14.78297954,-23.12449687,-40.16733242,-28.01067641,-29.70856337,-31.49045867,-19.0724653
-31.65122323,-34.3062312,-1.184012176,-54.37379761,-20.15508777,-7.004070973,1.882991693,1.130047987,-20.83539358,-3.403267468,-25.95811824,-18.86721836,-12.50115584,-19.05369662,-36.47293647,-28.15508453,-27.55932536,-31.4473258,-20.36824364
-33.77964666,-34.42355983,-1.984352047,-54.15918743,-21.47312482,-7.057271646,1.781572453,3.47420723,-21.77079458,-1.987911137,-27.60407986,-20.83652889,-10.04386243,-16.76318753,-35.10456426,-30.17667516,-27.79173208,-34.06096293,-22.51863025
-36.40017378,-35.3808802,-3.556270253,-55.83135322,-21.41921393,-6.942286781,1.306774697,5.071353205,-21.30752587,-1.824669263,-28.59120779,-21.88611242,-7.567857042,-16.5031571,-35.71562633,-33.08741211,-29.87616886,-38.04460711,-24.88557213
-37.06338764,-35.32093809,-3.345764405,-58.03344612,-19.17758796,-6.719015951,1.207329571,6.630385509,-20.01078408,-1.470929989,-26.80947781,-19.33749776,-4.669970037,-16.95921121,-36.75772388,-34.60552495,-31.87232874,-40.82483812,-26.55324251
-34.05816456,-32.45604127,0.322062738,-59.1461884,-15.58807786,-6.356337925,1.962763887,8.8805778,-18.79433282,-0.190259653,-21.44975037,-12.46864267,-0.921793372,-16.18227947,-36.54633568,-32.60867829,-31.61286467,-39.94999345,-26.64564293
-27.26772381,-26.17006776,7.114058792,-58.26433932,-12.54455808,-5.706569616,3.473954585,11.91930415,-17.63280506,1.690557482,-13.5384772,-3.046462585,3.632813517,-12.87209177,-34.23451651,-26.59332079,-27.96735087,-34.55455911,-24.59259166
-18.10016411,-17.49178181,15.00344664,-55.58292716,-11.50139012,-4.605548579,5.189653051,15.15358385,-15.2550176,3.358913455,-5.241398205,5.911906516,8.427132313,-7.138303039,-30.08890046,-18.035908,-21.40073666,-25.84981784,-20.30701805
-8.610057526,-8.535771913,21.76670021,-52.07426736,-12.21486862,-3.027334456,6.536029436,17.83433599,-10.19807041,4.450013095,1.496586746,12.18862029,12.76374882,-0.308131662,-25.06376737,-9.394108777,-13.57665444,-16.29067305,-14.24636139
-0.428146649,-1.231899943,26.48883004,-48.7884331,-12.76923928,-1.163728243,7.291220284,19.68211275,-2.375459724,5.512187635,5.960895452,15.65267693,16.28163199,5.952005609,-20.15140305,-2.535471617,-6.385395885,-8.044892735,-7.317953004
5.828298602,3.784838563,29.93002245,-46.2326806,-10.98961242,0.649052938,7.622929529,21.04892513,6.235441059,7.629127749,8.66719948,17.86709974,19.10402645,10.51243598,-15.99824783,2.212888492,-1.059363201,-1.88862159,-0.617990459
10.39546398,7.331474979,33.55039292,-44.12663789,-6.220268543,2.110811258,7.80789501,22.48854488,12.54704806,11.54911425,10.52616595,20.47429409,21.56981038,13.09339012,-12.90778676,5.752813203,2.154644938,2.731667025,4.920134855
13.73286676,10.78493989,38.07404214,-41.59836941,-0.05676266,3.10903013,7.916165885,24.13802252,14.38721799,17.05158126,11.96739833,23.77325871,23.80121583,13.9652052,-10.99461048,9.03879841,3.74256797,6.681448398,8.81389013
15.9931685,14.84267313,42.80766141,-37.71542761,4.651355262,3.728278612,7.749787034,25.48277424,12.08940069,23.03054461,12.74458865,26.6537167,25.48239707,13.44503861,-10.21789197,12.09752936,4.411869225,10.11549647,11.11257069
17.00168723,18.90872365,46.24866929,-32.12723491,5.870945141,4.122250773,7.080527019,25.74110592,8.382580806,28.155893,12.4903586,27.83891778,26.04270317,11.66792379,-10.27013686,14.06651738,4.69125662,12.33353537,12.24214444
16.69652908,21.58699843,47.40858535,-25.50373219,3.969528874,4.367114326,5.955968792,24.55735062,6.577410987,31.53821572,11.43299673,27.2607157,25.12015786,8.787772188,-10.52857244,14.16738871,4.818659667,12.59998842,12.72588825
15.59186846,21.88351041,46.68132454,-19.46034754,1.546531138,4.425542124,4.778745449,22.41241444,8.338412709,32.92002918,10.5730015,26.30793293,22.97093532,5.353594726,-10.24502608,12.72667553,4.867621781,11.1669825,12.95424873
14.80679903,20.14921189,45.50413201,-15.87080708,1.561513829,4.248186261,4.062781806,20.38868544,12.64659806,32.40777734,11.10937833,26.70396108,20.5260254,2.445013448,-8.898842234,11.32088618,4.952565988,9.551851621,13.11593001
15.55231047,17.99494805,45.1220718,-15.85749306,5.141301467,3.912004678,4.056008887,19.46362473,16.65971256,30.17028638,13.56168521,28.98969991,19.02639599,1.34735799,-6.439169212,11.85851168,5.368122637,9.736996612,13.27298676
18.40477553,17.22127718,45.55005218,-19.06492009,10.73275673,3.65452344,4.541559998,19.88997517,17.77755678,26.48589631,17.29832891,31.95164833,19.42536868,2.9213018,-3.216199663,15.28862723,6.578219872,12.85594256,13.4692933
22.87503518,18.57415313,45.64402602,-23.76095336,15.25116318,3.747807759,4.983684246,21.12766395,15.38481054,22.07968936,20.85115223,33.52732781,21.87837588,7.075728979,0.314247364,20.92229663,9.028015157,18.36154479,13.76809886
27.57689642,21.25002948,44.19966921,-27.80798284,16.33725412,4.295802181,4.897929958,22.31668729,11.064837,18.28574085,22.76840415,32.44154413,25.59175889,12.70301626,3.815249815,26.85365534,12.8244185,24.30021574,14.19798888
30.87962589,23.46286968,41.06556618,-29.91657096,13.98831894,5.115036365,4.144009462,22.84198917,7.250543168,16.61293785,22.35858916,29.18520347,29.11897237,18.13827127,7.009312369,31.11424072,17.43649591,28.46752446,14.66934794
31.62221429,23.57309664,37.22728284,-30.33040614,10.34149642,5.805003651,2.916072424,22.51646742,5.391501764,17.80531287,19.81601198,25.50213285,30.9703743,21.88166907,9.43903768,32.68791475,21.64550173,29.59259217,14.94369528
29.4894596,20.92719153,33.74867666,-30.45665759,7.850551865,5.972934916,1.468241408,21.30181026,4.974256915,21.04868736,15.74786298,22.82672578,30.2431241,23.18859281,10.39143345,31.72628567,23.91360807,27.7683901,14.6958239
24.94457923,15.91048511,30.5460153,-31.7184534,7.346978935,5.462534717,-0.164745026,18.93516443,4.024962841,24.06619597,10.58715379,21.02026401,26.95880737,22.24589998,9.226738327,28.99820924,23.1003188,23.99483474,13.6486274
18.91624197,9.412984353,26.23110046,-34.48460599,7.527082697,4.437479402,-2.198385021,14.92448113,0.637180336,24.29539711,4.403786138,18.50775065,21.94345799,19.90931842,5.959236242,25.17659818,19.16336761,19.35995761,11.72346444
12.51154124,2.32181799,19.38767197,-37.8594527,6.237365458,3.280598277,-4.850768036,9.024826116,-5.605623733,20.5082428,-2.772850891,13.72523399,16.33804382,17.20515493,1.603368188,20.56693036,13.37395009,14.5319739,9.141658181
6.856567378,-4.546512087,10.33190824,-40.43962195,2.487609745,2.395311265,-8.031748038,1.819113688,-13.28402477,13.76539651,-10.47334046,6.662014194,11.04558848,14.87902979,-2.133518404,15.38432043,7.806118275,9.827047182,6.422563479
2.957675912,-10.22698121,1.792161828,-41.40298731,-2.450116044,2.040552808,-11.24327575,-5.159764405,-20.04570201,6.919147339,-17.64522348,-0.822028018,6.452369164,13.19327207,-3.752090241,10.16891915,4.324582437,5.573012118,4.248596999
1.45234375,-13.60457431,-2.35694824,-41.07822145,-5.765370014,2.273882856,-13.79263977,-10.02203625,-24.08832386,2.847222856,-23.05476311,-6.217689168,2.558790658,12.00796824,-2.87907034,5.840045449,3.668809212,2.289232388,3.219393999
2.305388315,-13.91144434,0.368393841,-40.60489034,-5.131025773,2.984229973,-15.16617859,-11.51751073,-25.22027192,2.547603029,-25.97463684,-8.169576021,-0.65387773,11.02940513,-0.52254745,3.265160299,5.207700557,0.471749812,3.590429405
4.703133553,-11.41224204,9.073212018,-41.03167758,-0.494810058,3.949570762,-15.28753691,-9.758000273,-24.8366594,4.43404218,-26.64117025,-7.4285693,-2.978809972,10.04638505,1.569365472,2.690541606,7.49501115,0.207360986,5.139860417
7.364193701,-7.602050968,19.6288965,-42.60520388,5.701119607,4.882896445,-14.48656469,-6.138219529,-24.88458037,5.415442271,-26.11980829,-6.221861156,-4.113327762,9.018103852,2.010710909,3.522044827,9.204168202,1.019048091,7.26981021
9.184432715,-4.523189465,27.01663187,-44.77092628,10.02698606,5.484485087,-13.23663427,-2.491917806,-26.53411123,3.095191722,-25.65452038,-6.585426943,-4.078287083,7.991761136,0.548539952,4.651430687,9.782535723,2.119818332,9.313584159
9.803513282,-3.556213895,28.28636256,-46.77893779,10.20329387,5.53098814,-11.8828519,-0.063921551,-29.42754871,-2.429909246,-25.95064312,-8.995579409,-3.540616622,6.944129424,-2.029499761,5.078317437,9.427463193,2.862498888,10.86716105
9.644718239,-4.593892044,24.07053087,-48.30974525,6.389608443,4.983462507,-10.55342499,1.015011312,-31.97440531,-8.495856522,-26.87093454,-12.31599546,-3.659474856,5.689010987,-4.702223206,4.373453714,8.539849734,3.00106436,11.91830894
9.345887351,-6.305969845,17.67452156,-49.58876891,0.838919954,4.038967041,-9.264569057,1.464440276,-32.46379878,-11.6673542,-27.70600843,-14.95629616,-5.432496796,3.941611692,-7.034612114,2.717069664,7.207776984,2.582548402,12.67671276
9.015429497,-7.333386032,12.56474067,-50.95043044,-3.690482961,3.05507981,-8.063056041,2.099835578,-30.22722021,-10.18644628,-27.76835629,-16.17611078,-8.961843547,1.514218969,-9.333149306,0.621043873,5.192818677,1.659263522,13.23981568
7.972885085,-7.430327296,10.18642445,-52.29331672,-5.599693449,2.360685593,-7.041854003,3.204061355,-26.05835951,-5.309881838,-26.86065317,-16.44822715,-13.2156249,-1.484729953,-12.04209601,-1.345357151,2.410528844,0.180510325,13.38110495
5.311408227,-7.549366354,9.631560267,-52.9380625,-5.141705574,2.066556989,-6.21013818,4.472104138,-21.61293535,-0.497821766,-25.31069361,-16.68054924,-16.55397715,-4.590250295,-14.94446061,-2.62699869,-0.573159605,-1.782020338,12.67519026
0.938962211,-8.737066206,9.133696595,-52.03916246,-3.887397225,2.013458689,-5.360382069,5.484617159,-18.23123862,1.044959502,-23.6144774,-17.09848749,-17.72063284,-7.115186703,-16.91857831,-2.647199372,-2.560788597,-3.707830652,10.90503529
-3.747246951,-10.77563978,7.961453855,-49.24533605,-3.526224057,1.907184016,-4.102719806,6.252199307,-16.04489361,-1.274900259,-22.01188209,-16.85324013,-16.61322779,-8.41137705,-16.55488865,-0.912783203,-2.368891998,-4.618337992,8.435470868
-6.258041999,-11.83430216,7.116262028,-45.12052795,-4.850234942,1.5492287,-2.100234925,7.349802866,-14.02710918,-4.942090558,-20.33330434,-14.74838522,-14.27100426,-8.116799764,-13.21619083,2.647482827,0.335150585,-3.574139137,6.209782537
-4.423071434,-9.624773206,8.36261523,-41.02900645,-7.459502785,0.991765496,0.647226942,9.519817095,-10.94378656,-6.139258009,-18.21264739,-10.4671759,-12.08940394,-6.272983271,-7.716444742,7.333633981,4.65322866,-0.3972661,5.285710442
2.078839024,-3.271954202,12.5385909,-38.54988582,-10.17361497,0.497400137,3.697420792,13.0603331,-6.472163747,-2.595657231,-15.4648218,-5.205616542,-10.85023387,-3.288575636,-2.037785557,11.68827298,8.87079763,3.955424146,6.188099841
11.19469446,5.608572705,18.63432068,-38.73810752,-11.75797157,0.333063201,6.355211378,17.48723584,-1.609296579,4.615011418,-12.30545163,-1.075831207,-10.28187702,0.195195257,1.780089808,14.04337998,11.40862798,7.758947095,8.52967882
19.47549531,13.62435345,24.39929628,-41.57378171,-11.54183256,0.556759482,8.058123213,21.74462727,1.969126284,11.70588337,-9.231417435,0.345210583,-9.432315268,3.468539364,2.816676754,13.34770282,11.65313646,9.468189475,11.18469199
23.98979215,17.71892413,27.92554708,-45.82323397,-9.692965452,0.962107622,8.702514299,24.81864875,3.119112944,14.835326,-6.663323827,-0.77878736,-7.497725411,5.918044831,1.698060299,9.741121233,10.11386388,8.612581648,12.9096387
23.9039282,17.14055531,28.87990613,-49.39847035,-7.109720327,1.223568044,8.681755005,26.31202404,2.07151964,12.85969398,-4.647323612,-2.533639447,-4.420365546,7.194414072,0.013725219,4.469794683,7.877900409,6.007525518,12.99377523
20.68438525,13.78229163,28.4364831,-50.16630645,-5.00253862,1.132448191,8.602866709,26.57919558,0.255485438,8.1388335,-2.865898018,-2.490085639,-0.809181384,7.3614861,-0.808528028,-0.801344296,5.843403807,3.156363949,11.53052415
16.87962372,10.66750375,28.10150373,-46.96760003,-4.310545877,0.749599146,8.871078287,26.35811185,-0.744326307,4.783555726,-0.951077617,0.699735536,2.673457424,6.9510064,-0.347179232,-4.791136573,4.318823579,1.320905862,9.208835864
14.45383398,9.802336051,28.51806083,-40.3877515,-5.186346297,0.369990181,9.423100231,26.20193977,-0.265989993,5.643222616,1.165118459,6.477482383,5.881142133,6.834359365,0.804304424,-6.98579576,3.215229915,0.954406482,6.868461166
13.88806236,11.0659322,29.24548673,-32.75750497,-6.827756852,0.33537969,9.786797256,26.13891513,1.141784266,10.27006392,3.173009464,12.86068686,9.212011144,7.897410265,1.766165073,-7.442871398,2.552326781,1.847601057,5.167307708
14.5624265,12.89573218,29.56949804,-27.15645038,-7.824519785,0.832080054,9.422256099,25.78904632,2.373241234,15.34575322,4.669506908,17.81058504,13.10348029,10.63393677,2.207977731,-6.330574489,2.759424199,3.727853062,4.516633536
15.8726775,14.02005039,29.47751338,-25.79542181,-6.903824569,1.801785736,8.111438904,24.80408533,2.741333574,17.19269075,5.574230145,20.47235306,17.47187812,14.85875642,2.635190687,-3.694567066,4.457014341,6.686083523,5.15608391
17.98626785,14.65894308,29.83509432,-28.69009862,-3.665559444,2.997695565,6.135478964,23.25041362,2.440119508,14.44921448,6.295238291,21.44734073,21.60257123,19.70331639,3.933293213,0.31983946,7.863648801,10.99154702,7.13868374
21.54719184,16.14814382,31.57782602,-33.53589434,1.160597765,4.121174908,4.123557049,21.60976978,2.162584172,8.934586574,7.428466171,22.00800905,24.5713297,23.90686741,6.55027545,5.030250294,12.30634273,16.43405819,10.16393976
26.63640237,19.36892584,34.66875367,-37.00828921,6.126510789,4.94626519,2.67459415,20.3868056,2.306186148,4.165407775,9.158485256,22.91426251,25.80025078,26.25794077,9.954825165,9.062659249,16.26268345,21.81585343,13.45566992
32.0232877,23.45498118,37.82404145,-36.74413225,9.887495248,5.381450914,1.999521173,19.6434579,2.539727091,2.760064546,10.83127462,23.71579762,25.26035396,25.98303519,12.78562753,10.78909999,17.98513558,25.1801496,15.95035871
35.56037687,26.04954134,39.3551061,-32.72144338,11.88969831,5.474842774,1.815338965,18.8662295,2.129072838,4.710851387,11.12377649,23.02663009,23.20371467,22.94786496,13.60306391,9.175362269,16.35181854,24.80913393,16.83104972
35.60464213,25.05501677,38.49047696,-27.11568782,12.48244489,5.388701052,1.556998634,17.33067555,0.683119898,7.70388846,8.826892449,19.56437461,19.78111969,17.65733274,11.74560827,4.469316999,11.44458028,20.37754095,16.09261945
32.40139612,20.48310243,36.08623039,-22.76524355,12.44078134,5.351086103,0.767498972,14.72692015,-1.426196513,9.039666265,3.770397268,13.23977958,15.01335901,11.11326093,7.749274448,-1.793017706,4.543829789,13.42814999,14.68411934
28.26113159,14.82537845,34.10606437,-21.35341186,12.30354171,5.577208481,-0.587511611,11.55873034,-3.404972767,7.566992822,-2.770132652,5.563999262,9.207348713,4.580119131,3.098052397,-7.526331665,-2.418716714,6.742166067,14.01907822
26.23491109,11.51356757,34.24952086,-22.56033655,12.02695412,6.172392463,-2.084077011,8.944608399,-4.823507276,4.228344481,-8.551468977,-0.921929891,3.389521241,-0.72486147,-0.508618605,-11.1214188,-7.637867341,2.929910714,15.11819339
28.17048871,12.58668816,36.78943199,-24.64826744,11.16850969,7.066443279,-3.104232462,7.88166107,-6.049882381,1.049336451,-11.49815659,-3.894659069,-0.814172102,-3.981742512,-1.935007072,-12.11400794,-10.07790027,3.116407222,17.96822617
33.5563361,17.34700927,40.49019129,-25.85743311,9.395425439,8.036574599,-3.224705455,8.474232989,-7.811765129,-0.397128359,-10.79614016,-2.468537268,-1.990267889,-5.044951969,-1.036400568,-11.13156332,-9.743438248,6.539852918,21.55888994
39.99152353,23.01531116,43.60049911,-25.47522231,6.888261873,8.824984853,-2.473254433,9.729517463,-10.20129246,0.189240328,-7.25322799,2.311713735,0.084746167,-4.484918378,1.418080815,-9.261190417,-7.528821262,11.26118452,24.56367327
44.89512882,26.82291113,45.08880896,-23.87381233,4.331322342,9.279292334,-1.286072488,10.16003333,-12.07335006,2.153030108,-2.728846239,8.002759195,4.114639867,-3.307597593,4.208136656,-7.333597357,-4.749365202,15.44781237,26.14801227
47.15775642,27.88717002,45.17468855,-21.76558362,2.513525343,9.410204639,-0.203299956,8.836606705,-11.58764912,4.727181302,0.94134179,12.03464573,7.992689792,-2.459323101,6.239221047,-5.579523669,-2.553146166,18.36034907,26.3113143
47.54974974,27.47265611,44.84377556,-19.5525794,1.831608371,9.315360479,0.480931158,6.144063815,-7.693164852,7.468769718,2.801021089,13.00115286,10.1039384,-2.398963502,6.966549632,-3.770887414,-1.454841136,20.44817389,25.56371672
47.7160582,27.58621754,44.84986098,-17.41561835,2.013194534,9.028747586,0.868106311,3.633023538,-1.43564271,9.939133912,2.912354541,11.21813225,10.23139922,-3.009576789,6.509646341,-1.610443661,-1.203465653,22.61646368,24.28006729
48.67081722,29.16028912,45.04199765,-15.95129761,2.199272298,8.429595277,1.303966965,2.98314929,4.084028024,11.15185982,1.841057464,8.230702904,9.346559192,-3.892208348,5.448334966,0.963052963,-1.060930712,25.28005882,22.31533326
49.99939015,31.29816665,44.49749829,-16.52474033,1.318438083,7.30936274,2.045871511,4.765914944,5.323832226,9.611615292,0.003774328,5.609337104,8.482195855,-4.792725775,4.424947453,3.716545831,-0.351285836,27.89271931,19.21192347
50.29887448,32.07874689,42.25971436,-20.69331935,-1.419918247,5.565917,3.00586251,7.90804612,0.481106447,4.206715003,-2.588312653,3.849375151,7.690174276,-5.800937867,3.76209944,6.235409578,1.043025919,29.22781617,14.80064034
48.35019953,30.11852228,38.05129053,-28.94521873,-6.095195414,3.372798968,3.776289465,10.30834812,-9.276067105,-4.672477059,-6.050504955,2.137842569,6.052169825,-7.149816375,3.304182404,8.041223807,2.565308715,28.12910234,9.642861897
43.98368273,25.54899157,32.45324919,-39.78771652,-11.87776999,1.166644826,3.936444851,10.23896013,-20.39543429,-14.79084488,-10.13663676,-0.837231943,2.800254435,-8.800921143,2.580995993,8.649462215,3.351140874,24.16227305,4.881582015
37.97339778,19.676493,26.51940361,-50.14147483,-17.21586908,-0.57408685,3.420303386,7.56115269,-28.91451493,-22.97500216,-14.03108629,-5.612267893,-1.438623065,-10.22966616,1.204554687,7.649007513,2.849683857,17.75777205,1.56211357
31.19553152,13.76039481,21.19445531,-57.01269639,-20.45796659,-1.616755392,2.660514152,3.870275311,-32.4636001,-26.74579522,-16.6591373,-11.16659611,-4.506820081,-10.69674881,-0.754329074,4.901925109,1.273047098,9.87037131,-0.063097125
23.91183599,8.056773034,16.93717128,-59.30955133,-20.72269345,-2.115722893,2.369812109,1.426475769,-31.07332882,-25.55108319,-17.31449483,-15.28962941,-4.069355314,-9.874059387,-2.683058714,0.814976223,-0.454534168,1.525698971,-0.69328974
15.86447549,1.957095422,13.69163459,-58.40656278,-18.55834112,-2.488725426,3.081377554,1.602410378,-26.5586775,-20.78449694,-16.13417119,-15.93919433,0.468330252,-8.319894862,-3.739241721,-3.531660565,-1.228816082,-6.383658942,-1.457190566
7.077543332,-4.965488486,11.09055669,-56.94746143,-15.88051388,-3.104631147,4.757913042,3.941543689,-21.2386305,-14.72162192,-14.0570395,-12.68131967,7.054678659,-7.315079774,-3.385346462,-6.612314718,-0.413719387,-13.0052167,-3.086034151
-1.432158737,-12.00234032,8.71509566,-56.75520946,-15.01536838,-4.004437193,6.752982785,6.490804575,-16.96257312,-9.269362733,-12.28248778,-7.176755188,12.03314514,-8.031007958,-1.788108845,-7.03963938,1.840471828,-17.4123763,-5.3807031
-7.810077994,-17.36964803,6.325369235,-57.47221481,-17.28381788,-4.858903322,8.175965323,7.156082418,-14.82830309,-5.389409571,-11.59709532,-2.3086786,12.55055362,-10.57518799,0.217250956,-4.225285842,4.802570843,-18.77755633,-7.338776611
-10.43172901,-19.33073948,4.0332758,-57.03041226,-22.0167164,-5.195103061,8.432455406,5.101489902,-15.26112834,-3.337122513,-12.00507713,-0.495675154,8.56976528,-13.67397409,1.608141221,1.274372091,7.690535182,-16.84623875,-7.823208218
-9.116496767,-17.51795052,2.338558942,-53.62082801,-26.76916613,-4.729984911,7.583071197,1.209146133,-17.9696581,-3.157113683,-12.86199819,-2.314932091,2.890752504,-15.36861212,1.785844635,7.954242096,10.09997212,-12.36280636,-6.296773847
-5.515858359,-13.401081,1.908082063,-47.61784661,-28.76273513,-3.576977918,6.280385675,-2.67142393,-21.76418946,-4.820362545,-13.37096614,-6.342481661,-0.93677431,-14.35016289,0.888572481,13.98979277,12.01936353,-7.011060717,-3.156363508
-2.293712595,-9.5092745,3.10216774,-41.89078145,-26.69461232,-2.190002522,5.327959885,-5.069212796,-24.72422486,-7.948748493,-13.09876909,-10.25850537,-1.263669659,-11.00274815,-0.417320217,17.93233709,13.47877854,-2.743651413,0.483354436
-1.627271204,-7.959894897,5.509095318,-40.14466051,-21.68831983,-1.096751828,5.159853064,-5.821799438,-25.0954185,-11.63127538,-12.21135653,-12.3968289,0.49557093,-7.330892293,-1.505731647,19.10753894,14.18841809,-0.862415216,3.357329473
-4.061956082,-9.327238283,7.892280012,-44.44022722,-16.67361248,-0.608733873,5.58693952,-5.951180344,-22.5706805,-14.79657555,-11.33687768,-12.66550782,1.126146858,-5.702516177,-2.280561206,17.59975949,13.53181446,-1.469522342,4.621315102
-8.468370114,-12.56669937,8.755199437,-53.68498187,-14.56719533,-0.689147612,5.967234186,-6.678074704,-18.95060036,-16.98818624,-11.17863547,-12.28438635,-1.649885649,-7.218481896,-3.20538448,13.98414053,10.97847321,-3.685884653,4.167233692
-13.02539189,-15.91115798,7.253185937,-64.18133591,-16.49298909,-1.03386418,5.666786687,-8.406864422,-17.34234297,-18.82251808,-12.10434372,-12.65836798,-7.098780332,-10.85891134,-4.850997398,9.065954308,6.615069691,-6.465495825,2.606635964
-16.44526407,-18.01864698,3.809583743,-71.82524081,-21.25653447,-1.280302976,4.48893233,-10.47907063,-20.10991356,-21.52677045,-13.91756028,-14.27886278,-11.72018553,-14.06317715,-7.325397909,3.755880337,1.35993439,-9.366108241,0.979474444
-18.5821941,-18.60863276,-0.091793813,-74.4066592,-26.36292854,-1.201260816,2.788978595,-11.8388749,-26.93228873,-25.7485865,-15.92006398,-16.43063691,-11.68698364,-14.399515,-10.05463833,-0.998775431,-3.364486142,-12.66579324,0.299618438
-20.11716214,-18.30598946,-2.86581383,-72.49453491,-29.73899072,-0.785460447,1.220933998,-12.01390655,-34.52775007,-30.60173527,-17.24752792,-17.82243537,-5.662280255,-11.19314768,-12.11088702,-4.385915628,-6.331447775,-16.7505144,1.084885632
-21.71144815,-17.97863659,-3.836899885,-68.49521457,-30.85982292,-0.196885206,0.313359723,-11.5754174,-38.52293644,-33.8915481,-17.33435182,-17.58792117,4.106560405,-5.992282143,-12.84600953,-6.034678227,-7.134798514,-21.32211917,3.067786709
-23.34016303,-18.10104321,-3.504635937,-64.76786423,-30.53632468,0.332160256,0.167701145,-11.68314363,-36.32425812,-33.54953362,-16.27544311,-15.90587675,13.19233363,-1.561987191,-12.33778961,-6.27508165,-6.33950498,-25.16749821,5.277536363
-24.27867499,-18.52012912,-2.85097561,-62.20951644,-29.72926218,0.613046332,0.45889494,-13.07926961,-28.9692767,-29.23267148,-14.86310159,-13.85101642,17.79792394,-0.119386791,-11.30062747,-6.089765673,-5.086921696,-26.79704641,6.536096663
-23.67663897,-18.66076218,-2.290420845,-60.18199408,-28.51034574,0.58256973,0.692398145,-15.36219536,-20.56657642,-22.76991872,-14.22400736,-12.67413886,16.91938609,-2.019499189,-10.54020218,-6.65780499,-4.441057914,-25.52725581,6.147822638
-21.24581307,-17.95451949,-1.202865151,-57.55677896,-26.08319735,0.338311082,0.505560783,-17.16901683,-15.6557882,-16.98792331,-15.21560961,-13.06795319,12.44365076,-5.727792151,-10.39216545,-8.692361424,-4.890440005,-22.14636041,4.364738581
-17.56640013,-16.21761542,1.491997945,-53.87237772,-21.80056026,0.113106452,-0.190989632,-17.17999851,-16.32459829,-13.76227398,-17.9204358,-14.88374322,7.399094579,-8.976267017,-10.57928504,-11.97358763,-6.252104125,-18.55077068,2.279941449
-13.82132028,-13.78424226,6.190427722,-49.67463656,-16.20507854,0.180226146,-1.279453852,-15.18963399,-21.05288098,-12.81000271,-21.55529572,-17.3699962,3.884039485,-10.19972535,-10.5555315,-15.39448812,-7.918446832,-16.51470489,1.161036052
-11.1396238,-11.32817718,11.93320041,-45.88674096,-11.06084204,0.712299596,-2.587408683,-12.39541811,-25.94597697,-12.16197384,-24.8684194,-19.6495488,2.199718691,-9.256252143,-9.992328895,-17.51034099,-9.187986561,-16.45502626,1.649410394
-9.940104622,-9.446498281,16.91053091,-42.86365327,-8.198298846,1.660885294,-3.962211559,-10.62222822,-27.31869031,-9.887027047,-26.7815845,-21.0818824,1.545156381,-7.064689416,-8.959220445,-17.25174322,-9.45953304,-17.11063788,3.38790245
-9.645048404,-8.225207127,19.82977529,-39.99712501,-8.051741656,2.73797868,-5.210770311,-11.00352433,-23.79140617,-5.63134713,-26.87329503,-21.35106506,1.347665398,-4.618668377,-7.650854531,-14.3764147,-8.271754793,-16.40178667,5.350532027
-8.941811693,-7.086280898,21.00555384,-36.23340791,-9.122415769,3.535510317,-6.005262662,-13.07321306,-16.66046872,-0.740485302,-25.4199364,-20.36153807,1.954275429,-2.226295238,-5.951767127,-9.450319583,-5.334573827,-12.8658893,6.625991014
-6.500898156,-5.112071313,22.16401709,-31.08506824,-8.918645186,3.732302396,-5.916239279,-14.95460309,-8.681491158,3.037796644,-23.0293948,-18.11650309,4.17829283,0.479023715,-3.311561971,-3.481298681,-0.673993971,-6.652759634,7.058062618
-1.804180181,-1.731915636,25.0086131,-25.28749876,-5.738895919,3.270935675,-4.634690461,-14.55868217,-2.411667399,5.082008501,-20.17641881,-14.67519343,8.309184299,3.908768108,0.857898053,2.486933424,5.172547118,0.58806728,7.262446152
4.392852348,2.681857317,29.70272807,-20.5030453,0.056375329,2.395124336,-2.259652401,-10.98766589,0.79068214,6.338928126,-16.97676125,-10.16507183,13.64726694,7.92532712,6.5457483,7.599110702,11.13307143,6.773013967,8.040070463
10.32416286,6.824149859,34.59649727,-18.21449624,6.284820539,1.522825411,0.582944229,-5.19441339,0.841423447,8.371761247,-13.31358151,-4.790926906,19.05637426,11.84949599,12.83640161,11.24971785,15.92976402,10.59624949,9.68792483
14.16925136,9.219943025,37.53208891,-18.60983266,10.53002406,1.033100703,2.948831588,0.536442365,-1.440556121,11.94058974,-9.148805724,1.161000051,24.00370914,15.05992473,18.298453,13.14873523,18.68392636,12.0718934,11.77282595
15.18084694,9.28599312,37.69517868,-20.33085224,11.86306981,1.092777494,4.04270383,3.925783348,-4.630185827,16.40419076,-4.73913515,7.280708843,29.03660139,17.61949421,21.8636376,13.47434555,19.44377931,12.1687463,13.52954072
14.22224506,7.883187111,36.42138197,-21.35974098,11.38853511,1.612206461,3.663502774,3.981296851,-6.90731096,20.42760544,-0.599296212,12.95770619,35.12358284,20.30825785,23.53419882,12.97424805,19.22848561,11.96453274,14.51636249
13.23371531,6.816738613,36.16727823,-20.46773921,11.23611825,2.331857311,2.323091312,1.443324914,-6.545287739,23.26228445,2.719870215,17.37415358,42.3513897,23.94437605,24.32889909,12.77350503,19.45274648,11.99141043,14.95840269
13.87017257,7.52496627,38.40992342,-18.1746015,12.82744505,2.969357291,0.936837402,-1.79219763,-2.797511087,25.3530209,4.847200837,19.70049136,49.16663457,28.51761526,25.46657656,13.82482518,21.03572588,12.15583604,15.50013159
16.23450179,9.914462773,42.23825482,-16.45071425,15.77825494,3.343694921,0.277726348,-3.81160464,3.329433773,27.68475536,5.674866924,19.50124937,53.02060136,32.89550395,27.42451082,16.28853976,23.78409918,12.11296135,16.61399584
18.70205356,12.31846732,44.93429917,-17.28009287,18.25376683,3.43131598,0.5530282,-3.644112253,9.224522494,30.50262862,5.341100397,17.14802965,52.13725049,35.46158108,29.64807917,19.33219868,26.52049684,11.68859816,18.20789766
19.11182263,12.75168404,44.21565426,-21.07360715,18.44261176,3.35479795,1.374767589,-1.533540692,12.03383576,32.68482028,4.217891928,13.92092541,47.11038641,35.2999899,31.17048488,21.63700801,27.93580461,11.03996447,19.78047628
16.54109167,10.57733014,40.34903448,-26.12020991,15.97551574,3.324965158,2.112976555,1.484674938,10.5037767,32.4945765,2.92740825,11.59947281,41.01388233,33.0426961,31.62628177,22.36515304,27.60298005,10.54387893,20.96352781
12.30093502,7.252436263,36.31008243,-29.58330424,12.22245616,3.554234923,2.353128532,4.29460367,5.950985031,29.15598953,2.274007978,11.66046171,37.75205132,30.66702505,31.76105326,21.88536987,26.40711386,10.58839086,21.92393433
9.238541487,5.423853512,35.67279765,-29.43076391,9.315503478,4.158591416,2.125018818,6.219958169,1.462994394,23.85015336,2.964253774,14.4986024,39.69195457,30.27846924,32.91028435,21.60371863,26.00253187,11.3968561,23.21100663
9.681697493,6.917791962,39.77939585,-25.94199864,8.705413436,5.08149903,1.764796642,7.116995655,-0.249231047,19.12500536,5.161634873,19.13596457,46.1844169,32.68397675,35.78081448,22.8687088,27.59431189,12.87803293,25.14162895
13.49144733,11.11644675,46.42979296,-21.65736743,10.32917858,6.087239882,1.559593744,7.13494974,1.208478377,17.06138273,8.151738515,23.62407432,53.96328408,36.7631909,39.51842136,25.6907736,30.87798572,14.48615938,27.2695692
17.77021414,15.04392086,51.22217083,-19.72385007,12.90180977,6.85238308,1.481432053,6.423101285,3.688114797,17.67140969,10.44642813,25.93295511,59.09683029,40.10869584,41.91527981,28.3071117,33.94243738,15.2126366,28.4707848
18.63220871,15.24763222,50.61746618,-21.77307912,14.96486877,7.126443714,1.226398918,5.017833114,4.205065825,18.90033924,10.41938099,24.83860862,59.14424403,40.51776498,40.75141271,28.10968373,34.3176107,13.90719471,27.67806245
13.88255327,10.18405233,44.43337937,-26.84834781,15.83329065,6.873342457,0.515419487,2.953662024,1.25796906,18.29884945,7.176549734,20.34718651,54.16053745,37.32887104,35.33824077,23.43771447,30.54131748,9.94047889,24.72814673
4.67530584,1.379294568,35.90067238,-32.14995289,15.80222305,6.298097844,-0.605518219,0.464402292,-4.063264838,15.02468265,1.124792587,13.49438115,46.11197932,31.72925278,27.09589792,14.97651017,23.20485664,3.848859116,20.63520458
-5.112424169,-7.493981037,29.29636365,-35.02709984,15.63356561,5.729189325,-1.731173773,-1.919363219,-9.038667426,10.53175317,-6.168001046,5.718264528,37.35881889,25.89736973,18.6771998,5.647569847,14.73904394,-2.600731145,17.02379928
-11.39317241,-12.95632153,27.00103364,-34.72792707,15.86063796,5.426319187,-2.381113489,-3.501467384,-11.53164917,7.384287599,-12.78307876,-1.803936165,29.34072693,21.6323069,12.24304709,-1.092150563,8.036821252,-7.215120065,15.1107402
-12.47172619,-13.80161969,28.17099332,-32.64371831,16.45164931,5.440380143,-2.393800202,-3.762289357,-11.63537566,7.183388358,-17.44371281,-8.524906294,22.22505916,19.40057323,8.144462389,-3.431062449,4.797261612,-8.681506545,14.98173135
-9.886669747,-11.50762004,29.85417806,-30.98017207,16.95858626,5.617651089,-2.120140329,-2.749373029,-11.43322864,9.304049251,-20.07918475,-14.49652166,15.46548552,18.34585436,4.958359054,-2.32219903,4.657974048,-7.48226337,15.67478381
-6.981948226,-8.861751159,29.45920899,-31.01044729,16.87112877,5.735220198,-2.242726768,-1.273005409,-13.13538126,11.42899061,-21.64129521,-20.05595945,8.62899102,17.09676798,0.794226254,-0.718292607,5.628907016,-5.650097303,15.9541671
-6.396338906,-7.976858523,26.55144604,-32.33272499,15.834432,5.659541652,-3.320212816,-0.701890449,-17.19043208,11.36378609,-23.34944182,-25.44763294,1.851156169,14.70973855,-5.158755743,-1.473813797,5.451792071,-5.407122474,15.14949934
-8.395689571,-9.175948766,22.67575713,-33.65810624,13.6484569,5.409760885,-5.361983385,-2.33656972,-21.95279538,8.607973541,-25.88507533,-30.57270661,-4.272999431,11.12037893,-12.01005371,-5.455925002,2.923747315,-7.638436774,13.44331663
-11.20476805,-11.38840046,19.60192526,-34.33968783,10.23003144,5.089382981,-7.727403674,-6.61024945,-25.1484698,4.460411645,-29.03084046,-34.96341785,-9.105832947,6.938133283,-17.88033699,-11.23280471,-1.657063895,-11.37766055,11.47845398
-12.87178264,-13.46772001,17.62587374,-35.22348634,5.715053587,4.756787208,-9.429031256,-12.5757957,-25.86505588,0.729911666,-31.91223568,-37.97848421,-12.31446042,2.901237321,-21.32457286,-16.4795516,-7.067275453,-14.7420893,9.700054423
-13.02691256,-15.21189747,15.37183918,-37.99734131,0.63804306,4.350444202,-9.65619746,-18.10093489,-25.36974399,-1.741835255,-33.61255449,-39.13125447,-13.964434,-0.541362861,-22.34134428,-19.90673608,-12.16649633,-16.57608139,8.006235504
-13.08627926,-17.28002046,11.18206929,-43.5434846,-4.066887451,3.733945217,-8.203001303,-20.84121034,-26.06460663,-3.507095085,-33.74776632,-38.39944874,-14.41975515,-3.27867194,-22.23175958,-22.13115355,-16.52309858,-17.4163266,5.962259725
-14.79940893,-20.2201179,4.84289929,-50.73196254,-7.406798067,2.82385243,-5.559052375,-19.54784647,-29.45278174,-5.669830742,-32.67903843,-36.34768075,-14.18601829,-5.320119669,-22.49606712,-24.79347044,-20.25429677,-18.89113682,3.33891809
-18.41751661,-23.56602388,-1.82856862,-56.80258733,-8.85344013,1.694776102,-2.63561552,-14.93321394,-34.79609661,-8.668105731,-31.29173122,-33.95818032,-13.75190441,-6.586903975,-23.67301079,-28.68959249,-23.36348364,-21.98008726,0.485794982
-22.05999028,-25.84110794,-6.019223556,-59.17463362,-8.650182112,0.57483449,-0.307280634,-9.459128758,-39.54555267,-11.8071466,-30.50449865,-32.21355388,-13.41315174,-6.892959736,-25.00340097,-32.54505034,-25.26493656,-25.62172712,-1.777054738
-22.86970517,-25.49564912,-5.743112902,-57.28422234,-7.611775708,-0.268821533,0.97117227,-6.036472986,-41.16260297,-13.88574301,-30.78138482,-31.63815094,-13.11431857,-6.084033809,-25.11342382,-33.60231669,-25.00448942,-27.02015973,-2.655642741
-19.1046752,-22.02670858,-1.070214842,-52.94943571,-6.533709908,-0.67305238,1.286647858,-6.360859819,-38.86076819,-14.23602926,-31.89418176,-32.0669177,-12.44407335,-4.186580549,-23.14291476,-29.73812242,-22.07943013,-23.67341504,-1.884538483
-11.57617701,-16.41844147,6.038242834,-48.93503875,-5.682859791,-0.655032385,1.103081933,-9.933922766,-33.95859947,-13.1786512,-33.06170432,-32.80049729,-10.90038949,-1.471311849,-19.47436766,-21.52384095,-17.22394196,-15.65793505,0.102298044
-3.363510239,-10.62551458,12.95925186,-46.87961341,-4.802641201,-0.383508768,0.933979114,-14.43860431,-28.74019216,-11.53107333,-33.41775486,-33.06973359,-8.343502262,1.549049279,-15.59113141,-12.54518075,-12.48317588,-6.30231301,2.38285828
1.953241494,-6.558848732,17.6704895,-46.29804993,-3.628704561,-0.0818025,1.041494574,-17.25139478,-24.90453496,-9.751715326,-32.57910697,-32.52569462,-5.328177957,4.141956302,-13.24953608,-7.532650293,-10.38293532,-0.491667321,3.935452627
2.254304242,-5.312760412,19.23840809,-45.48149935,-2.441466386,0.066898406,1.316397742,-17.09039981,-22.86639925,-7.643332931,-30.98360119,-31.44651748,-2.992302349,5.434542441,-13.57203098,-9.495104086,-12.64562815,-1.653129029,3.967870616
-2.262245201,-7.036567064,17.54111382,-43.49763561,-2.108629712,-0.034355695,1.386999706,-14.69750595,-22.27472384,-4.951641216,-29.74266033,-30.53962458,-2.462989859,4.64989343,-16.59911796,-17.83444173,-19.23418234,-9.554787447,2.101635317
-9.690591881,-11.27545118,12.84941419,-41.50516215,-3.496084429,-0.395958004,0.882050047,-12.14015243,-22.99198153,-2.244791258,-30.01983862,-30.48831157,-4.134859315,1.507932735,-21.4313325,-28.74162797,-28.30151988,-20.51153356,-1.539238662
-17.79436701,-17.3107444,5.790342223,-42.10874766,-6.704145815,-0.956935844,-0.308857388,-11.30444906,-25.43214379,-1.071134825,-32.27461048,-31.54984526,-7.344541241,-3.411789331,-26.71723201,-37.54901779,-37.05350294,-29.82029118,-6.299592399
-25.0722227,-24.2226638,-2.394630245,-47.1218931,-10.80459625,-1.5966463,-1.931542844,-12.70177481,-29.86108145,-2.98490576,-35.86470703,-33.44704816,-10.72473771,-8.671283374,-31.14998463,-41.37093442,-43.00260828,-34.62228925,-11.09235132
-30.91994496,-30.81582604,-9.842157294,-55.53358842,-14.38168325,-2.151319686,-3.483935077,-15.40925157,-35.35161516,-8.106081082,-39.31951825,-35.5681326,-13.0216385,-12.51247713,-33.78767922,-40.28503849,-44.92968044,-35.17110526,-14.71326624
-35.12364203,-35.74613476,-14.68006955,-63.47430941,-16.49816531,-2.452705965,-4.483858085,-18.05153319,-39.54937422,-14.46190787,-41.15652767,-37.28310317,-13.79332788,-13.72011612,-34.1949184,-36.48107876,-43.12603344,-33.80046841,-16.31257183
-37.36957829,-37.97260842,-15.98227869,-66.47717943,-17.29682111,-2.38612049,-4.722128268,-19.93059146,-39.79221855,-18.86279354,-40.71544232,-38.15397453,-13.48603296,-12.27080523,-32.45734717,-32.28028969,-38.93386042,-32.6486722,-15.77061876
-37.23732798,-37.25710909,-14.30765317,-62.49539723,-17.69683686,-1.938705348,-4.342171065,-21.35712033,-34.9346275,-18.85351197,-38.44615357,-37.96192095,-12.86696491,-9.278169405,-29.07521162,-28.59388156,-33.94616356,-32.01167299,-13.69811989
-34.56720587,-34.26760886,-11.2672204,-53.44006262,-18.39172563,-1.205877007,-3.701135658,-22.96349511,-26.48375337,-14.35943596,-35.46973861,-36.65123156,-12.29601381,-6.206599684,-24.73043197,-24.82843157,-29.30680272,-30.49343708,-11.01310176
-29.73200369,-30.10903121,-8.335918097,-44.03294733,-18.9901874,-0.350753759,-3.11502984,-24.67646802,-18.02967918,-7.804660617,-32.76265965,-34.33524785,-11.43213643,-3.880368011,-20.00372263,-20.01200622,-25.39841224,-26.57425396,-8.376989213
-23.49516883,-25.59363157,-5.805581962,-38.7495813,-18.10154822,0.456649076,-2.667597863,-25.3422436,-13.19624583,-2.603640981,-30.57997499,-31.38913933,-9.597465991,-2.008961549,-15.20390695,-14.02179509,-21.96339914,-20.13111975,-5.910322251
-16.59300298,-20.82523805,-2.737054141,-39.03160078,-14.42803929,1.086390262,-2.211081687,-23.44970814,-13.4748393,-1.111452953,-28.51708126,-28.49368643,-6.469773721,0.416778778,-10.42667031,-7.888697777,-18.50353529,-12.65343706,-3.397620524
-9.462400541,-15.44244033,2.01291574,-42.70549321,-8.057982967,1.469626221,-1.542896228,-18.43388423,-17.43141552,-3.431096514,-26.08403304,-26.46543815,-2.501112624,4.174735805,-5.776067815,-3.042758208,-14.70986983,-6.111919661,-0.778628744
-2.372780279,-9.312701256,8.511644008,-45.87636126,-0.87975904,1.607197387,-0.613685125,-11.4730472,-21.79539717,-7.737057189,-23.26414374,-25.86996571,1.304652132,9.067971752,-1.519390159,-0.245333462,-10.6953577,-1.562077074,1.539542379
4.214551784,-3.061956718,15.29449554,-45.77197146,4.365923482,1.57982937,0.393328114,-5.024633725,-23.60840523,-11.6479934,-20.58152593,-26.64348655,4.076775552,13.98490929,2.013378599,0.877848347,-6.922339222,1.333804234,2.877692161
9.502799298,2.071960195,20.18380924,-42.43792869,5.832421673,1.549044734,1.165132198,-1.339099154,-21.93110508,-13.56785246,-18.65587014,-28.03313772,5.648857005,17.70366888,4.72591352,1.386866834,-3.894617889,3.592472328,2.868115319
12.69283925,5.021761602,21.81604536,-38.18594718,3.870385635,1.718449444,1.455623821,-1.041653677,-18.03710353,-13.19192728,-17.67703785,-28.99229486,6.529498483,19.76381569,6.94851529,2.131245497,-1.835384616,5.781748895,1.927249749
13.57711574,5.718155172,20.72051287,-35.42746278,0.89486195,2.242502416,1.224006544,-2.864722851,-14.16733561,-11.15601333,-17.28695902,-28.83284837,7.293650013,20.67236011,9.251608652,3.180912591,-0.593464133,7.528047223,1.152706116
12.85678916,5.284465448,19.10601784,-34.65232213,-0.153389752,3.119855413,0.622587446,-4.726926497,-11.88794897,-8.374638768,-16.96591693,-27.696728,7.920891387,21.2775323,11.92620926,3.984091109,0.135594708,8.027540158,1.633268487
11.80825729,5.384173583,19.47746415,-34.05586593,2.309263962,4.147223293,-0.131381925,-5.295026912,-11.21571623,-5.579619742,-16.53995678,-26.47830981,7.681115886,21.86570456,14.54118982,3.995354333,0.439018575,6.978156905,3.666764083
11.46656604,7.158436073,23.06372664,-30.98500863,7.595954687,4.99176467,-0.880399369,-4.798541499,-10.96648877,-3.153194395,-16.30059533,-26.19583446,5.733841917,21.79746556,16.0400442,3.170473105,-0.006305138,5.005942991,6.504778268
11.94586165,10.51356882,29.14047676,-24.03411593,13.39910354,5.363538818,-1.553499872,-4.498303129,-9.862193436,-1.065777963,-16.58836024,-27.22102505,2.006665654,20.05732006,15.46232732,1.946935972,-1.710811795,3.198137138,8.856251658
12.46256244,14.26032591,35.6383206,-14.24242827,17.45721775,5.188199635,-2.104830613,-5.324006523,-7.487238123,1.164920582,-17.22248274,-28.91863519,-2.36098996,16.30189676,12.8303353,0.851124791,-4.813436048,2.229107042,9.786102699
12.0739471,16.97364511,40.50412434,-4.597774857,18.9958993,4.662316917,-2.458042856,-6.872545483,-4.458109007,4.312184963,-17.36699111,-29.99065844,-5.440851433,11.51885114,9.490769924,0.183687405,-8.594211718,1.937710589,9.328637576
10.5415275,17.92373774,42.8260402,1.718297589,18.95119015,4.144053302,-2.537328179,-7.637393797,-1.845266906,8.899385379,-16.08195132,-29.32875093,-5.597822229,7.669817592,7.512666779,0.063652119,-11.52163339,1.743047276,8.362880498
8.590561186,17.41202283,43.02517368,3.108600992,18.94965663,3.94419151,-2.368695701,-6.286600143,-0.40847156,14.49216863,-13.18350067,-26.80406835,-2.51384766,6.493322413,8.432045477,0.667536695,-11.97785938,1.433375831,7.882617217
7.306682254,16.31947292,42.16077973,0.243429656,19.93611623,4.152772403,-2.146714074,-2.902251799,-0.224968963,19.43236637,-9.6770904,-23.44454976,2.552151206,8.335030703,12.17563696,2.252730547,-9.29630587,1.461476332,8.257739341
7.123995013,15.26576513,40.99845897,-4.639922888,21.51790618,4.610480894,-2.170739071,0.901121336,-0.882283565,21.51415221,-7.290524781,-20.86071884,7.44905407,11.88219885,16.94215245,4.77846235,-4.422793385,2.345052884,9.054137622
7.236407978,14.04578563,39.5411853,-9.212283385,22.44796898,5.031544443,-2.662502709,3.141102387,-1.950252931,19.40355795,-7.346215874,-20.2930685,10.2983151,14.9952628,20.17583199,7.435029791,0.344794486,3.696699898,9.501169178
5.982981356,11.77761448,37.26996895,-12.30669501,21.75019113,5.184669023,-3.593095495,2.999457371,-3.2892047,13.843889,-9.794673255,-21.90481611,10.37927548,16.00836964,20.00797399,8.662400624,2.516779956,3.916303279,9.178850467
2.018703151,7.656050926,33.7885341,-14.23536821,19.5285845,5.013050495,-4.665514085,1.470022967,-4.963152685,7.602869446,-13.17566017,-24.76233395,8.225371887,14.5687215,16.2376686,6.946908447,0.83029276,1.122488655,8.362029135
-4.548726956,1.756710374,29.3230819,-16.12175761,16.82679671,4.633578844,-5.491582586,0.566020028,-6.894206183,3.941454857,-15.58682301,-27.47167482,5.001495581,11.51396505,10.28440086,2.001668663,-3.948892581,-5.203514177,7.786449935
-11.90914639,-4.711229491,24.71257699,-18.80437044,14.7114298,4.243626236,-5.849477659,1.696364263,-8.616593878,4.551186494,-15.95953951,-29.0133466,1.702047026,8.055879739,4.268371615,-4.560805613,-9.375143692,-13.18751732,8.08505602
-17.44178819,-9.931906553,20.93504203,-22.07257305,13.3759105,4.01207879,-5.83468135,4.505378619,-9.406514254,8.451020013,-14.69911804,-29.22783405,-1.2584869,5.00409172,-0.096167173,-9.769549874,-12.64953549,-19.19950519,9.370923324
-19.2089579,-12.4871262,18.53244415,-24.72966194,12.0157161,4.014183455,-5.787779788,7.113408931,-8.754585267,12.71863913,-13.2406237,-28.68760828,-3.874109912,2.581202404,-2.127530568,-10.92573518,-12.14329861,-19.98220314,11.25526474
-17.09103241,-12.2033065,17.32698605,-25.4305315,9.577247248,4.219553721,-6.046477068,7.584523838,-6.847699813,14.56682231,-12.90313745,-28.12315549,-6.07932401,0.77697828,-2.117200884,-7.325007991,-8.223216964,-14.85947867,13.19170796
-12.83965118,-10.2854701,16.59550396,-23.73189675,5.77010859,4.510871393,-6.6998472,5.47616821,-4.660886606,13.23913285,-13.92933326,-27.8444817,-7.465965792,-0.270028736,-0.857627713,-0.861188038,-2.924718589,-6.396341207,14.79646572
-9.035232214,-8.622391519,15.56840181,-20.62307872,1.52127423,4.717763578,-7.5195462,2.264586456,-3.490452165,10.34600032,-15.39319619,-27.54855806,-7.462134731,-0.299398141,0.829036824,5.013155538,1.283769832,1.074547743,15.89802091
-7.621398293,-8.670295959,13.93265288,-18.10137012,-1.511191237,4.670763644,-8.11060859,0.319268569,-4.148179482,8.48787409,-15.9506705,-26.6005111,-5.835314976,0.689267565,2.351387085,7.36390036,2.886003183,4.107822964,16.37976412
-8.910103374,-10.5998078,12.03353915,-17.97395438,-2.019930897,4.276624478,-8.167474522,1.206812335,-6.324829442,9.318549479,-14.79049748,-24.55589662,-3.095068031,2.159332728,3.449500486,5.533360349,2.053760086,2.170485122,16.07805601
-11.60442053,-13.24066208,10.65727049,-20.63263485,0.066310312,3.583794225,-7.656442707,4.576505734,-8.603401962,12.53205175,-12.09051268,-21.5652483,-0.432327071,3.247875792,4.239744342,1.414579443,0.356522123,-2.30709163,14.89976928
-13.73709448,-14.86391176,10.52578403,-24.65823768,3.524943369,2.782976059,-6.813353584,8.390871164,-9.232392733,16.38724067,-8.771609121,-18.41942882,0.818361794,3.358383607,5.165052074,-1.911100325,-0.325068968,-5.778645866,13.0426623
-13.8952995,-14.30886935,11.80951611,-27.6263421,6.621242698,2.113458546,-5.982468967,10.25023965,-7.263452121,19.10149098,-5.90240602,-16.23640701,-0.150251681,2.605259026,6.721730869,-2.219790093,0.988308375,-5.957048437,11.0365844
-11.9965867,-11.73734167,13.96115154,-27.67618363,8.146455902,1.717100326,-5.422052997,8.825114044,-3.347764231,19.84850066,-4.270174445,-15.98330129,-3.250849427,1.652647261,8.985846202,0.499778527,3.751728597,-3.102177309,9.460019877
-9.213449646,-8.538484713,15.98209544,-24.82138809,7.992541008,1.541024191,-5.198735837,4.468991598,0.386347986,18.64294672,-4.325172661,-18.07176645,-7.644822489,1.031326754,11.25280257,4.2224325,6.223228994,0.495703095,8.511658569
-7.174300725,-6.463966541,16.96024415,-21.07669606,6.930762225,1.374458933,-5.207140923,-1.209587205,1.416876054,15.52232916,-6.281497309,-22.18092152,-12.24055775,0.540986697,12.2049479,6.364718594,6.547599263,2.263638128,7.815417347
-6.971541078,-6.572504535,16.54075119,-19.24134248,5.851162998,1.009885087,-5.261934746,-6.305729161,-1.707172471,10.08593702,-10.04480125,-27.34082162,-16.17583076,-0.658157453,10.71325833,5.495286792,3.951833634,1.017742484,6.69042227
-8.56473702,-8.661881252,15.04364878,-21.10574648,5.07293278,0.413773587,-5.182722095,-9.390521883,-8.3938077,2.029747722,-14.93064606,-32.22423619,-18.99402793,-3.243155159,6.823846406,2.149901386,-0.683083045,-2.491185233,4.722700131
-10.87811571,-11.50072813,13.19813006,-26.2673776,4.222733569,-0.230208244,-4.832320233,-9.746300694,-16.14667802,-7.769542157,-19.51807536,-35.55538696,-20.51002107,-6.869125185,2.152221641,-1.681701088,-5.261511949,-6.293135842,2.178866185
-12.45563437,-13.6132,11.73474645,-32.33321376,2.723179877,-0.650760421,-4.125795951,-7.23527269,-21.76940414,-16.78278751,-22.02888796,-36.52216535,-20.60702474,-10.05766271,-0.81208573,-3.921612437,-7.696984806,-8.479373049,-0.109402966
-12.22601603,-14.02896135,11.14751925,-36.33515116,0.488044109,-0.696237157,-3.047700107,-2.178423974,-22.94898097,-21.75335112,-21.22074597,-35.05926768,-19.21342102,-11.07383177,-0.203914021,-3.652392304,-7.174340452,-8.154099748,-1.332469812
-9.925461427,-12.52810506,11.74603113,-36.38048008,-1.708720287,-0.452304984,-1.687173059,4.597432608,-19.32819371,-20.60145465,-17.25912204,-31.87956965,-16.48881593,-9.19185242,3.907521523,-1.477640441,-4.630379008,-5.59482047,-1.292923416
-6.006564112,-9.365581396,13.82633456,-32.47511912,-2.478858239,-0.166988102,-0.259717457,11.73420045,-12.52612389,-13.91113772,-11.87892475,-28.20569371,-13.00558907,-5.348039173,9.397812897,1.100480679,-2.105665178,-1.776737513,-0.504294455
-1.220090551,-4.868793456,17.6644519,-26.11657486,-0.548703106,-0.03698154,0.925759461,17.61910772,-5.207225089,-4.754837625,-7.568167037,-25.28640939,-9.669024258,-1.597719649,13.36226015,2.734379298,-1.370408742,2.245819898,0.291884805
3.762994033,0.66896035,23.21258694,-19.12945436,4.471530359,-0.030553126,1.562863026,20.9768378,0.19872412,3.15499369,-6.214780317,-23.90541604,-7.326463514,0.274589247,13.9521384,2.965568947,-2.752044369,5.700077118,0.779224879
8.437990105,6.733978778,29.71997787,-12.65560405,11.74121289,0.098168667,1.46582721,21.43318257,2.449657121,7.67940983,-8.090312249,-24.11534788,-6.303433209,-0.046447255,11.46907844,2.216106566,-4.990762749,8.124809654,1.31464463
12.31443242,12.3257734,35.69364097,-6.938509128,19.47657108,0.602519132,0.645771221,19.6268031,1.758106076,9.226953594,-11.83404385,-25.32076757,-6.219618791,-1.304826322,7.932544776,1.1780107,-6.241569005,9.256860152,2.52917271
14.81164719,16.11281044,39.43759518,-1.842607337,25.72733015,1.506813515,-0.696829977,16.75616956,-0.563781466,9.870231628,-15.39468361,-26.64515286,-6.260052441,-1.71188575,5.478494114,0.142392341,-5.50539737,8.989823397,4.600612459
15.44375626,17.09427677,39.95299716,2.498449097,29.2396756,2.537538608,-2.254595128,13.89066491,-2.768463998,11.44447033,-17.23110096,-27.36519196,-5.731968551,-0.283528842,4.830003749,-1.207205187,-3.426615339,7.468589647,6.830784119
14.23840632,15.35038404,37.60905966,5.506709162,29.96501225,3.290237635,-3.719831419,11.55294628,-3.337043817,14.19595227,-16.96705861,-27.17883228,-4.503718622,2.558547821,4.997542519,-3.400320991,-1.833798922,5.213001522,7.944190995
12.03506795,12.25679444,34.04971984,6.578940385,28.96241123,3.508224081,-4.859692965,9.826204168,-1.462385087,16.9769562,-15.18484827,-26.19883409,-3.002240817,5.513736755,4.374047805,-6.513658034,-2.335016763,3.102402956,6.941119197
10.29256601,9.852784055,31.30114376,5.698024505,27.75721185,3.253290863,-5.535831435,8.7746406,2.733267211,18.63720278,-12.70467877,-24.74199867,-1.790656206,7.52451838,2.278076851,-9.779622767,-5.015330883,2.126577796,3.86419055
10.36907787,9.681259826,30.6304976,3.687328957,27.50305202,2.83133575,-5.686172225,8.703246214,8.299381624,19.28984138,-10.00225727,-23.09476641,-1.083167101,8.523778883,-0.341162478,-11.83077351,-8.243989906,2.963506973,-0.12926254
12.68607312,11.86820688,31.91339969,1.860231035,28.40183661,2.532937604,-5.307740355,9.961225625,13.87488282,20.32195252,-7.168572378,-21.41179525,-0.60132428,9.22871865,-1.620999535,-11.48273765,-9.780167797,5.592002374,-3.472183819
16.37848604,15.09709424,33.91149113,1.286682757,29.69626494,2.399625254,-4.466609979,12.45428836,18.27658367,23.15471207,-4.282664995,-19.77696454,0.113784701,10.25579093,-0.339482748,-8.544756539,-8.376493285,9.195227303,-5.156866919
19.76145007,17.51258822,35.20506138,2.16630779,30.22217933,2.206267817,-3.325469596,15.35613917,20.95819454,27.83557734,-1.726607689,-18.32717843,1.209719098,11.40386519,2.965597176,-4.079212213,-4.683015735,12.49638035,-5.263136624
21.36652533,17.92043608,35.07702096,3.69814779,29.17318038,1.674090333,-2.149298993,17.39089639,22.04844858,32.66292818,-0.091086055,-17.30238107,2.289539887,11.76623853,6.238170222,0.121352838,-0.772844219,14.41162295,-4.698638006
20.84741063,16.44827455,33.7459255,4.497031859,26.59725743,0.740648882,-1.251543569,17.57730614,21.93137578,35.15633981,0.249168548,-16.96012068,2.661928849,10.5715194,7.341039151,2.53437859,1.343741039,14.64911686,-4.413831828
19.1010875,14.2488545,31.8943213,3.290876905,23.31741166,-0.33415926,-0.882176167,15.89229313,20.68857036,33.59306316,-0.523161069,-17.41546725,1.880839415,7.992879002,5.576065685,2.730567982,1.085654325,13.83182693,-4.727001377
17.50202558,12.53695508,29.97755903,-0.474333446,20.35096046,-1.11603355,-1.111617485,13.31222577,17.88611533,27.95156951,-1.762073429,-18.53969745,0.11434083,5.178573655,2.123491067,1.47004128,-0.470656038,12.98708132,-5.250727383
16.8082709,11.71069159,27.90074285,-6.392468297,18.24270506,-1.286580518,-1.789803022,11.15096822,12.96206765,19.6869177,-2.849915551,-20.01610883,-1.990909273,3.427163392,-0.900034652,0.023186695,-1.62157036,12.70273905,-5.395454855
16.56029268,11.18446315,25.27098185,-13.29004474,16.78076072,-0.854584449,-2.627740935,10.1678455,5.973005275,10.72908019,-3.682762085,-21.53249021,-3.852708015,3.175873878,-1.998854375,-0.785530182,-1.472439015,12.56550364,-4.970511015
15.43490153,9.981766758,21.922243,-19.73988919,15.27879006,-0.133170911,-3.368739491,10.11090738,-1.92001559,2.594594437,-4.728501327,-22.97567586,-5.434926177,3.649302632,-1.282278962,-1.12554963,-0.641371975,11.37020493,-4.367110024
12.29294739,7.567328404,18.20723853,-24.65746572,13.18399163,0.488481353,-3.940622631,10.02765796,-8.748997266,-3.826011822,-6.584432559,-24.47404789,-7.219490975,3.476311236,-0.204151252,-1.933578436,-0.706953396,8.032565565,-4.193113007
7.120690278,4.265470864,14.80055886,-27.70215476,10.52441914,0.798267376,-4.473046426,9.080609081,-12.77472849,-7.992035271,-9.37924137,-26.23399669,-9.646482208,1.783174942,-0.382461288,-4.133399728,-2.88558214,2.543960262,-4.698919845
1.131807065,0.978569372,12.20800783,-29.28291058,7.839001812,0.854478457,-5.149595903,7.221757199,-13.58947007,-9.55857842,-12.50565447,-28.27371979,-12.48819291,-1.119140325,-2.483226356,-7.928645886,-7.019797464,-3.823219511,-5.501974464
-4.070631449,-1.532566935,10.4214008,-30.16990592,5.6506666,0.871381242,-5.994170526,5.205587706,-12.45181102,-8.67447839,-14.9239012,-30.25982837,-14.74753617,-3.999747083,-5.985858659,-12.70375801,-11.67838902,-9.330657414,-5.860455148
-7.654052706,-3.239792282,8.997425489,-30.95950709,3.92508011,1.009813254,-6.766475675,3.943516698,-11.51169433,-6.403102179,-15.84448604,-31.6129345,-15.2866529,-5.699121264,-9.858746968,-17.5575669,-15.25895742,-13.05946711,-5.28783192
-10.16489798,-4.882151583,7.446234112,-31.76182549,1.992939608,1.244253643,-7.085836538,3.707529545,-12.40210295,-4.604332682,-15.31672955,-31.87375589,-13.77912498,-6.051689714,-13.45217503,-21.97995492,-17.18669689,-15.65452393,-4.01347529
-13.11760683,-7.448887656,5.559171998,-32.3448551,-0.945822038,1.399279269,-6.733487741,3.794810378,-15.18998888,-5.007206332,-14.31546786,-31.11766417,-11.23821112,-6.025604531,-16.83886576,-26.08670854,-18.25188353,-18.85348495,-2.903956021
-17.85298907,-11.49873064,3.408225736,-32.62430503,-5.100988218,1.307453297,-5.918773401,2.911974647,-18.46087654,-8.007988139,-14.25853842,-30.11750603,-9.615216064,-7.001049617,-20.4022026,-30.22870696,-19.84158636,-24.06564732,-2.871906474
-24.49099123,-16.77317125,1.093426453,-33.07965861,-9.737165337,0.952872763,-5.27342836,0.015329947,-20.48784994,-12.18932272,-16.24440302,-30.06645963,-10.6376129,-9.765176845,-24.15327435,-34.34975647,-22.70644557,-31.07475203,-4.192558966
-31.7209657,-22.31506668,-1.438711131,-34.67608453,-13.52330606,0.490926616,-5.506995592,-4.960735723,-20.62085179,-15.15745501,-20.4416697,-31.93977995,-14.6539386,-13.96704865,-27.46059415,-37.7032475,-26.25103418,-37.92506192,-6.227250469
-37.54966986,-26.95657119,-4.267908789,-38.23362546,-15.38512051,0.140800851,-6.913107323,-10.95067498,-19.85521224,-15.26968672,-25.93976623,-35.83513127,-20.29733751,-18.3657641,-29.45669715,-39.23746834,-28.88990415,-42.1578789,-7.767065625
-40.44340701,-29.83685549,-7.158700451,-43.65730798,-15.24154272,0.041845689,-9.068813297,-16.24815672,-20.14517276,-13.00545011,-31.10458377,-40.70538159,-25.21849113,-21.5939835,-29.74394993,-38.36748101,-29.15604566,-42.48128772,-7.773602919
-40.06329205,-30.65369568,-9.357401384,-49.63856224,-14.05449056,0.178842168,-10.97975827,-19.31959767,-22.96089533,-10.85716314,-34.24487999,-44.70960001,-27.39046158,-22.83844646,-28.7348543,-35.47681367,-26.67824725,-39.572537,-6.019242056
-37.15257542,-29.5694041,-9.807762292,-54.15920629,-13.12206221,0.417091037,-11.62939148,-19.47967886,-28.13971959,-11.67178362,-34.28649684,-46.05157598,-26.1159977,-22.01352375,-27.28075456,-31.67717072,-22.29556033,-35.38386699,-3.200897936
-32.78852357,-26.91734553,-7.714524034,-55.55283855,-13.1244292,0.606553399,-10.5935966,-17.1086056,-33.84855734,-16.56977799,-31.17895497,-43.86706316,-22.1363012,-19.46261739,-25.88341178,-27.96918853,-17.29408279,-31.53167759,-0.459225198
-27.6505937,-22.95598302,-3.066794039,-53.44416562,-13.63704935,0.676594838,-8.308612083,-13.3699151,-37.6542775,-23.95642568,-25.88068231,-38.66336274,-16.91434328,-15.56083696,-24.18163822,-24.47990404,-12.43639578,-28.10381354,1.368838398
-21.86380966,-17.85216085,3.263807177,-48.94328563,-13.48534127,0.665306994,-5.801608793,-9.624893019,-37.92449603,-30.3856937,-19.93877292,-32.05803172,-11.71368393,-10.56479007,-21.20340399,-20.43394429,-7.566570633,-23.87497749,2.265209755
-15.45587296,-11.89483697,9.913705675,-43.98508151,-11.68072402,0.679274286,-4.060528589,-6.838017077,-34.61522221,-32.69795362,-14.84815352,-25.96430596,-7.117955134,-4.751524113,-16.23018473,-14.92786727,-2.056804788,-17.73730045,2.975288471
-8.946135987,-5.751360127,15.61485378,-40.27879532,-8.2359933,0.819123509,-3.466486561,-5.230261318,-29.0164272,-29.94319494,-11.47766541,-21.68183392,-3.17873421,1.388375519,-9.575074456,-7.892725225,4.337885628,-10.10836189,4.426325285
-3.473973918,-0.498830265,19.60095585,-38.53833298,-4.249146943,1.114464505,-3.656443,-4.31154218,-22.78438649,-23.79386964,-9.822408834,-19.38283968,0.142502453,7.156551812,-2.598228247,-0.429170531,10.96459094,-3.057360094,7.016216439
-0.252304548,2.731549948,21.68071262,-38.381877,-1.196610145,1.498099597,-3.870332547,-3.256926821,-17.01653446,-17.26774869,-9.174651654,-18.22771934,2.732025066,11.88766881,3.124489354,5.820698086,16.54131707,1.065557298,10.25982519
0.302742321,3.395324157,22.12188512,-38.79067068,0.038076574,1.830556423,-3.502476513,-1.432012095,-11.95526797,-12.75999052,-8.583876124,-16.97358232,4.484658194,15.23303045,6.872541524,9.811547262,20.00336152,1.454065679,13.04451641
-0.895204668,2.086768461,21.56626282,-38.70659906,-0.299829293,1.968118377,-2.467011665,1.210958438,-7.351126576,-10.76602227,-7.337484479,-14.687315,5.631733378,17.25778816,9.257541215,11.84052476,21.25509668,-0.344827038,14.3355094
-1.879610421,0.555602293,21.00238664,-37.41785326,-1.083464916,1.847795034,-1.165453897,4.088116114,-3.041397473,-10.0493938,-5.227135229,-11.17884133,6.816829942,18.28654787,11.70650701,13.27732401,21.23412393,-1.338059612,13.85854684
-0.635947816,0.989802328,21.597257,-34.676951,-1.097833522,1.54485994,-0.152833123,6.315737865,0.755164605,-8.914534515,-2.536079028,-6.992274761,8.72905047,18.63203552,15.31620194,15.45758564,21.23439496,0.927427919,12.29096614
3.763473907,4.836703731,24.21726379,-30.70126566,0.218073309,1.258982332,0.208037971,7.212844813,3.596117053,-6.517316948,0.147321348,-3.063541735,11.52833121,18.40490172,19.93846249,18.59765448,21.99719817,6.762243064,10.82191792
10.60173156,11.82708575,28.78744331,-26.15993285,2.56260849,1.217525971,-0.130783198,6.660189564,5.200189736,-3.270386295,2.13987802,-0.300317948,14.53178935,17.5015189,24.19256108,21.58628248,23.23313561,14.24122606,10.37808557
17.87590539,19.86708729,33.96002003,-22.07701617,5.124091828,1.539164001,-1.01294536,5.107110595,5.693096856,-0.189819492,2.832067851,0.698621166,16.46194433,15.7188026,26.40238738,22.8185549,23.89178145,20.56260412,11.04650938
23.33590429,25.9941644,37.52801311,-19.53144989,7.120475332,2.140777595,-2.244197945,3.271169242,5.524394776,2.163164747,1.848811946,-0.277903034,16.12812379,12.88592617,25.76324872,21.41620489,22.94153992,23.75863844,12.08678125
25.58025233,27.92333991,37.54775798,-19.20574628,8.111154098,2.758355586,-3.640561216,1.784360387,5.161366718,4.255496477,-0.766086192,-3.099657436,13.08429103,8.958302108,22.88615778,17.89087728,20.08685859,23.56008572,12.50496173
24.62256698,25.29370399,33.55250232,-21.05301402,7.966361998,3.085425728,-4.951108052,1.037090828,4.825306094,7.226476979,-4.415773074,-7.354143229,7.845315317,4.098808032,19.35685243,13.77721444,15.9592132,21.04497546,11.76539226
21.72673884,19.87574452,27.03801616,-24.34829076,6.713589782,2.952596366,-5.805600139,1.261922716,4.458839288,11.89658811,-8.022562441,-12.37130193,1.595055219,-1.226365903,16.69326786,10.59304801,11.74365472,17.67588888,10.13605929
18.73892596,14.63755743,20.81162188,-28.10280066,4.539729421,2.437844981,-5.828770341,2.668134698,3.90745788,17.90738423,-10.39238403,-17.25351831,-4.326981912,-6.189345914,15.50993615,8.988875488,8.591744101,14.62785309,8.454026321
17.33717151,12.25845943,17.55862708,-31.49619017,1.977479543,1.837812268,-4.892125532,5.397360228,3.150339496,23.65237409,-10.74400702,-20.98286082,-8.802985028,-9.696792692,15.484306,8.725665782,7.238833304,12.7766946,7.531967843
18.51199391,13.95253324,18.52424407,-33.96074739,0.007810741,1.518520816,-3.301442058,9.268302789,2.421475107,27.08925924,-9.088408444,-22.63354435,-11.04785826,-10.71000792,16.05488354,9.379260434,7.984259295,12.95238244,7.669599896
22.3510279,19.16855318,23.11096995,-34.91066077,-0.218129846,1.736662782,-1.716213326,13.54192975,2.171337195,26.91214801,-6.1736642,-21.63739106,-10.60121912,-8.701610311,17.19965785,11.04932144,10.86065538,15.82383694,8.606669528
28.05194458,26.13081319,29.52655055,-33.53369908,1.975996771,2.530424406,-0.791405381,17.01353321,2.915213387,23.32211809,-2.987424139,-17.99468579,-7.408311622,-4.012355125,19.60454814,14.37560145,15.70023864,21.28252561,9.876948904
34.11277755,32.73138308,35.90398799,-29.10433499,6.186742711,3.723454358,-0.768656962,18.51745398,5.035470726,17.9046274,-0.141818358,-12.32867618,-2.002746212,2.136229562,24.05762781,19.80488774,21.98509106,27.90790422,11.21129585
38.73458065,37.25704407,41.09041596,-21.79776894,10.88048457,5.014476609,-1.318790552,17.57033682,8.585588449,12.70352734,2.418036554,-5.742747945,4.427870004,8.048782675,30.56636205,26.75384551,28.66515795,33.27119236,12.64142912
40.44284154,38.74234187,44.69167915,-13.35876432,14.0824989,6.089358364,-1.771194431,14.68774131,13.14790187,9.088167243,5.164388459,0.479947623,10.319855,12.21130961,37.95428888,33.46779674,34.25739496,35.20305437,14.25212444
38.74770159,37.0502392,46.59754573,-6.819947433,14.44501935,6.70648113,-1.57906048,11.08637695,17.82980937,7.121569997,8.391544063,5.231574909,14.31848369,13.86214383,44.3341756,37.8359034,37.35799979,33.23069765,15.85034326
34.47812418,32.83784458,46.5682377,-5.060477508,12.00535908,6.742842166,-0.688436392,7.930350557,21.47891097,5.793765062,11.75070227,7.864773089,15.82769519,13.18067001,48.15823589,38.62929148,37.33429086,29.0359506,16.88714706
29.47258405,27.40627543,44.28683873,-8.971142716,8.120625907,6.210305824,0.450435466,5.649686401,23.09877004,3.915822446,14.30326397,8.30933087,15.1319755,11.0090141,49.0714074,36.24118873,34.72014909,25.41494916,16.73343937
25.66092254,22.31981177,39.7869766,-16.53777133,4.635214741,5.247122807,1.222814185,3.836225738,22.29090897,1.049785156,15.07965723,6.987388821,12.99230963,8.285980296,47.93035201,32.35803359,30.95665614,24.38996406,15.0910489
24.02265007,18.80234999,33.80691007,-23.70356451,2.868237077,4.078800911,1.277007736,1.790254068,19.46200032,-2.147420135,13.72786645,4.576198982,10.03192542,5.532213025,46.00011431,28.80337532,27.55752089,25.86739766,12.20225109
24.09561355,17.18983576,27.69177106,-26.64150343,3.090528802,2.949030263,0.727093021,-0.725355462,15.62710466,-4.368360038,10.75462818,1.730833911,6.403632103,2.688311009,43.98533445,26.41927177,25.22339051,27.88282515,8.702105133
24.41479407,16.83762954,22.86086474,-23.97569659,4.742741116,2.045272754,0.003454547,-3.150668014,11.88624791,-4.544222816,7.17283169,-1.109899521,1.994870217,-0.608782273,41.66969087,24.7878271,23.52270798,28.25239956,5.26555745
23.62782578,16.64431764,20.2057339,-17.43396573,7.075210554,1.458385297,-0.509589263,-4.522041907,8.885869671,-2.543884751,3.827205521,-3.76349763,-3.041559605,-4.502765851,38.42302745,22.91234738,21.38520183,26.33303234,2.352102639
21.51282115,15.88436146,19.79944151,-10.51105435,9.626669527,1.197674663,-0.766801597,-4.311575856,6.610777628,0.786503056,0.913987859,-6.208132322,-7.947214208,-8.515503322,34.10418095,20.23422032,18.06310164,23.50121677,0.214149843
19.14225125,14.73532815,21.01598406,-6.157476588,12.19474011,1.240515998,-1.079051557,-3.036313173,4.635309763,4.218758235,-1.951140879,-8.442477173,-11.58751941,-11.58535527,29.54287982,17.15069904,13.84727155,21.98565318,-0.946438701
18.03886959,14.06015082,22.87087856,-5.164952198,14.45803526,1.566858563,-1.864491468,-2.093077305,2.638705837,6.895380624,-5.196201728,-10.40216051,-13.14526964,-12.59696066,26.12589329,14.66455192,9.983782562,23.00851828,-0.934778741
18.93622153,14.58492731,24.345943,-6.286665854,15.73860684,2.145083724,-3.328654789,-2.855878502,0.797961771,8.687205048,-8.727906363,-11.97668527,-12.73989284,-11.10767506,24.77592799,13.53180983,7.831507305,25.73743329,0.247542748
21.09644757,16.14017108,24.62962248,-7.738326969,15.25880218,2.887284461,-5.293350048,-5.661707971,-0.239807945,9.949642386,-11.79012368,-13.08906129,-11.43305863,-7.78351527,25.16655856,13.66806118,7.892008258,27.88963687,2.1547408
22.75344638,17.63842044,23.35056235,-8.709105071,12.76833069,3.631510273,-7.266835466,-9.442959465,0.204295629,10.95483007,-13.36175928,-13.75522854,-10.5410662,-4.183744325,25.88035415,14.31664385,9.463428931,27.50641815,3.913118497
22.39796123,17.88439069,20.82097134,-9.669140913,9.017355452,4.192972195,-8.682568869,-12.32055659,2.301297641,11.51164507,-12.79928023,-14.0642073,-10.73560856,-1.94163553,25.46759401,14.80829364,11.20111416,24.49657522,4.640787769
19.94824773,16.60073092,18.11091149,-11.39840211,5.592262836,4.461932451,-9.149343149,-12.77683179,5.455309359,11.0925004,-10.25864858,-14.09192548,-11.61533763,-1.82396951,23.59861629,15.22447354,12.15521703,20.75029716,4.027832779
16.89434882,14.80606597,16.70891438,-13.77747615,4.103653849,4.469902504,-8.586950354,-10.60461639,8.507570439,9.337897886,-6.614581495,-13.82334171,-12.08961202,-3.293031848,21.36753975,16.34972984,12.46064086,18.7551903,2.603462831
15.26122526,14.15038611,17.75993835,-15.52875531,5.242405868,4.356285178,-7.214965298,-6.995362126,10.27058056,6.485616378,-2.969709109,-13.15807402,-11.28958237,-4.896678129,20.44916636,18.9026911,13.11196988,19.78862611,1.394485259
16.13840824,15.65039594,21.27062365,-15.18923061,8.364683861,4.247006789,-5.438963339,-3.751562848,10.05815709,3.33944281,-0.118702558,-12.0109921,-9.304614279,-5.247385407,21.7404344,22.67159395,14.98818295,23.0348858,1.167159761
18.87189063,18.79522056,25.8675563,-12.4574139,11.90159053,4.140223395,-3.700530094,-2.213460783,7.91915721,0.787089675,1.688410265,-10.43861639,-7.168453793,-3.920518189,24.57538288,26.31870209,17.92428887,26.22312574,1.837351825
21.52708563,21.75735765,29.42466471,-8.690316182,14.29738294,3.902695751,-2.341407716,-2.632626619,4.508367121,-0.7415478,2.606165332,-8.68764965,-6.094675857,-1.643222233,27.18561379,28.12738829,20.63485227,27.24030823,2.560786667
22.27792356,22.60651685,30.26643224,-6.044242582,14.82356287,3.39407416,-1.512978489,-4.329229524,0.753181216,-1.439453646,2.883148776,-7.105068152,-6.537128146,0.342396878,28.08950264,27.2193728,21.63571527,25.52242332,2.483623626
20.68997046,20.6448191,28.16833544,-5.919997398,13.75825915,2.62164586,-1.153199127,-6.370951794,-2.458616723,-1.797667983,2.669967397,-5.945734474,-7.784493937,1.24494302,27.32033037,24.35116852,20.48723477,22.29787567,1.563037939
17.96797966,16.88297345,24.44348476,-7.974342698,11.92234674,1.787088923,-1.040977911,-8.178734783,-4.45089482,-2.087391646,2.074097205,-5.198392177,-8.39526596,1.278460107,26.48713862,21.64564124,18.35952396,19.65042079,0.753758662
16.03506161,13.33367441,21.03257188,-10.48602264,10.01477842,1.166672586,-0.910578138,-9.629525924,-4.828737978,-2.094139402,1.33947759,-4.561158833,-7.158861972,1.393774249,27.56471139,21.35816338,17.3894014,19.16777861,1.338618362
16.17293415,11.68178436,19.24176012,-11.73975592,8.251407331,0.909394723,-0.577229014,-10.7132366,-3.545544084,-1.31913579,0.903849531,-3.615092855,-3.899988238,2.424657153,31.32429711,24.4732536,19.22342794,21.09758673,3.89068333
18.22389224,12.30793379,19.02788789,-11.28240071,6.484208668,0.921653416,-0.016199725,-11.1869182,-0.991214522,0.536631544,1.193348081,-2.111978637,0.416713708,4.348252205,36.62922492,30.06856505,23.80245711,24.44338828,7.700462703
20.86429697,14.29876859,19.30235706,-10.07704513,4.571120533,0.949547154,0.6364055,-10.63506824,2.001066274,3.216095847,2.26634588,-0.193430827,4.311589773,6.260387003,41.16634135,35.86933704,29.30585271,27.75415444,11.16825867
22.63207747,16.29448354,18.95042084,-9.539794664,2.618844463,0.806461005,1.149806155,-8.934394593,4.36612581,5.960547536,3.606969898,1.631799773,6.683897288,7.084990323,43.0751967,39.61869897,33.32347851,29.98698595,12.89555635
22.8823762,17.44393558,17.75214978,-10.34325435,0.915207271,0.558507104,1.292472342,-6.696825568,5.247762532,7.908600343,4.320245552,2.790404235,7.38681799,6.443155026,42.24873679,40.36657621,34.41189527,30.92818481,12.63517245
22.01187089,17.78256016,16.52998858,-11.96630042,-0.312801239,0.496656621,0.917044372,-5.203685342,4.472356973,8.513721796,3.698648426,3.071194032,7.173990357,4.983113319,40.34917479,38.87693496,32.9229215,31.04949772,11.36279689
20.931892,17.90179683,16.48809237,-13.25016296,-1.035996821,0.893660411,0.017117133,-5.723561717,2.737267542,7.693816554,1.807274925,2.891075568,7.144304655,3.91420154,39.58004594,36.97086251,30.56638698,31.02761498,10.44090818
20.33119337,18.33310374,18.31427302,-13.36686475,-1.321312539,1.733595353,-1.255095196,-8.631740891,1.297353471,5.696020523,-0.372569371,3.160146286,8.089037515,4.128080814,41.17933221,36.31495144,29.12206132,31.27163226,10.57748323
20.322778,19.18545496,21.72031393,-12.35277299,-1.127569862,2.64919241,-2.625890005,-12.98709249,1.234931621,2.89357579,-1.465015584,4.73574841,10.11569494,5.604182551,44.73403199,37.46643237,29.30190826,31.70634349,11.42681771
20.6452917,20.23746726,25.67884757,-10.85480677,-0.253700215,3.152304785,-3.801761732,-16.95244579,2.714149805,-0.278349329,-0.646406861,7.750537761,12.67905535,7.538375941,48.70494534,39.73360595,30.55204206,31.88076059,12.11787711
21.10417042,21.26134347,29.07396258,-9.460415342,1.460293023,3.005141166,-4.608887848,-18.84576238,4.715546615,-3.255097526,1.600074196,11.26178294,14.90505987,9.036633094,51.60858372,41.82303505,31.79065992,31.313822,12.20368942
21.80533605,22.22714886,31.26196327,-8.268327168,3.860986324,2.44648169,-5.094415644,-18.1308391,5.509521744,-5.332399791,3.524649054,13.54939635,15.99674095,9.782756823,52.89107072,42.74604059,32.36740597,29.88589343,12.17638041
23.01555058,23.25768375,32.24782935,-7.005258591,6.446805262,2.076775413,-5.503288982,-15.67024599,3.672846274,-5.857585163,3.080374144,13.01223826,15.55845311,10.1659892,52.92335761,42.36621985,32.45599336,28.05017422,13.08284615
24.8688118,24.49580247,32.54811558,-5.414554656,8.702677762,2.460419628,-6.109614867,-13.07323531,-0.932644702,-4.534544928,-0.695593717,9.193278621,13.76197807,10.8429289,52.34392399,41.2985199,32.65779301,26.70615511,15.56963442
27.2567387,26.09577957,32.97391522,-3.424223468,10.58577779,3.726392389,-6.993681104,-11.60455544,-6.841327351,-1.578663998,-6.787453463,3.293603341,11.32603037,12.1705929,51.4697262,40.34569654,33.27965435,26.75827796,19.19826405
30.00350071,28.32764639,34.43241082,-0.933178581,12.73409421,5.460858194,-7.926157721,-11.41084149,-11.58166073,2.458536322,-12.48047509,-2.226219771,9.299165885,13.99539693,50.29783598,39.93794365,33.97394478,28.59711684,22.65732901
33.09126912,31.55852903,37.64472827,2.442849365,16.11928296,6.9719683,-8.472067833,-11.56478087,-12.88852791,7.078316386,-14.7732005,-4.818823067,8.682995631,15.91017349,48.96913654,39.95828604,34.04085113,31.83261037,24.73230352
36.61892017,35.93350564,42.7033023,7.205356891,21.2937449,7.731815591,-8.271466752,-10.82917039,-9.838174418,12.08593745,-12.10086184,-3.152815494,10.02330034,17.66012442,48.09000886,39.99550674,33.07280794,35.47158113,25.23192021
40.44569209,40.91310958,48.66652132,13.35713873,27.75387929,7.676988342,-7.304594766,-8.552933868,-3.258480653,17.43449775,-5.276569644,2.220165528,13.16540021,19.28080855,48.45046439,39.74525438,31.32640754,38.42989825,25.08452671
43.84279733,45.11197264,53.61113851,19.8752245,33.93729351,7.169815925,-5.936440216,-5.076294311,4.777354193,22.7647001,2.971748332,9.228173183,17.32731525,20.85538522,50.29890956,39.21244617,29.48189295,40.02678206,25.50826149
45.57650436,46.78400875,55.40209045,24.91530089,37.9572366,6.685900165,-4.690532527,-1.432454861,12.005457,27.09154954,9.568268827,15.42785187,21.47483761,22.17797279,52.84522425,38.5774229,28.02409357,40.13221316,26.94525732
44.53191781,44.80764228,52.90096466,26.83282347,38.64661611,6.48929851,-3.913723546,1.349833913,16.91729501,29.06712512,12.72808486,19.21603907,24.78699704,22.71597,54.56136744,37.88620278,26.82413345,38.92610743,28.66299169
40.49718582,39.52577502,46.83662546,25.3359474,36.23471,6.536030701,-3.589193802,2.803172656,19.10109816,27.80655687,12.62377407,20.3830425,26.92808414,21.97010771,54.17934543,36.86867795,25.30977863,36.54462179,29.3759536
34.4943637,32.75431732,39.60100535,21.8201556,32.20468035,6.639619035,-3.443184537,3.085687435,18.94767216,23.73126569,10.75384437,19.76189438,27.96830702,19.91574917,51.6259396,35.07056492,23.0650251,32.95886704,28.38295399
28.31078738,26.81061257,33.91501817,18.4953167,28.41966196,6.71710282,-3.251907285,2.618033288,17.10391263,18.7196264,8.604854365,18.33615144,28.04460949,17.07951545,48.08879647,32.21205031,20.2981269,28.18817417,26.26815525
23.48003481,23.15380674,31.17505459,16.88823792,26.0752966,6.885817515,-3.084382717,1.660709758,14.12893972,15.26209315,6.638131385,16.4856904,27.04624107,14.11277991,45.07406083,28.48720499,17.73035157,22.61243832,24.55569233
20.4153541,21.58141772,30.64039606,16.86125267,25.11949238,7.330005167,-3.264272857,0.170383,10.52550342,15.03839698,4.28665858,13.87394445,24.59610744,11.20654807,43.16418804,24.55758065,15.98869887,17.03239758,24.56027785
18.32936591,20.57134205,30.09870183,16.91544771,24.44790664,8.067542349,-4.069341109,-2.01388367,6.947641607,17.82738126,0.818167345,9.97039847,20.37784439,7.900483576,41.4965622,21.23760741,15.05693488,12.3543303,26.33837091
16.00955644,18.53505102,27.58087415,15.52117135,22.69067465,8.839278701,-5.417111447,-4.881127432,4.240958581,21.52168994,-3.730325881,4.74649751,14.58622321,3.544516904,38.45949458,19.11533411,14.3173404,9.144372261,28.57596485
12.8845402,15.07918752,22.89192591,12.39232637,19.08132351,9.240582355,-6.811604224,-8.124417128,3.162451541,23.31287742,-8.318716152,-0.998537029,8.155631604,-1.903431674,33.13366228,18.39398546,13.20133682,7.453256913,29.51200731
9.5970779,11.37188179,17.82725202,8.693922853,13.9152452,9.006348567,-7.618406709,-11.25866763,3.968520699,21.33282911,-11.509986,-5.910429754,2.54497398,-7.416837009,26.37035176,19.04115707,11.90341226,7.079673449,28.1925435
7.659802249,9.370496681,14.90697956,6.077335759,8.39439463,8.223564201,-7.464029751,-13.83224754,6.238280395,15.73851553,-12.36334814,-8.735403733,-0.851756156,-11.24774194,20.61988844,21.0599349,11.50097414,8.01018764,25.1177356
8.429937803,10.47799458,15.55801868,5.396538822,4.002594043,7.294403348,-6.450150228,-15.53401806,9.142099024,8.606601641,-10.88048576,-8.903486857,-1.341406041,-11.92224167,18.5471724,24.58427547,13.28281108,10.55281727,21.8404231
12.10911736,14.55541871,19.06519863,6.161086416,1.767973603,6.66719687,-5.025415045,-16.14710429,11.99479659,2.771711323,-7.71813517,-6.695300818,0.760803454,-9.180780289,21.37948461,29.65467467,17.74695755,14.92100395,19.87498441
17.43105139,19.9046807,23.01285673,7.088635883,1.776176175,6.533431317,-3.638204492,-15.48408704,14.66738755,0.358228698,-3.535743887,-2.978469999,4.328305885,-4.166400015,28.12544931,35.83005122,24.03241773,20.5587227,19.74177297
22.2142119,24.1418601,24.83093842,7.169075038,3.14588736,6.711733983,-2.462991775,-13.46312754,17.51380013,1.837821455,1.370303107,1.224453232,7.989063993,1.266432316,36.15442678,41.9852791,30.23768188,25.85093269,20.77845531
24.4032889,25.34117684,23.30081699,6.27952897,4.458029018,6.791488983,-1.407694216,-10.31863652,20.85300061,6.017827286,6.820556918,5.044069269,10.70744279,5.57965635,42.65675177,46.55347672,34.40446887,28.66531669,21.71433116
22.97560615,22.78746374,19.01053907,4.887301475,4.426388524,6.413129068,-0.349723505,-6.74548975,24.42364888,10.78598326,12.19479712,7.842969443,12.04937206,8.153206372,45.95651512,48.14993813,35.45765439,27.5144547,21.46874188
18.2570876,17.05486263,13.60468379,3.254081456,2.482342568,5.474320225,0.652449473,-3.757848524,27.28000639,14.09113686,16.21098474,9.174231318,12.03739627,9.100184003,45.88973057,46.20949264,33.47672517,22.53957484,19.59767342
11.59289224,9.570210277,8.543423492,0.996961946,-1.021858542,4.131505602,1.387923865,-2.252627859,28.26621002,14.6729022,17.42768469,8.79168703,10.79363843,8.60983684,43.23266184,41.22829679,29.23548871,15.52952732,16.22131901
4.657897758,2.00969876,4.318527128,-2.521869879,-5.095318467,2.637335761,1.737737752,-2.536909384,26.74936853,12.32781061,15.19913865,6.772414722,8.307286776,6.503708558,38.83149575,34.4657428,23.50579838,8.862786882,11.71180388
-1.207595838,-4.214381398,0.576842498,-7.339310287,-8.706704465,1.172527352,1.889112981,-4.163400432,23.07687638,7.767692278,10.33650083,3.650637124,4.545713406,2.449337048,33.15815105,27.32900535,16.72601799,4.08933183,6.523058774
-5.371309919,-8.29597181,-3.149645434,-12.42991096,-11.33269997,-0.19389715,2.280198687,-6.216959889,18.42376874,2.239825375,4.872995419,0.399782627,-0.169392823,-3.359721716,26.52219065,20.8476052,9.233965297,1.173550987,1.271403677
-7.925206062,-10.19783911,-6.806042995,-16.18739797,-13.1193999,-1.415136317,3.275336141,-7.855056588,14.14991811,-2.93794454,1.002940176,-1.817927937,-4.863339549,-9.724133092,19.56818165,15.5154639,1.727447453,-1.080818664,-3.165701439
-9.432479901,-10.59211985,-9.766072028,-17.54893639,-14.58260059,-2.367057202,4.832247735,-8.707372572,11.13163713,-6.812609613,-0.087878232,-2.063799464,-8.048935171,-14.72244885,13.47215107,11.4585686,-4.594307814,-3.826526532,-5.830287464
-10.56417245,-10.53855042,-11.3258872,-16.8462486,-16.10126801,-2.861764166,6.463424684,-8.859738251,9.503581497,-9.08993341,1.298816661,-0.021788689,-8.390405148,-16.71075518,9.550549326,8.651373375,-8.472804478,-7.192020021,-6.16719209
-11.79076046,-10.98819173,-11.28713216,-15.65058819,-17.60690665,-2.786627579,7.560513526,-8.494364614,8.891541662,-10.17753129,3.836515384,3.791710053,-5.566497325,-15.37296512,8.519031681,6.942948204,-9.359630605,-10.30654049,-4.483996702
-13.25377357,-12.36686814,-10.19116106,-15.70857939,-18.71116104,-2.255076375,7.835688761,-7.542634123,8.842436065,-10.93500727,6.116567787,8.107012696,-0.76084565,-12.04159023,9.949819564,5.909116836,-7.937439949,-12.25353817,-1.977740048
-14.85567012,-14.5081981,-9.097532083,-17.81320123,-19.15440866,-1.625437341,7.515410017,-5.684750463,9.067947713,-12.22175018,7.32186317,11.27064269,3.661320002,-8.99993493,12.34981879,4.772949048,-5.956255047,-13.09127257,-0.204407174
-16.49018249,-16.98676231,-9.117818894,-21.46917718,-19.18168758,-1.338966776,7.11653944,-2.716475559,9.359670818,-14.45013982,7.22883682,11.81437654,5.251559994,-8.194882208,13.84882912,2.615509245,-5.424693425,-14.02846156,-0.294457519
-18.24900929,-19.59045757,-10.98799188,-25.50393727,-19.4926653,-1.671791145,6.987205423,1.03670663,9.3698152,-17.36224328,5.772289621,9.045791942,2.778609799,-10.19030418,13.08924324,-1.161064043,-7.633323341,-16.56589948,-2.426695425
-20.45190211,-22.53635609,-14.82649294,-28.98986302,-20.75345791,-2.570933774,7.00355141,4.649376487,8.57724876,-20.1348152,2.759170723,3.418166558,-3.055710413,-13.99565507,9.813400477,-6.424675183,-12.57343919,-21.30039482,-5.885958867
-23.46570479,-26.2258332,-20.08246151,-31.66984657,-23.03055116,-3.690367058,6.690938893,6.995835294,6.566835473,-21.75310128,-1.912870874,-3.541614008,-9.971852378,-17.79365638,4.868379974,-12.28988376,-19.02883936,-27.38558369,-9.601919048
-27.42702486,-30.72169705,-25.65714622,-33.63077892,-25.60090859,-4.601195836,5.678842164,7.361316731,3.420392599,-21.47653327,-7.748782122,-9.806210928,-15.36922174,-20.02940665,-0.304310817,-17.5453594,-25.20663445,-33.10243469,-12.74518694
-32.05209291,-35.39107268,-30.21808796,-34.70446645,-27.31741593,-5.030279624,4.105564994,5.825063611,-0.145249445,-19.1971424,-13.44244518,-13.71270027,-17.72751756,-20.18353228,-4.379958913,-21.25198594,-29.5211395,-37.06941153,-14.98704881
-36.65493615,-39.05605291,-32.67675004,-34.30551849,-27.28046607,-4.972661566,2.616091662,3.148284786,-3.093055422,-15.54630984,-17.33717292,-14.69009784,-17.29088359,-18.85725102,-6.706737527,-23.09977945,-31.16343499,-39.09928898,-16.3529511
-40.3566695,-40.59574629,-32.64364789,-31.94375435,-25.33380732,-4.625118195,1.928591297,0.279999837,-4.667426839,-11.69645755,-18.34050511,-13.43250701,-15.6443494,-17.26310579,-7.477046828,-23.31390635,-30.28127642,-40.02662585,-16.92490868
-42.36651809,-39.57474273,-30.5705175,-27.93789936,-22.05633904,-4.217181447,2.306210843,-2.135614087,-4.856396442,-8.911036794,-16.61321055,-11.39801002,-14.52860629,-16.51310662,-7.481316964,-22.26981683,-27.7898465,-40.7132702,-16.70795978
-42.21563289,-36.44431123,-27.41723558,-23.59098275,-18.32893808,-3.874362406,3.35678088,-3.920233216,-4.361260597,-8.010405336,-13.46570942,-9.933038479,-14.72949227,-17.09455053,-7.595472192,-20.1985807,-24.94135509,-41.13558432,-15.75285138
-39.89323687,-32.19786948,-24.0191341,-20.5311025,-14.87088686,-3.600334986,4.320472871,-5.171319172,-4.081603102,-9.004636273,-10.51089516,-9.571926403,-15.77681808,-18.72448254,-8.269480922,-17.24283015,-22.81889263,-40.37371308,-14.34850328
-35.88189169,-27.77700231,-20.61058596,-19.67545051,-12.10096039,-3.359200502,4.613650957,-5.987882042,-4.489726906,-11.12061126,-8.717939711,-9.938614416,-16.57164184,-20.56190579,-9.287652141,-13.76574168,-21.93339717,-37.53098764,-13.02179479
-31.07224644,-23.67346585,-16.89324531,-20.64752088,-10.33219139,-3.163696049,4.201316875,-6.395946588,-5.350721055,-13.26899455,-8.07061992,-10.24740641,-16.38490749,-21.63628772,-9.936020787,-10.54019246,-22.08477632,-32.78415134,-12.26987801
-26.51146502,-19.94969047,-12.6058585,-22.1191441,-9.976528055,-3.085662253,3.526703453,-6.510057594,-5.980051802,-14.71773037,-8.003716017,-9.973455349,-15.43016011,-21.30821574,-9.478635064,-8.51221719,-22.55313243,-27.60929238,-12.22071169
-22.99314164,-16.52300922,-8.091143664,-22.77691326,-11.42634489,-3.183409356,3.094179053,-6.69850749,-5.827268689,-15.54419648,-8.134346637,-9.167741928,-14.57875322,-19.5694787,-7.640011129,-8.207329714,-22.51647934,-23.88827264,-12.51769186
-20.63976471,-13.36741414,-4.28992375,-22.11593822,-14.61528237,-3.416425698,3.069476365,-7.488636828,-4.938985407,-16.51331573,-8.593409391,-8.204043338,-14.4721183,-17.02580956,-4.766331938,-9.216132588,-21.44702838,-22.53634417,-12.55618567
-18.74550384,-10.43799029,-2.049777246,-20.47416694,-18.6427127,-3.628896726,3.214274334,-9.192617659,-3.953825805,-18.39255764,-9.673037863,-7.220623386,-14.76657519,-14.53166536,-1.545458881,-10.22506634,-19.24885856,-22.73024364,-11.9060031
-16.08504398,-7.455586928,-1.274551786,-18.42377789,-21.91061579,-3.625024019,3.16836024,-11.53382848,-3.627956769,-21.14832646,-11.16585231,-5.774340469,-14.15456504,-12.64916908,1.515949968,-9.688535211,-16.09378384,-22.39024499,-10.59044565
-11.62348474,-3.876573181,-0.702150818,-16.18071972,-22.86502886,-3.283442232,2.802239857,-13.62639933,-4.223370875,-23.64083246,-12.08679746,-3.049359347,-11.21210013,-11.26120336,4.463596123,-6.747426069,-12.15423989,-19.61537638,-9.005066286
-5.248964008,0.7745718,1.315688337,-13.59485002,-20.92374884,-2.627933166,2.32981912,-14.4149115,-5.184481214,-24.15771223,-11.14968013,1.503909761,-5.478371926,-9.629775315,7.813849644,-1.781046816,-7.515358779,-14.04432535,-7.556526331
1.950332994,6.390453846,5.477593132,-10.66419283,-16.93617289,-1.80867132,2.10559452,-13.30819293,-5.338890714,-21.53966561,-7.691770456,7.600420715,2.030491011,-6.921989764,12.05437281,3.780181317,-2.378101062,-7.17574922,-6.334151646
8.100568849,12.00666326,10.65015753,-7.979919411,-12.78880031,-1.017946211,2.314017593,-10.55507196,-3.529782307,-16.16319848,-2.29881446,14.09723532,9.280170718,-2.88685723,17.09333533,8.237303319,2.633533842,-1.457866778,-5.097669584
11.43612981,16.07957945,14.23851839,-6.565236817,-10.36376711,-0.408212832,2.840622611,-7.079458569,0.670617346,-10.04474763,3.422792989,19.57592131,14.36175412,1.786933205,22.08700278,10.46464131,6.413538331,1.171172658,-3.596402608
11.13263413,17.22884044,13.71545058,-7.16400308,-10.52492655,-0.065578614,3.433345565,-3.891849027,6.567498419,-5.874130659,7.80227466,23.1211299,16.54879134,5.721976079,25.80863125,10.29757478,7.770810597,0.295139306,-1.949510254
7.586706285,14.99139736,8.306492444,-9.595949517,-12.78232242,-0.036617609,3.99032837,-1.506368937,12.50732086,-5.520299202,10.07554432,24.73718177,16.5704347,7.590856186,27.32221128,8.338178431,6.116144477,-2.994413185,-0.750569027
2.044585586,10.09939185,-0.36422829,-12.78439033,-15.79216079,-0.361246966,4.693750065,0.229821096,16.5546781,-8.953885071,10.65359243,25.13121484,15.96400503,6.874501203,26.49909847,5.462890984,1.969086164,-6.952808345,-0.770597108
-4.082539257,4.117487506,-9.152364329,-15.47688263,-18.27166476,-1.067339073,5.849536926,1.818327439,17.37216982,-14.29106698,10.54876484,25.07573062,15.99746452,4.149492209,24.03465868,2.432367556,-3.144923326,-10.18186034,-2.454203034
-9.734373322,-1.301379669,-15.19411671,-17.06024396,-19.68140941,-2.127331243,7.561861045,3.594160738,14.86618122,-18.93203481,10.48609642,24.8568685,16.90040779,0.734926221,20.98602358,-0.218042,-7.438248835,-12.14534286,-5.577745543
-14.2984137,-5.077487526,-17.39548761,-17.79580513,-20.28887895,-3.420158473,9.529153501,5.423673729,10.24667142,-21.05343629,10.42852605,24.19821186,17.86581188,-2.044654722,18.17684014,-2.135075493,-9.804823401,-13.05185808,-9.326634374
-17.41737199,-6.950085568,-16.66825764,-18.33863585,-20.72496683,-4.743038848,11.15571897,6.822937007,5.434475834,-20.51363546,9.838665523,22.6436646,17.72230505,-3.501141344,15.86387138,-3.171551082,-10.34426416,-13.40640914,-12.73759557
-18.82921334,-7.291392223,-14.92613321,-19.04988037,-21.47108471,-5.875677943,11.91045005,7.362573162,2.11120804,-18.66465451,8.359298542,20.03179239,15.7473127,-3.769475896,13.82628069,-3.510848382,-10.11531564,-13.62440024,-15.18306053
-18.4240337,-6.713777665,-13.70948938,-19.75808546,-22.64546221,-6.652968429,11.65723351,7.020841043,0.939562613,-17.3057513,6.271466381,16.67344811,12.07700457,-3.516619277,11.729241,-3.684423929,-10.29614966,-13.87224639,-16.55600551
-16.40187455,-5.717054585,-13.42547313,-20.14195564,-24.11910551,-6.994663438,10.70403014,6.219468838,1.411491323,-17.53560425,4.33562982,13.13941018,7.525761385,-3.441927628,9.466136709,-4.27086535,-11.32984554,-14.04478226,-17.05626918
-13.26691873,-4.492162308,-13.56244429,-20.26669159,-25.7158799,-6.879936637,9.54510712,5.537224545,2.40448594,-19.22868012,3.191273697,9.901839312,3.054910743,-3.894160397,7.274138483,-5.358130043,-12.61891886,-13.7570693,-16.79266835
-9.55338907,-2.881083418,-13.44428316,-20.64074798,-27.26618212,-6.305316213,8.509581227,5.325201521,3.060464684,-21.35592214,2.873567321,7.166435422,-0.682095581,-4.768040714,5.625419699,-6.182654356,-12.93098491,-12.38710965,-15.55431705
-5.490462945,-0.476801413,-12.7821535,-21.64997095,-28.52387669,-5.277939674,7.585575203,5.484949978,3.372195078,-22.78979381,2.880327193,5.022994835,-3.436789821,-5.633304204,5.034346856,-5.372886052,-11.1955393,-9.313702544,-12.95975789
-0.950118748,3.131835696,-11.63780619,-22.90763651,-29.14799889,-3.856748449,6.529919201,5.527355355,4.065254021,-22.98250752,2.722055622,3.733876713,-5.142771425,-5.95048281,5.904693802,-1.809715181,-7.149411747,-4.365983145,-8.874604934
4.196699518,8.01778172,-10.03283816,-23.24751701,-28.8872036,-2.19656163,5.142621736,4.84573623,5.887512218,-22.1060435,2.463372329,3.847670947,-5.64210913,-5.264160627,8.439291748,4.438519687,-1.448153193,1.778204654,-3.745993078
9.598041417,13.65158123,-7.737621828,-21.53818652,-27.84825057,-0.530346872,3.472825736,3.040719799,8.884695473,-20.68422961,2.779708721,5.977049005,-4.619943258,-3.342484367,12.57586487,11.85914595,4.755453295,7.646495999,1.467176182
14.30549332,18.95588262,-4.511483709,-17.67888691,-26.55275255,0.929752489,1.804939566,0.150690378,12.2746522,-19.08527111,4.476528788,10.37433949,-1.801379979,-0.258390872,17.94840399,18.27229862,10.44332277,11.65760519,5.79300168
17.27661066,22.77924721,-0.538734474,-12.83390171,-25.60603609,2.114242321,0.462351315,-3.293179538,15.06969604,-17.2617115,7.869567474,16.62057169,2.751984082,3.616806419,23.9346719,22.22516956,15.18706014,13.12936658,8.852934521
18.20185156,24.57864196,3.452699323,-8.540551536,-25.15395457,3.141302945,-0.400731559,-6.412904604,16.97071172,-14.8702091,12.52055202,23.66681578,8.476956403,7.740493692,29.83489802,24.03007651,19.21512593,12.92775956,11.12603759
17.97893971,24.85393822,6.626776671,-5.34419011,-24.57476875,4.227514079,-0.867265196,-8.307645388,18.77086892,-11.60694505,17.50495214,30.2076394,14.40125934,11.61523995,35.11942037,25.62281332,23.13399344,13.1793079,13.6293265
18.32278266,24.95032857,8.707434729,-2.162824769,-22.75798884,5.510291656,-1.163927544,-8.458391111,21.83256079,-7.473904342,21.95172761,35.14428007,19.44497435,14.97642149,39.58510172,29.23473483,27.50900995,16.06319577,17.18514411
20.65460132,26.25879371,10.25584721,2.906129742,-18.87902684,6.911673265,-1.505449975,-7.029364026,26.93186716,-2.797381567,25.41357609,37.87662426,22.76816725,17.82041075,43.29094921,35.7693774,32.52802514,22.38737757,21.76758365
25.0508813,29.31761695,12.21052737,10.82799579,-13.13151152,8.160299266,-1.993781872,-4.862837368,33.33943061,1.96858966,27.82857365,38.33163886,24.00743659,20.2480851,46.3096344,44.0525501,37.88633359,30.90815709,26.40124703
30.09348565,33.45974336,14.99340653,20.32683132,-6.822306523,8.975299809,-2.613570427,-3.087071258,38.93779768,6.477190574,29.21332518,36.82764297,23.33212583,22.24818244,48.49973219,51.52967609,42.91693331,38.93034768,29.71792959
33.82591978,37.29478113,17.93479057,28.23015835,-1.666763045,9.283767409,-3.280648919,-2.492505151,41.45341325,10.59766181,29.4439224,33.93365681,21.34179781,23.60483763,49.51134149,55.93469654,46.88795179,43.87828023,30.81125314
35.15085535,39.69372329,19.5871146,31.40689161,1.266333013,9.300120477,-3.879361022,-3.02684671,40.02088996,14.35956316,28.3616886,30.39366585,18.86865342,24.01496228,49.05120143,56.73871246,49.31728572,44.84455498,29.80332626
34.60271001,40.5394838,18.78732455,28.93689708,2.205922225,9.386791267,-4.268211958,-3.746553521,35.96180896,17.81773378,26.1139462,27.06113937,16.74620677,23.31831476,47.19724309,55.35135057,50.13793593,43.09925059,27.72658516
33.86162239,40.66297219,15.67001721,22.87310727,2.439942795,9.781040052,-4.283494216,-3.305476565,32.14621182,20.95475391,23.40117056,24.75552341,15.59302336,21.63779782,44.47618605,53.97023449,49.61650376,41.21294764,25.80284806
34.34242423,41.01280063,11.79665202,16.97577013,3.354807192,10.38606778,-3.775192119,-0.717024006,31.28864047,23.67414886,21.35102949,24.03347575,15.65870258,19.30271019,41.58895735,53.95333003,48.07347691,41.35748963,24.6269572
35.94136099,41.72466064,9.216843818,14.32013767,5.457328575,10.79158466,-2.670714384,4.06224204,34.29543528,25.84885958,21.02453167,24.97689033,16.7786544,16.62492484,38.96173656,54.89343731,45.59802217,43.87972632,23.82323099
36.94438173,41.86342034,9.108622466,15.49660353,8.082060245,10.52566499,-1.025049019,10.06998028,39.75696281,27.35290854,22.84271647,27.13208846,18.46235741,13.73971157,36.47059886,55.003585,41.97884228,47.04831009,22.39443359
35.22755662,40.09751538,10.9878385,18.60846914,9.952367143,9.366249907,0.981557254,15.80758137,44.88235372,28.04376057,26.2915892,29.66162714,20.09186047,10.67044158,33.57808856,52.44390725,36.93375623,48.10512626,19.48362091
29.880015,35.81883768,13.05525603,20.88051297,10.1203762,7.490677106,3.100794026,19.93740761,47.19288305,27.73620336,30.09005974,31.65369215,21.1557477,7.562916524,29.80303259,46.58284593,30.49123934,44.93527307,14.9881746
22.03166054,29.83119865,13.40118684,20.55192972,8.5613945,5.357039386,5.096614308,21.81427898,45.83355142,26.24456441,32.73511644,32.45774032,21.42107899,4.848195817,25.1717266,38.33087989,23.22855382,37.32509023,9.603572641
14.24630978,24.01975125,11.18060553,17.70057176,6.019729202,3.406749982,6.811516072,21.62155708,41.72753669,23.52682943,33.14826147,31.91255642,20.9689467,3.113299597,20.29436703,29.43448771,16.1380551,27.0868544,4.314395134
8.901524993,20.17587415,6.959730395,13.64202277,3.314640563,1.805485893,8.197872109,20.1420666,36.66334972,19.86522174,31.1211361,30.37974553,20.07899681,2.694847221,15.98701128,21.35765329,10.15197166,17.04697367,-0.249298525
6.710864723,18.80531547,2.104823241,9.669102008,0.718536094,0.403769757,9.307635636,18.35814936,32.10414569,15.94020144,27.36794395,28.55804867,19.01779768,3.275648103,12.70352794,14.56752765,5.622765701,9.552141689,-4.109184829
6.411952898,18.78764903,-2.220621185,6.240127561,-2.094593295,-1.070871456,10.23834507,17.0725049,28.55582119,12.67483657,23.16466542,27.12688379,17.83630884,3.828993656,10.18899767,8.618173468,2.12266484,5.364947775,-7.711362581
5.775913537,18.14693417,-5.690386572,3.121808717,-5.54246782,-2.749497557,11.04476417,16.65011414,25.77094165,10.85709712,19.73093583,26.35601895,16.29046659,3.042654155,7.609117683,2.798440419,-1.273659605,3.520862636,-11.41132672
3.162928514,15.39401192,-8.715196518,0.082652525,-9.551686585,-4.488586621,11.6561532,16.91884726,23.39678117,10.7149315,17.64143832,25.88797678,13.95366908,0.012469214,4.076371772,-3.224721548,-5.387977109,2.129992298,-15.10845168
-1.468076684,10.50372666,-11.84231816,-2.665844475,-13.42816354,-5.961265544,11.86744684,17.262465,21.42240945,11.7024987,16.57624592,24.87252892,10.49591027,-5.216998041,-0.768382345,-9.189694597,-10.40311389,-0.413066335,-18.31215934
-6.713603877,4.874733757,-15.20898731,-4.692895498,-16.31298944,-6.892544918,11.45335782,16.92234028,20.08179954,12.67377058,15.57715479,22.45849717,5.995714217,-11.60676226,-6.476871533,-14.46415066,-15.73098676,-4.525279732,-20.55707676
-10.8084734,0.353172151,-18.44363001,-5.923858302,-17.85648496,-7.255641849,10.37013089,15.42501825,19.40968047,12.39990359,13.69491948,18.39347284,1.089937147,-17.60102352,-11.96463103,-18.42997484,-20.35049541,-9.324139769,-21.81099188
-12.81021351,-1.963717106,-20.98376079,-6.904521178,-18.55447615,-7.287035405,8.910899244,12.91686982,18.94813707,10.16475002,10.64169924,13.32907256,-3.187249235,-21.83858497,-16.01140143,-20.76384535,-23.38436215,-13.31770323,-22.54610219
-13.10388566,-2.33539032,-22.47731364,-8.422399884,-19.45804692,-7.320433846,7.661456182,10.15799251,17.93278605,6.104229702,7.009418457,8.546454562,-5.863788908,-23.7018966,-17.81445943,-21.55086806,-24.560166,-15.44277262,-23.42747236
-13.00680873,-2.060685245,-22.96812608,-10.81096262,-21.46271267,-7.569847314,7.217029852,8.103597585,15.83110655,1.100350865,3.872076501,5.191304102,-6.575019853,-23.45598967,-17.33600184,-21.30213547,-24.30911768,-15.80443281,-24.86955638
-13.86432647,-2.553327024,-22.82416436,-13.60016063,-24.70344864,-8.014802706,7.808951196,7.301605716,12.7762684,-3.690151481,2.020218068,3.49808238,-5.8741269,-21.99513054,-15.31640606,-20.89356833,-23.49357905,-15.65171597,-26.78884373
-16.2725994,-4.489460147,-22.56688492,-15.87115544,-28.48364167,-8.45145425,9.10459585,7.524813648,9.518310089,-7.381786872,1.369354999,2.573963197,-5.071772819,-20.40594364,-12.97396489,-21.33126031,-22.95510022,-16.58737384,-28.70081131
-19.85590005,-7.557276273,-22.73630275,-17.01814023,-31.74796548,-8.650825058,10.3635642,7.937716526,6.918738558,-9.679562932,0.991394095,0.972279418,-5.629032436,-19.57461615,-11.52235027,-23.29020198,-23.13306447,-19.49316382,-30.04259982
-23.60180959,-10.8497551,-23.76970424,-17.23556563,-33.71556616,-8.502847201,10.88393985,7.711923027,5.388856526,-10.85333776,-0.228373941,-2.283536108,-8.413167104,-19.95824261,-11.69857848,-26.607313,-23.92486443,-23.8591961,-30.46795722
-26.44130063,-13.50420226,-25.80480485,-17.29630095,-34.22172743,-8.05762325,10.43596051,6.637682021,4.702003998,-11.47775447,-2.781499292,-6.939818703,-13.2417776,-21.52369322,-13.49979674,-30.11828431,-24.81802747,-27.98325231,-29.94162985
-27.71663297,-15.10952083,-28.44415316,-17.8354976,-33.59612693,-7.462879992,9.359171367,5.247598657,4.286126981,-12.15269298,-6.175053097,-11.59314457,-18.98797726,-23.81029559,-16.25475335,-32.13289796,-25.19939836,-29.96238279,-28.65259118
-27.34746321,-15.67777248,-30.70111937,-18.8052376,-32.28122301,-6.865423786,8.240622733,4.336587643,3.713976901,-13.34440629,-9.284512853,-14.59763479,-24.1801164,-26.08505213,-19.00260096,-31.40814261,-24.67732118,-28.86907752,-26.8893095
-25.71210396,-15.34911768,-31.34661438,-19.60274242,-30.55913818,-6.349477714,7.423719948,4.254969,2.980822951,-15.33103601,-11.14191651,-15.16931581,-27.72632417,-27.57122714,-20.9800123,-28.01242373,-23.25457884,-25.34759625,-24.98448087
-23.37895323,-14.16926812,-29.60072784,-19.75107637,-28.59853096,-5.937974544,6.749517488,4.560612154,2.38083844,-18.15409736,-11.55775868,-13.89371595,-29.33458836,-27.70693373,-21.94149443,-23.40639251,-21.26626486,-21.21808841,-23.30830436
-20.83586452,-12.1405338,-25.75910992,-19.49684198,-26.71260181,-5.631632452,5.758994909,4.342400249,2.149779522,-21.54029183,-11.12973915,-12.27500116,-29.42307857,-26.35107794,-22.13640601,-19.55470723,-19.12821151,-18.32730065,-22.2140173
-18.32187721,-9.451600503,-21.24425245,-19.7506369,-25.51628251,-5.443111799,4.204388525,2.972245931,2.218595317,-24.8854206,-10.68891426,-11.67244715,-28.66062915,-23.84773569,-21.99565168,-17.61532933,-17.06487058,-17.39801877,-21.89569779
-15.80770073,-6.60333661,-17.89530837,-21.37540784,-25.75278655,-5.401573721,2.435862432,0.662912139,2.281449999,-27.4295963,-10.66257488,-12.40959115,-27.49758307,-20.90838082,-21.78026365,-17.14818035,-15.01185798,-17.63884731,-22.24482772
-13.10878695,-4.229582651,-16.86830369,-24.40623393,-27.8522183,-5.531261348,1.294830613,-1.661216808,2.071597589,-28.62432136,-10.85122654,-13.67821656,-25.99610133,-18.34925305,-21.45388908,-16.46957528,-12.77190815,-17.3584271,-22.85130839
-10.05585874,-2.692870099,-17.88066684,-27.8560801,-31.54174362,-5.822999673,1.531002367,-3.115369187,1.552447779,-28.48906521,-10.73556026,-14.23573966,-24.00672765,-16.78322564,-20.84463151,-13.93582149,-10.30485334,-15.13989513,-23.20975609
-6.622209761,-1.774380321,-19.37279064,-30.27850874,-35.83425222,-6.216729241,3.167702699,-3.627437358,0.837926711,-27.67137665,-9.99029917,-13.31173094,-21.47763975,-16.38463699,-19.91576822,-9.210031806,-7.902868724,-10.76146681,-23.02551892
-2.943722301,-0.759932154,-19.54215136,-30.65336935,-39.46736069,-6.606967678,5.330586496,-4.073563475,-0.050897154,-27.08117414,-8.753782354,-11.04717177,-18.62002726,-16.82308787,-18.87839699,-3.548395828,-6.067962539,-5.261014803,-22.41486478
0.749787499,1.062206582,-17.57304909,-28.94513804,-41.53879951,-6.877386857,6.73138763,-5.605993561,-1.29171103,-27.28416361,-7.464405449,-8.225867053,-15.81430895,-17.40912172,-18.03125755,1.113633016,-5.14790134,-0.173171234,-21.85706311
4.210483388,3.818429175,-14.21853132,-25.99687123,-41.93202751,-6.96008763,6.498820121,-8.657165901,-3.034588549,-28.06678995,-6.466683588,-5.632178071,-13.37499882,-17.41638244,-17.4737447,3.559840874,-5.016131757,3.45489466,-21.93648983
7.191338914,6.830269786,-11.3315699,-22.94856559,-41.25994379,-6.895094206,4.765127763,-12.39315797,-4.982551733,-28.51531393,-5.759078939,-3.607020408,-11.39895407,-16.45381576,-16.97252656,4.084415261,-5.092326737,5.561668009,-23.05963921
9.428667096,8.983637397,-10.67280835,-20.65319947,-40.37813137,-6.847345735,2.580197468,-15.07240618,-6.181573032,-27.59944259,-5.07738024,-2.111562588,-9.823700798,-14.69972347,-16.13802272,4.079124115,-4.746716509,6.803647148,-25.32387003
10.67624615,9.484868853,-12.80878732,-19.42654187,-39.80387861,-7.045406913,1.215343578,-15.08945054,-5.34841731,-24.87152454,-4.179224165,-1.114819448,-8.618998463,-12.83847139,-14.78290434,4.793346743,-3.799524028,7.844593662,-28.56805153
10.84555124,8.484614929,-16.81583971,-19.12086928,-39.4292232,-7.649713684,1.357485585,-11.98011648,-1.662971444,-20.78861139,-3.035915222,-0.846630094,-7.910952825,-11.68692187,-13.14512395,6.303213092,-2.702020669,8.825591979,-32.48676408
10.18341684,7.098581146,-20.9204425,-19.31032829,-38.7069406,-8.616876472,2.747944693,-6.715372239,4.473834585,-16.4367475,-1.781216376,-1.63200602,-7.902717436,-11.69901471,-11.74918883,7.530201959,-2.208023166,9.419687865,-36.67132109
9.317761071,6.759014047,-23.58080462,-19.45470056,-37.16518398,-9.653741021,4.463811374,-1.146935991,11.30377902,-12.88392192,-0.54388227,-3.464398859,-8.64932104,-12.6559549,-10.99250998,7.260786164,-2.762344573,9.340238495,-40.56054325
9.041985563,8.310042465,-24.2851387,-19.08863583,-34.88600688,-10.31619752,5.567948469,2.952122599,16.41861222,-10.65783398,0.594950627,-5.764065177,-9.892565986,-13.77034636,-10.80916618,5.276259832,-4.101238078,8.780559168,-43.42071934
9.894031669,11.45862272,-23.6231131,-18.09827612,-32.60701965,-10.21725276,5.632303748,4.61934566,17.95557221,-9.717737587,1.450186894,-7.628474867,-11.12997289,-14.17192265,-10.73146732,2.61076632,-5.426640047,8.342125202,-44.48969658
11.78058085,14.95321389,-22.7194458,-16.95522251,-31.35396794,-9.228175218,4.811942527,3.860052438,15.56246555,-9.866864276,1.595126269,-8.433489123,-11.90086102,-13.46941739,-10.33982223,0.696694347,-6.05501083,8.48561153,-43.28732572
13.92764559,17.35330686,-22.50285691,-16.62305909,-31.82266439,-7.549848981,3.535811357,1.343507012,10.54224336,-11.18102405,0.517176989,-8.293508779,-12.08337186,-12.00670089,-9.733508949,0.11271327,-6.021755189,8.998984486,-39.92396065
15.24949556,17.85012747,-23.28503822,-17.99895703,-33.90235542,-5.611528194,2.152676011,-2.0009041,5.119088405,-14.02242394,-1.913725914,-7.965166928,-11.97073981,-10.63131495,-9.588379524,0.015291436,-6.111662891,9.012383479,-35.18217866
14.94317382,16.59922435,-24.81453973,-21.16599785,-36.65735178,-3.865852673,0.824047513,-5.237597288,1.316410229,-18.58008769,-5.020277023,-8.235109345,-12.05880956,-10.13708892,-10.68028427,-1.210814163,-7.230016878,7.647634082,-30.2650773
12.95027408,14.41690414,-26.6230112,-25.04182516,-38.80311054,-2.609601547,-0.327407178,-7.557035532,0.117346758,-24.32392236,-7.403470111,-9.278432302,-12.69724271,-10.77283039,-13.20658903,-4.564732487,-9.584814709,4.827763338,-26.31512946
10.01023342,12.16206707,-28.33943636,-27.84583826,-39.39989682,-1.92537623,-1.051692447,-8.4492033,1.299800448,-29.89770121,-7.669516419,-10.51810812,-13.8562868,-12.147561,-16.45298972,-9.433342446,-12.35323717,1.566844029,-23.95564319
7.295693126,10.30779341,-29.7604872,-28.19477332,-38.33947135,-1.741790004,-1.018628415,-7.948758574,3.853895958,-33.66756146,-5.374746554,-11.10821632,-15.16459218,-13.55885331,-19.12691932,-13.84532586,-14.1591799,-0.586776167,-23.09089371
5.867664588,8.97647906,-30.69639796,-26.05381688,-36.31810734,-1.929682943,-0.075179001,-6.753482034,6.574893441,-34.61586343,-1.473310888,-10.64670281,-16.16716876,-14.46660575,-20.17011126,-15.84804617,-14.04913375,-0.625932384,-23.04542788
6.245454242,8.279530528,-30.78052919,-22.76392328,-34.30830507,-2.351359893,1.522780923,-5.975453253,8.472354588,-32.94879887,2.165251833,-9.535035306,-16.60407215,-14.76612723,-19.47296982,-14.97123096,-12.23507528,1.089849126,-22.94301866
8.249759751,8.539750163,-29.44269842,-20.03749899,-32.86588156,-2.849932279,3.1517193,-6.532155006,8.924956919,-29.94764992,3.910360427,-8.69916786,-16.52715706,-14.71647723,-17.96204849,-12.64591188,-10.02657605,2.891561676,-22.1280722
11.09330308,10.10451423,-26.12682364,-18.66113531,-31.72935092,-3.236483517,4.15910227,-8.526141047,7.739994157,-27.13729201,3.384914029,-8.911353207,-16.21839927,-14.6636862,-16.99153955,-11.24495414,-8.990063809,2.74878022,-20.44484997
13.6120626,12.8664593,-20.67142831,-17.94389129,-29.99614854,-3.336410315,4.264213138,-11.07182256,5.247590273,-25.35912748,1.591367324,-10.26099128,-16.01404627,-14.82177812,-17.4830564,-12.46637123,-9.961194967,-0.523722339,-18.2713
14.57100446,15.93744464,-13.65074785,-16.39111462,-26.79194504,-3.089277991,3.719440555,-12.7588649,2.345473366,-24.41503978,0.068053827,-12.16734918,-16.16502411,-15.25477443,-19.42648251,-16.26007554,-12.62741155,-6.605405421,-16.30355103
13.03173273,17.86970236,-6.446229115,-13.08149616,-22.01463805,-2.623290653,3.115303952,-12.4802372,0.275571612,-23.51934118,-0.257831533,-13.8625697,-16.78257655,-15.98071821,-22.05798112,-21.04401974,-15.92968778,-13.94861029,-15.18184107
8.728798882,17.40033078,-0.907135617,-8.610225569,-16.65383172,-2.220436205,2.989144968,-10.07333079,0.053675576,-22.1783613,0.362803761,-14.909186,-17.83036879,-17.01720764,-24.51645615,-24.95450459,-18.89690013,-20.72649678,-15.12814901
2.28945551,14.24209133,1.345841227,-4.780384648,-12.42649252,-2.1666324,3.532988375,-6.361772396,1.809473224,-20.78617429,0.902363555,-15.35211454,-19.11900903,-18.29798294,-26.4520238,-27.12810612,-21.23781276,-25.76870889,-15.79515952
-4.908080111,9.334746173,-0.309926411,-3.248228649,-10.89227819,-2.580574277,4.587428074,-2.631537601,4.51966051,-20.44047825,0.51951879,-15.47553655,-20.32505685,-19.58444707,-28.15515238,-28.08087529,-23.28457435,-28.91861149,-16.4531617
-11.2926869,4.321882092,-5.071461186,-4.212972005,-12.55554498,-3.347540109,5.863723775,0.038980925,6.465184862,-22.08785053,-0.754939852,-15.48469293,-21.09928625,-20.55496259,-30.18378965,-29.02472802,-25.45088881,-30.74006828,-16.45783289
-15.84343643,0.575254579,-10.94356358,-6.235797415,-16.50255121,-4.214076057,7.170243165,1.151710433,6.251739241,-25.6442661,-2.163567555,-15.44573578,-21.27301856,-21.08883924,-32.8442873,-30.78549567,-27.74683205,-31.95514532,-15.73664146
-18.58280566,-1.573541036,-15.61755762,-7.361524053,-20.82293533,-4.977346565,8.462000189,0.740224705,3.756660459,-29.79267,-3.010400727,-15.50230587,-21.04980109,-21.51690861,-35.9421593,-33.21433583,-29.77802431,-33.07279793,-14.95929018
-20.47141565,-2.87802089,-17.57444586,-6.65000816,-23.59949709,-5.627512504,9.722732101,-0.872750066,0.311652824,-32.68133019,-3.347150855,-16.06288275,-21.00618066,-22.54363219,-38.95115183,-35.48927537,-31.18211181,-34.38020924,-15.218085
-22.72913121,-4.500802141,-16.78779665,-4.88972876,-23.90394878,-6.336278775,10.84361907,-3.209822556,-2.090442044,-33.08235039,-3.920281399,-17.64504493,-21.81721744,-24.77551889,-41.40330326,-36.94622974,-32.05479797,-36.11547578,-17.36986773
-26.01691805,-7.123359806,-14.58693558,-3.937004483,-22.22519979,-7.30363747,11.64529531,-5.597543112,-2.08013093,-31.2091624,-5.410918437,-20.39904058,-23.83155292,-28.15536754,-43.16124149,-37.68959671,-32.94026139,-38.53283997,-21.45869828
-30.03987515,-10.47099355,-12.74720094,-5.234386465,-20.09257034,-8.582765862,12.030457,-7.1588868,0.188817936,-28.60457739,-7.642066057,-23.70588519,-26.78173139,-31.77444418,-44.38219452,-38.49054212,-34.37086219,-41.76144579,-26.62634082
-33.84715947,-13.55272262,-12.38077777,-8.691423858,-19.1354347,-10.01476331,12.11214555,-7.071408828,3.162151561,-27.14888675,-9.480761389,-26.28682274,-29.86955754,-34.31288596,-45.26259652,-40.11529312,-36.36175304,-45.62175686,-31.59650993
-36.59834213,-15.39579727,-13.34523845,-12.76535861,-20.14896255,-11.31485489,12.1735655,-5.047455376,4.950825182,-27.84559447,-9.57702377,-26.88540736,-32.21202938,-34.87343011,-45.81777679,-42.68112705,-38.31963405,-49.62999316,-35.40693734
-38.21473608,-15.72487662,-14.53630176,-15.58773798,-22.71177119,-12.23612132,12.46782442,-1.684503785,4.588416123,-30.19100975,-7.361296594,-25.08582272,-33.3535674,-33.61317367,-45.88227999,-45.55567384,-39.46515179,-53.23036602,-37.87574466
-39.41319182,-15.11216366,-14.81394553,-16.18961884,-25.54497063,-12.68804245,13.01686849,1.681862218,2.607787003,-32.52626969,-3.487910235,-21.64573665,-33.47596435,-31.66903892,-45.30099532,-47.81560634,-39.4158344,-56.04788535,-39.48588692
-41.08191602,-14.5207434,-13.86881252,-14.91068089,-27.34241726,-12.73727082,13.57793033,3.64203178,0.580175232,-33.10362161,0.63511236,-18.04318014,-33.15247715,-30.38553897,-44.1185483,-48.82435855,-38.43200984,-57.9134003,-40.81412308
-43.46266721,-14.58400745,-12.40031766,-12.83487998,-27.53163419,-12.51681553,13.80455887,3.47693223,0.012740585,-31.14221192,3.83748198,-15.5330558,-32.84502252,-30.39774016,-42.59552638,-48.46057583,-37.12109941,-58.64209319,-41.9753265
-45.77351179,-15.12985549,-11.50891535,-10.88171597,-26.51002263,-12.13244508,13.46610025,1.471614746,1.41941871,-27.20593107,5.893562803,-14.40031414,-32.55304584,-31.25462648,-41.04662469,-46.91399698,-35.8721381,-57.83709775,-42.52392464
-46.61001548,-15.28477826,-11.80560694,-9.341316298,-25.27186791,-11.63576086,12.54988258,-1.455049156,4.17038928,-22.73772431,7.405323353,-13.95378047,-31.90637585,-31.86336838,-39.65105338,-44.38377282,-34.53728724,-55.04155461,-41.87415355
-44.90997582,-14.1135809,-12.95248843,-8.113822092,-24.73965963,-11.06004368,11.18493402,-4.50623667,7.091510225,-19.15516773,9.02717839,-13.22896043,-30.62808841,-31.40352131,-38.39871592,-41.07369309,-32.67268845,-50.27138998,-39.87759821
-40.84893694,-11.40429327,-14.00195731,-7.238609196,-25.26853557,-10.45851345,9.486113124,-7.547353747,9.247667019,-17.15059349,10.73837326,-11.81801483,-28.96640824,-30.00184715,-37.20780596,-37.52633326,-30.16291122,-44.54542945,-37.07334609
-36.04101046,-8.092079661,-14.26247273,-7.093446705,-26.61254345,-9.89330171,7.477505546,-11.01596146,10.31138232,-16.60744516,11.79546753,-10.16177142,-27.68309206,-28.65517059,-36.09851103,-34.90656262,-27.69010959,-39.86667073,-34.3982209
-32.84549624,-5.99387236,-13.98398588,-8.047717307,-28.27561342,-9.38226339,5.164349963,-15.31187023,10.36305564,-17.05065941,11.39421985,-9.086127125,-27.52331017,-28.47593471,-35.25973359,-34.75819966,-26.58090677,-38.40938828,-32.58212769
-33.14189539,-6.910139442,-14.27519371,-9.939313368,-29.90004484,-8.860101399,2.672007625,-20.2013266,9.475750052,-18.17485875,9.461718491,-8.980312976,-28.52812638,-29.84309993,-34.93398196,-38.15067497,-28.02858779,-41.26335791,-31.69674525
-37.27633875,-11.54544212,-16.25969661,-11.94346205,-31.37225393,-8.203075992,0.30027059,-24.74010879,7.56779041,-20.005733,6.895197927,-9.304846441,-29.73798772,-32.08204662,-35.19415774,-44.71218022,-32.18858469,-47.52984764,-31.18611536
-43.79723333,-18.87963751,-20.09453164,-13.03685079,-32.61457077,-7.310660049,-1.584138971,-27.77651015,4.673873458,-22.60608648,5.03123949,-8.857332563,-29.60395985,-33.87129181,-35.78037801,-52.31679861,-37.79659426,-54.46995884,-30.31845902
-50.14780259,-26.44264161,-24.62722757,-12.69314461,-33.33552536,-6.185627529,-2.744639332,-28.62396601,1.316860659,-25.63842154,4.758211832,-6.628287151,-26.92203972,-34.04367609,-36.13905839,-57.86773996,-42.64303195,-58.77526333,-28.69003574
-53.93831436,-31.45222266,-28.01829557,-11.21781801,-33.06441501,-4.953380684,-3.202360861,-27.38922867,-1.497434018,-28.22232625,5.954279335,-2.616828659,-21.69891051,-32.22281809,-35.68065853,-58.87430563,-44.67931562,-58.27923091,-26.42467454
-54.09510951,-32.22691402,-28.93045,-9.450937528,-31.53693346,-3.810492872,-3.189436782,-24.76750114,-2.825523126,-29.28592953,7.64746756,2.002692332,-15.35148694,-28.93724527,-34.12838401,-54.89028647,-43.11559999,-53.09021491,-24.0010697
-51.26066935,-29.04218569,-27.4334372,-8.127171015,-29.13481365,-2.945302301,-2.968801032,-21.5607643,-2.511653434,-28.20376917,8.722020399,5.500664408,-10.05611843,-25.26235842,-31.75472205,-47.85846279,-38.86303795,-45.45870206,-21.9318264
-47.25520071,-23.87666422,-24.95029133,-7.457857228,-26.93619217,-2.483720896,-2.668325643,-18.34690034,-1.47454506,-25.26240795,8.613585387,6.58281797,-7.613659498,-22.31168337,-29.34221913,-41.05929598,-34.06066844,-38.47763552,-20.5678619
-43.95605047,-19.17935026,-23.26225034,-7.246779104,-26.17496676,-2.477597727,-2.254584983,-15.50172599,-1.207624649,-21.59550238,7.522155614,5.102728588,-8.507927288,-20.86818421,-27.84576886,-37.26727876,-30.95266882,-34.42447291,-20.10423944
-42.28365702,-16.44303842,-23.28648039,-7.329023373,-27.38904964,-2.91075537,-1.64629805,-13.3973481,-2.759343482,-18.60199953,6.098739903,2.073099713,-11.70594431,-21.23016166,-27.90742349,-37.25268674,-30.73642929,-33.72323762,-20.63998965
-41.89159337,-15.51756568,-24.51839512,-7.837031507,-29.8793564,-3.691934014,-0.854275963,-12.43995961,-5.919178019,-17.22054389,4.946990462,-0.963797202,-15.28176403,-23.1867981,-29.48427977,-39.55236013,-33.00276415,-35.05465661,-22.12055844
-41.6884881,-15.08708651,-25.54490478,-9.015658101,-31.98476786,-4.637941437,-0.028787981,-12.8169003,-9.240908502,-17.51669512,4.331454075,-2.760147973,-17.45855532,-26.05902145,-31.81705283,-41.6082566,-36.05639652,-36.40714282,-24.18002381
-40.76901269,-13.90294968,-25.23885587,-10.80232417,-32.12253058,-5.485493764,0.610611049,-14.18427096,-10.93238742,-18.8027889,4.223961122,-2.885958751,-17.45924764,-28.84927959,-33.78702449,-41.49288413,-37.92363886,-36.33141077,-26.09243053
-39.0737663,-11.81999988,-23.7300423,-12.66145246,-29.93467121,-5.963969914,0.888144089,-15.67237078,-9.994101527,-20.1466235,4.522038604,-1.721953706,-15.72980871,-30.55908641,-34.47624301,-39.09368784,-37.4773342,-34.64417806,-27.01475659
-37.32515463,-9.857990365,-22.40488517,-13.92946908,-26.70051996,-5.91090647,0.736103596,-16.34417809,-6.806955396,-20.90202497,5.190233707,-0.047247862,-13.5038167,-30.59773775,-33.61076637,-36.03158607,-35.04031819,-32.26714064,-26.44833363
-36.34630681,-9.287676939,-22.90812903,-14.4004983,-24.62090856,-5.360999156,0.185351555,-15.8137125,-2.792893436,-20.94708464,6.226021479,1.446004207,-12.04603892,-29.05454443,-31.63512068,-34.45126767,-32.12253382,-30.45201656,-24.59113497
-36.34878666,-10.52114574,-25.8737871,-14.58112979,-25.37553103,-4.538666838,-0.670852433,-14.51874452,0.541017713,-20.56330245,7.547388565,2.414935796,-12.03795468,-26.62845554,-29.4066814,-35.55330348,-30.45899202,-29.96804994,-22.26207588
-36.79453922,-12.73904737,-30.33435051,-15.29158845,-28.92484668,-3.743916183,-1.688603096,-13.37654706,2.453256363,-20.12427461,8.949430971,2.814831766,-13.41155553,-24.2352532,-27.74446176,-38.85790311,-30.95009111,-30.75320105,-20.38832929
-36.96109931,-14.57347872,-34.27192782,-16.89404902,-33.42033943,-3.197360285,-2.668521221,-13.0608058,3.154909781,-19.82853676,10.16866825,2.662892383,-15.62667662,-22.56007163,-27.1321995,-42.642053,-33.17498311,-32.16043338,-19.41127977
-36.73096396,-15.27331571,-35.93440563,-18.82713585,-36.33604246,-2.940894274,-3.388734771,-13.48159431,3.340221658,-19.60868582,10.9725349,1.847589734,-18.12030269,-21.85659972,-27.70893439,-45.17216216,-35.77394042,-33.53337446,-19.06091077
-36.88752208,-15.34846144,-34.9674073,-19.91413947,-36.06499716,-2.849636376,-3.701399509,-13.90716403,3.554229657,-19.20186105,11.19223161,0.157437392,-20.58797188,-22.06367652,-29.4216987,-45.83060766,-37.40284817,-34.66735567,-18.6641839
-38.56359215,-16.10133422,-32.54074972,-19.24036953,-32.87711498,-2.731306095,-3.635958491,-13.63380561,3.918772932,-18.29381753,10.72071084,-2.467934023,-22.91766376,-23.02191352,-32.09246523,-45.35568406,-37.56419513,-35.83822816,-17.71588895
-42.19858852,-18.39246742,-30.38963716,-16.85995074,-28.58257883,-2.434965169,-3.406447459,-12.63786033,4.334702284,-16.66724909,9.56253633,-5.644621811,-24.87777,-24.50933967,-35.2843954,-45.07714903,-36.72322431,-37.40817409,-16.22705307
-46.84420125,-21.67645189,-29.49770385,-13.70428178,-25.17295808,-1.901734382,-3.278401446,-11.64705266,4.830438126,-14.32511615,7.950409616,-8.469666349,-25.87452938,-26.0552833,-38.12927938,-45.75671357,-35.67450815,-39.32659695,-14.57228127
-50.48249714,-24.18495401,-29.41635138,-10.76138329,-23.4414067,-1.149051403,-3.378468075,-11.55723654,5.631854622,-11.55957108,6.401313855,-9.829155041,-25.08009817,-26.80940346,-39.43213017,-46.91863838,-34.72092246,-40.93328432,-13.01266376
-51.26703202,-24.21700718,-28.73559739,-8.266674374,-22.57540377,-0.232061375,-3.607897935,-12.68050595,6.849733598,-8.911979478,5.54891945,-9.006638169,-21.96849215,-25.79895003,-38.20923298,-47.18675813,-33.38609519,-41.27439711,-11.37365421
-48.83861653,-21.55808225,-26.34853932,-5.66671712,-20.9793789,0.772228159,-3.756525379,-14.45671354,8.106385656,-6.986569056,5.753573585,-6.251691829,-16.94219476,-22.5811461,-34.4223623,-45.39656047,-30.94573355,-39.77627083,-9.226079477
-44.72353659,-17.87326276,-22.53870432,-2.427002243,-17.67114383,1.754245821,-3.74008527,-15.86308603,8.54891166,-6.169055533,6.742621035,-2.89229146,-11.54850988,-17.84372062,-29.36807868,-41.66312333,-27.35633254,-36.82803395,-6.45101974
-41.45202493,-15.68468818,-19.03269342,1.054945289,-13.183469,2.570531144,-3.749823763,-16.15977369,7.388243349,-6.401228087,7.6242531,-0.789061718,-7.957812193,-13.36313614,-25.27800575,-37.58704384,-23.75815876,-33.81893049,-3.673658791
-40.97842007,-16.65403153,-17.92292267,3.357324805,-9.287451885,3.084439706,-4.146719996,-15.33287528,4.61668451,-7.168769608,7.39895908,-1.346935155,-7.853193288,-11.11922311,-24.19597442,-35.38092409,-22.00012888,-32.49966405,-2.095249529
-43.51024471,-20.45278538,-20.21055767,3.029572696,-7.737750533,3.238020808,-5.143697009,-13.88076106,1.319824312,-7.733500463,5.688980938,-4.651634777,-11.35869285,-12.04315554,-26.77209733,-36.47542585,-23.40843645,-33.99742062,-2.733171528
-47.54357088,-25.05596246,-25.01515606,-0.036935232,-8.960260103,3.10316381,-6.527928018,-12.18121024,-0.758871031,-7.467902649,3.149948552,-9.306910346,-16.74280339,-15.28693334,-31.78902935,-40.55890147,-27.69253288,-38.09572257,-5.605932315
-50.99709923,-28.19465842,-30.02423222,-4.025483626,-11.63765986,2.863201072,-7.687713805,-10.05051891,-0.191117056,-6.076975061,1.181689806,-13.1475482,-21.22118588,-18.64025524,-36.81213779,-45.72727517,-32.8823818,-43.27024731,-9.517722404
-52.54868372,-28.83318227,-32.86872946,-6.042378946,-13.49387756,2.724558777,-7.983108301,-6.927184014,3.261234557,-3.594182055,1.055617602,-14.43022652,-22.46918612,-19.91021187,-39.5945078,-49.66046741,-36.46453227,-47.49861867,-12.67815504
-52.21341247,-27.58353865,-32.4693976,-3.930599518,-12.7318176,2.811167148,-7.205452338,-2.537360137,8.464673345,-0.232217725,3.049385279,-12.76011997,-19.92674875,-18.32864629,-39.32412671,-51.03516939,-36.96856993,-49.34866415,-13.75840107
-50.87673773,-25.8660391,-29.46736069,2.224932686,-9.150100408,3.107118211,-5.759921349,2.561252093,13.54275256,3.721239432,6.229216576,-9.167004902,-15.0460866,-14.97663206,-36.89807141,-50.23005315,-34.87121116,-48.66132157,-12.64512004
-49.33218847,-24.61780656,-25.55043826,10.00670651,-4.229172683,3.476459158,-4.395630708,7.088801007,16.88337611,7.856407624,9.067499825,-5.317136022,-10.30362085,-11.91907151,-34.09522035,-48.88075063,-32.15908329,-46.42687109,-10.38286024
-47.68898866,-23.63676465,-22.26832812,16.07258928,-0.200131475,3.736321278,-3.666562666,9.783678334,17.88030677,11.54013436,10.45899277,-2.433858689,-7.628334443,-10.70021918,-32.2892221,-48.63444649,-30.8767547,-44.00836385,-8.404973584
-45.58799959,-22.03124476,-20.21165132,18.07874647,1.244357548,3.734047865,-3.541804309,10.19566219,17.01413789,13.97803523,10.39359136,-0.671026126,-7.294178073,-11.31558242,-31.62369484,-49.9769279,-31.72668586,-42.28892721,-7.651848332
-42.90029401,-19.27743793,-19.04005167,15.84376116,-0.204655255,3.394533076,-3.485170177,8.888150257,15.36078947,14.54933229,9.808415165,0.686614624,-7.983712775,-12.3823071,-31.16773242,-51.90643673,-33.71368759,-41.30402131,-8.181657984
-40.15358282,-15.8882208,-18.13616399,11.13465462,-3.483089724,2.736206899,-2.951505124,6.899918526,13.95631962,13.25303527,9.775176142,2.44797515,-7.892219029,-12.29774292,-29.81466528,-52.60905155,-35.00999585,-40.49805909,-9.428626939
-38.20010224,-13.06632094,-17.21353685,6.46680756,-6.851643731,1.868404513,-1.896646498,4.947115745,13.42720013,10.91445278,10.68073761,4.819713671,-6.021435503,-10.44746953,-27.169293,-50.61061281,-34.30756303,-39.26401297,-10.75897877
-37.35747582,-11.61471073,-16.35374373,3.867690858,-8.755540896,0.970547642,-0.866461703,3.061112352,13.99976136,8.900370053,12.03439689,7.3237384,-2.73900321,-7.559998473,-23.76434021,-45.6145171,-31.62365182,-37.26863645,-11.82756622
-36.78719161,-11.03878802,-15.52686436,4.307564917,-8.374422886,0.239303905,-0.561818783,0.96054992,15.70716468,8.444945829,13.01342938,9.332342331,0.711816267,-5.035235191,-20.53398046,-38.53189431,-28.03268285,-34.34337983,-12.52502037
-34.75101194,-9.649446528,-14.14823604,7.798992302,-5.71648664,-0.1971491,-1.212454281,-1.215543535,18.53674814,10.01664152,13.26414249,10.71998335,3.263665938,-3.876632031,-18.05465342,-30.81129935,-24.66841702,-30.17525103,-12.72532825
-29.69360161,-5.678775369,-11.21374267,13.68596982,-1.412572755,-0.360484905,-2.275356076,-2.544451282,22.40511067,13.16338496,13.28284555,12.05200768,4.772653792,-4.090720806,-16.18650824,-23.62863798,-21.87127212,-24.25400525,-12.20556085
-21.4102016,1.389902801,-6.04373944,20.75628458,3.558667301,-0.436378013,-2.739610016,-1.771450471,27.03754397,16.91810211,14.05163379,14.12812334,5.914954913,-4.94375407,-14.35887497,-17.50182791,-19.15257632,-16.30844804,-10.88224614
-11.4387277,10.25386778,0.913840996,27.28500877,8.106627204,-0.6839091,-1.844270891,1.685592358,31.89481253,20.40920913,16.20473712,17.23806743,7.408600697,-5.731103341,-12.2000484,-12.49761166,-15.92459801,-6.969375128,-9.128458023
-2.362761075,18.39284887,7.919251494,31.38759291,11.25642731,-1.274796277,0.323389104,6.973997376,36.21654294,23.17702178,19.3730383,20.72991277,9.265706229,-6.345944201,-9.965126145,-8.732104248,-12.31610174,1.939096701,-7.779116812
3.512613992,23.40880356,12.68239849,31.80201074,12.4050358,-2.162551059,2.809003747,11.9735687,39.15066466,24.98769437,22.21753374,23.25092136,10.7013435,-7.199294689,-8.432579118,-6.679729746,-9.355938591,7.923393224,-7.669152596
5.243758748,24.20469348,13.59247947,28.6714889,11.53229849,-3.079671869,4.378586911,14.39183882,39.91828135,25.41906142,23.14512806,23.50328785,10.73920589,-8.657544261,-8.394342357,-7.006759775,-8.353313075,9.020161455,-8.984094335
